[2026-08-09T17:43:06.788Z] [INFO] Server is running in production mode on http://localhost:3000
[2026-08-09T17:46:18.064Z] [INFO] Server is running in production mode on http://localhost:3000
[2026-08-09T17:46:25.634Z] [INFO] Server is running in production mode on http://localhost:3000
[2026-08-09T17:46:50.870Z] [INFO] Server is running in production mode on http://localhost:3000
[2026-08-09T18:11:03.608Z] [INFO] Server is running in production mode on http://localhost:3000
[2026-08-09T18:11:40.204Z] [INFO] Server is running in production mode on http://localhost:3000
[2026-08-09T18:11:44.832Z] [INFO] Server is running in production mode on http://localhost:3000
[2026-08-09T18:12:23.974Z] [INFO] Server is running in production mode on http://localhost:3000
[2026-08-09T18:12:23.980Z] [ERROR] Failed to initialize Supabase database: {"error":"getaddrinfo ENOTFOUND db.wbqpardlhvacrssyyerx.supabase.co"}
[2026-08-09T18:12:43.259Z] [INFO] Server is running in production mode on http://localhost:3000
[2026-08-09T18:12:43.266Z] [ERROR] Failed to initialize Supabase database: {"error":"getaddrinfo ENOTFOUND db.wbqpardlhvacrssyyerx.supabase.co"}
[2026-08-09T18:13:33.712Z] [INFO] Server is running in production mode on http://localhost:3000
[2026-08-09T18:13:33.732Z] [ERROR] Failed to initialize Supabase database: {"error":"getaddrinfo ENOTFOUND db.wbqpardlhvacrssyyerx.supabase.co"}
[2026-08-09T18:23:51.912Z] [INFO] Server is running in production mode on http://localhost:3000
[2026-08-09T18:23:51.925Z] [ERROR] Failed to initialize Supabase database: {"error":"getaddrinfo ENOTFOUND db.wbqpardlhvacrssyyerx.supabase.co"}
[2026-08-09T18:24:42.163Z] [INFO] Server is running in production mode on http://localhost:3000
[2026-08-09T18:24:42.184Z] [ERROR] Failed to initialize Supabase database: {"error":"getaddrinfo ENOTFOUND db.wbqpardlhvacrssyyerx.supabase.co"}
[2026-08-09T18:26:19.806Z] [INFO] Server is running in production mode on http://localhost:3000
[2026-08-09T18:26:19.813Z] [ERROR] Failed to initialize Supabase database: {"error":"getaddrinfo ENOTFOUND db.wbqpardlhvacrssyyerx.supabase.co"}
[2026-08-09T18:26:26.672Z] [INFO] Server is running in production mode on http://localhost:3000
[2026-08-09T18:26:26.679Z] [ERROR] Failed to initialize Supabase database: {"error":"getaddrinfo ENOTFOUND db.wbqpardlhvacrssyyerx.supabase.co"}
[2026-08-09T18:26:49.987Z] [INFO] Server is running in production mode on http://localhost:3000
[2026-08-09T18:26:50.009Z] [ERROR] Failed to initialize Supabase database: {"error":"getaddrinfo ENOTFOUND db.wbqpardlhvacrssyyerx.supabase.co"}
[2026-08-09T18:29:21.097Z] [INFO] Server is running in production mode on http://localhost:3000
[2026-08-09T18:29:21.118Z] [ERROR] Failed to initialize Supabase database: {"error":"getaddrinfo ENOTFOUND db.wbqpardlhvacrssyyerx.supabase.co"}
[2026-08-09T18:34:26.394Z] [INFO] Server is running in production mode on http://localhost:3000
[2026-08-09T18:34:26.399Z] [ERROR] Failed to initialize Supabase database: {"error":"getaddrinfo ENOTFOUND db.wbqpardlhvacrssyyerx.supabase.co"}
[2026-08-09T18:35:59.455Z] [INFO] Server is running in production mode on http://localhost:3000
[2026-08-09T18:35:59.460Z] [ERROR] Failed to initialize Supabase database: {"error":"getaddrinfo ENOTFOUND db.wbqpardlhvacrssyyerx.supabase.co"}
[2026-08-09T18:37:24.836Z] [INFO] Performing magic-number verification for: DOC-20260730-WA0000. (1).PDF
[2026-08-09T18:37:24.873Z] [INFO] Magic-number check passed for DOC-20260730-WA0000. (1).PDF. Detected: pdf
[2026-08-09T18:37:24.907Z] [INFO] Starting text extraction for type: pdf
[2026-08-09T18:37:25.519Z] [INFO] Cleaned up temporary file: C:\MY JAVA PROGRAM\PDF\uploads\documents-1786300644804-30254903.PDF
[2026-08-09T18:37:25.682Z] [ERROR] Failed to save record to Supabase for DOC-20260730-WA0000. (1).PDF: getaddrinfo ENOTFOUND db.wbqpardlhvacrssyyerx.supabase.co
[2026-08-09T18:37:47.756Z] [INFO] Performing magic-number verification for: Resume Dipali Chaudhari.docx
[2026-08-09T18:37:47.764Z] [INFO] Magic-number check passed for Resume Dipali Chaudhari.docx. Detected: docx
[2026-08-09T18:37:47.765Z] [INFO] Starting text extraction for type: docx
[2026-08-09T18:37:48.022Z] [INFO] Cleaned up temporary file: C:\MY JAVA PROGRAM\PDF\uploads\documents-1786300667600-552523173.docx
[2026-08-09T18:37:48.061Z] [ERROR] Failed to save record to Supabase for Resume Dipali Chaudhari.docx: getaddrinfo ENOTFOUND db.wbqpardlhvacrssyyerx.supabase.co
[2026-08-09T18:37:48.073Z] [INFO] Performing magic-number verification for: Resume Dipali Chaudhari.pdf
[2026-08-09T18:37:48.089Z] [INFO] Magic-number check passed for Resume Dipali Chaudhari.pdf. Detected: pdf
[2026-08-09T18:37:48.100Z] [INFO] Starting text extraction for type: pdf
[2026-08-09T18:37:48.393Z] [INFO] Cleaned up temporary file: C:\MY JAVA PROGRAM\PDF\uploads\documents-1786300667705-426678646.pdf
[2026-08-09T18:37:48.401Z] [ERROR] Failed to save record to Supabase for Resume Dipali Chaudhari.pdf: getaddrinfo ENOTFOUND db.wbqpardlhvacrssyyerx.supabase.co
[2026-08-09T18:39:22.341Z] [INFO] Server is running in production mode on http://localhost:3000
[2026-08-09T18:39:22.346Z] [ERROR] Failed to initialize Supabase database: {"error":"getaddrinfo ENOTFOUND db.wbqpardlhvacrssyyerx.supabase.co"}
[2026-08-09T18:39:45.454Z] [INFO] Server is running in production mode on http://localhost:3000
[2026-08-09T18:39:45.481Z] [ERROR] Failed to initialize Supabase database: {"error":"getaddrinfo ENOTFOUND db.wbqpardlhvacrssyyerx.supabase.co"}
[2026-08-09T18:41:18.811Z] [INFO] Server is running in production mode on http://localhost:3000
[2026-08-09T18:41:19.691Z] [INFO] Successfully connected to Supabase PostgreSQL database.
[2026-08-09T18:41:19.874Z] [INFO] Database extractions table initialized.
[2026-08-09T18:41:36.593Z] [INFO] Performing magic-number verification for: DOC-20260730-WA0000. (1).PDF
[2026-08-09T18:41:36.636Z] [INFO] Magic-number check passed for DOC-20260730-WA0000. (1).PDF. Detected: pdf
[2026-08-09T18:41:36.649Z] [INFO] Starting text extraction for type: pdf
[2026-08-09T18:41:37.013Z] [INFO] Cleaned up temporary file: C:\MY JAVA PROGRAM\PDF\uploads\documents-1786300896561-514871862.PDF
[2026-08-09T18:41:38.023Z] [INFO] Saved extraction record to Supabase with ID 1 for: DOC-20260730-WA0000. (1).PDF
[2026-08-09T18:41:40.873Z] [INFO] Sending payload to webhook: https://sakshi890.app.n8n.cloud/webhook-test/e601a6d1-9dbf-4b9d-b2bb-69c6dec0bd45 (Attempt 1/3)
[2026-08-09T18:41:41.825Z] [INFO] Webhook successfully delivered on attempt 1. Status: 200
[2026-08-09T18:42:58.156Z] [INFO] Performing magic-number verification for: DOC-20260730-WA0000. (1).PDF
[2026-08-09T18:42:58.170Z] [INFO] Magic-number check passed for DOC-20260730-WA0000. (1).PDF. Detected: pdf
[2026-08-09T18:42:58.172Z] [INFO] Starting text extraction for type: pdf
[2026-08-09T18:42:58.307Z] [INFO] Cleaned up temporary file: C:\MY JAVA PROGRAM\PDF\uploads\documents-1786300977881-135512843.PDF
[2026-08-09T18:42:59.875Z] [INFO] Saved extraction record to Supabase with ID 2 for: DOC-20260730-WA0000. (1).PDF
[2026-08-09T18:42:59.875Z] [INFO] Performing magic-number verification for: Dipali_Chaudhari Resume.pdf
[2026-08-09T18:42:59.878Z] [INFO] Starting text extraction for type: pdf
[2026-08-09T18:43:00.041Z] [INFO] Cleaned up temporary file: C:\MY JAVA PROGRAM\PDF\uploads\documents-1786300977896-597863343.pdf
[2026-08-09T18:42:59.877Z] [INFO] Magic-number check passed for Dipali_Chaudhari Resume.pdf. Detected: pdf
[2026-08-09T18:43:00.253Z] [INFO] Saved extraction record to Supabase with ID 3 for: Dipali_Chaudhari Resume.pdf
[2026-08-09T18:43:00.254Z] [INFO] Performing magic-number verification for: Dipali_Chaudhari_Resume (2).docx
[2026-08-09T18:43:00.255Z] [INFO] Starting text extraction for type: docx
[2026-08-09T18:43:00.255Z] [INFO] Magic-number check passed for Dipali_Chaudhari_Resume (2).docx. Detected: docx
[2026-08-09T18:43:00.464Z] [INFO] Cleaned up temporary file: C:\MY JAVA PROGRAM\PDF\uploads\documents-1786300977923-34545982.docx
[2026-08-09T18:43:00.636Z] [INFO] Saved extraction record to Supabase with ID 4 for: Dipali_Chaudhari_Resume (2).docx
[2026-08-09T18:43:00.637Z] [INFO] Performing magic-number verification for: PWC Resume.docx
[2026-08-09T18:43:00.639Z] [INFO] Magic-number check passed for PWC Resume.docx. Detected: docx
[2026-08-09T18:43:00.640Z] [INFO] Starting text extraction for type: docx
[2026-08-09T18:43:00.769Z] [INFO] Cleaned up temporary file: C:\MY JAVA PROGRAM\PDF\uploads\documents-1786300977930-546669734.docx
[2026-08-09T18:43:00.903Z] [INFO] Saved extraction record to Supabase with ID 5 for: PWC Resume.docx
[2026-08-09T18:43:12.300Z] [INFO] Server is running in production mode on http://localhost:3000
[2026-08-09T18:43:13.136Z] [INFO] Successfully connected to Supabase PostgreSQL database.
[2026-08-09T18:43:13.269Z] [INFO] Database extractions table initialized.
[2026-08-09T18:43:25.854Z] [INFO] Sending payload to webhook: https://sakshi890.app.n8n.cloud/webhook-test/e601a6d1-9dbf-4b9d-b2bb-69c6dec0bd45 (Attempt 1/3)
[2026-08-09T18:43:26.793Z] [INFO] Webhook successfully delivered on attempt 1. Status: 200
[2026-08-09T18:43:27.252Z] [INFO] Sending payload to webhook: https://sakshi890.app.n8n.cloud/webhook-test/e601a6d1-9dbf-4b9d-b2bb-69c6dec0bd45 (Attempt 1/3)
[2026-08-09T18:43:27.424Z] [ERROR] Webhook delivery failed on attempt 1: Request failed with status code 404
[2026-08-09T18:43:27.424Z] [INFO] Retrying in 1000ms...
[2026-08-09T18:43:28.431Z] [INFO] Sending payload to webhook: https://sakshi890.app.n8n.cloud/webhook-test/e601a6d1-9dbf-4b9d-b2bb-69c6dec0bd45 (Attempt 2/3)
[2026-08-09T18:43:28.660Z] [ERROR] Webhook delivery failed on attempt 2: Request failed with status code 404
[2026-08-09T18:43:28.661Z] [INFO] Retrying in 2000ms...
[2026-08-09T18:43:30.662Z] [INFO] Sending payload to webhook: https://sakshi890.app.n8n.cloud/webhook-test/e601a6d1-9dbf-4b9d-b2bb-69c6dec0bd45 (Attempt 3/3)
[2026-08-09T18:43:30.810Z] [ERROR] Webhook delivery failed on attempt 3: Request failed with status code 404
[2026-08-09T18:43:30.810Z] [ERROR] All webhook delivery attempts failed.
[2026-08-09T18:43:31.074Z] [INFO] Sending payload to webhook: https://sakshi890.app.n8n.cloud/webhook-test/e601a6d1-9dbf-4b9d-b2bb-69c6dec0bd45 (Attempt 1/3)
[2026-08-09T18:43:31.224Z] [ERROR] Webhook delivery failed on attempt 1: Request failed with status code 404
[2026-08-09T18:43:31.224Z] [INFO] Retrying in 1000ms...
[2026-08-09T18:43:32.236Z] [INFO] Sending payload to webhook: https://sakshi890.app.n8n.cloud/webhook-test/e601a6d1-9dbf-4b9d-b2bb-69c6dec0bd45 (Attempt 2/3)
[2026-08-09T18:43:32.386Z] [ERROR] Webhook delivery failed on attempt 2: Request failed with status code 404
[2026-08-09T18:43:32.392Z] [INFO] Retrying in 2000ms...
[2026-08-09T18:43:34.397Z] [INFO] Sending payload to webhook: https://sakshi890.app.n8n.cloud/webhook-test/e601a6d1-9dbf-4b9d-b2bb-69c6dec0bd45 (Attempt 3/3)
[2026-08-09T18:43:34.542Z] [ERROR] All webhook delivery attempts failed.
[2026-08-09T18:43:34.542Z] [ERROR] Webhook delivery failed on attempt 3: Request failed with status code 404
[2026-08-09T18:43:34.806Z] [INFO] Sending payload to webhook: https://sakshi890.app.n8n.cloud/webhook-test/e601a6d1-9dbf-4b9d-b2bb-69c6dec0bd45 (Attempt 1/3)
[2026-08-09T18:43:34.955Z] [ERROR] Webhook delivery failed on attempt 1: Request failed with status code 404
[2026-08-09T18:43:34.956Z] [INFO] Retrying in 1000ms...
[2026-08-09T18:43:35.972Z] [INFO] Sending payload to webhook: https://sakshi890.app.n8n.cloud/webhook-test/e601a6d1-9dbf-4b9d-b2bb-69c6dec0bd45 (Attempt 2/3)
[2026-08-09T18:43:36.150Z] [ERROR] Webhook delivery failed on attempt 2: Request failed with status code 404
[2026-08-09T18:43:36.151Z] [INFO] Retrying in 2000ms...
[2026-08-09T18:43:38.162Z] [INFO] Sending payload to webhook: https://sakshi890.app.n8n.cloud/webhook-test/e601a6d1-9dbf-4b9d-b2bb-69c6dec0bd45 (Attempt 3/3)
[2026-08-09T18:43:38.318Z] [ERROR] Webhook delivery failed on attempt 3: Request failed with status code 404
[2026-08-09T18:43:38.319Z] [ERROR] All webhook delivery attempts failed.
[2026-08-09T18:48:12.469Z] [INFO] Server is running in production mode on http://localhost:3000
[2026-08-09T18:48:13.331Z] [INFO] Successfully connected to Supabase PostgreSQL database.
[2026-08-09T18:48:13.498Z] [INFO] Database extractions table initialized.
[2026-08-09T18:48:42.574Z] [INFO] Sending 4 document(s) to webhook as a single payload...
[2026-08-09T18:48:42.575Z] [INFO] Sending payload to webhook: https://sakshi890.app.n8n.cloud/webhook-test/e601a6d1-9dbf-4b9d-b2bb-69c6dec0bd45 (Attempt 1/3)
[2026-08-09T18:48:43.412Z] [INFO] Webhook successfully delivered on attempt 1. Status: 200
[2026-08-09T19:24:49.399Z] [INFO] Sending 4 document(s) to webhook as a single payload...
[2026-08-09T19:24:49.407Z] [INFO] Sending payload to webhook: https://sakshi890.app.n8n.cloud/webhook-test/e601a6d1-9dbf-4b9d-b2bb-69c6dec0bd45 (Attempt 1/3)
[2026-08-09T19:24:50.286Z] [INFO] Webhook successfully delivered on attempt 1. Status: 200
[2026-08-09T19:52:16.558Z] [INFO] Performing magic-number verification for: Dipali_Chaudhari_Resume (4).pdf
[2026-08-09T19:52:16.585Z] [INFO] Magic-number check passed for Dipali_Chaudhari_Resume (4).pdf. Detected: pdf
[2026-08-09T19:52:16.600Z] [INFO] Starting text extraction for type: pdf
[2026-08-09T19:52:17.601Z] [INFO] Extraction complete: 2994 characters, 1 pages
[2026-08-09T19:52:17.607Z] [INFO] Cleaned up temporary file: C:\MY JAVA PROGRAM\PDF\uploads\documents-1786305136526-928172973.pdf
[2026-08-09T19:52:18.661Z] [INFO] Saved extraction record to Supabase with ID 6 for: Dipali_Chaudhari_Resume (4).pdf
[2026-08-09T19:52:22.518Z] [INFO] Sending 1 document(s) to webhook as a single payload...
[2026-08-09T19:52:22.518Z] [INFO] Sending payload to webhook: https://sakshi890.app.n8n.cloud/webhook-test/e601a6d1-9dbf-4b9d-b2bb-69c6dec0bd45 (Attempt 1/3)
[2026-08-09T19:52:23.212Z] [INFO] Webhook successfully delivered on attempt 1. Status: 200
[2026-08-10T03:18:29.518Z] [INFO] Sending 1 document(s) to webhook as a single payload...
[2026-08-10T03:18:29.521Z] [INFO] Sending payload to webhook: https://sakshi890.app.n8n.cloud/webhook-test/e601a6d1-9dbf-4b9d-b2bb-69c6dec0bd45 (Attempt 1/3)
[2026-08-10T03:18:30.480Z] [INFO] Webhook successfully delivered on attempt 1. Status: 200
[2026-08-10T19:48:23.395Z] [INFO] Performing magic-number verification for: Dipali_Chaudhari_Resume (4).pdf
[2026-08-10T19:48:23.561Z] [INFO] Extraction complete: 2994 characters, 1 pages
[2026-08-10T19:48:23.563Z] [INFO] Cleaned up temporary file: C:\MY JAVA PROGRAM\PDF\uploads\documents-1786391303280-915769160.pdf
[2026-08-10T19:48:23.407Z] [INFO] Magic-number check passed for Dipali_Chaudhari_Resume (4).pdf. Detected: pdf
[2026-08-10T19:48:23.407Z] [INFO] Starting text extraction for type: pdf
[2026-08-10T19:48:24.709Z] [INFO] Saved extraction record to Supabase with ID 7 for: Dipali_Chaudhari_Resume (4).pdf
[2026-08-10T19:48:24.710Z] [INFO] Performing magic-number verification for: Pratik_Nagtilak_AI_Engineer_Resume-3.pdf
[2026-08-10T19:48:24.713Z] [INFO] Magic-number check passed for Pratik_Nagtilak_AI_Engineer_Resume-3.pdf. Detected: pdf
[2026-08-10T19:48:24.725Z] [INFO] Starting text extraction for type: pdf
[2026-08-10T19:48:24.859Z] [INFO] Extraction complete: 2958 characters, 2 pages
[2026-08-10T19:48:24.861Z] [INFO] Cleaned up temporary file: C:\MY JAVA PROGRAM\PDF\uploads\documents-1786391303372-192760970.pdf
[2026-08-10T19:48:24.990Z] [INFO] Saved extraction record to Supabase with ID 8 for: Pratik_Nagtilak_AI_Engineer_Resume-3.pdf
[2026-08-10T19:48:24.991Z] [INFO] Performing magic-number verification for: Pooja_Khot_1Y_Resume.pdf
[2026-08-10T19:48:24.992Z] [INFO] Magic-number check passed for Pooja_Khot_1Y_Resume.pdf. Detected: pdf
[2026-08-10T19:48:24.994Z] [INFO] Starting text extraction for type: pdf
[2026-08-10T19:48:25.092Z] [INFO] Extraction complete: 4273 characters, 1 pages
[2026-08-10T19:48:25.095Z] [INFO] Cleaned up temporary file: C:\MY JAVA PROGRAM\PDF\uploads\documents-1786391303375-706615500.pdf
[2026-08-10T19:48:25.224Z] [INFO] Saved extraction record to Supabase with ID 9 for: Pooja_Khot_1Y_Resume.pdf
[2026-08-10T19:48:25.227Z] [INFO] Magic-number check passed for Dipali_Chaudhari_Resume (2).docx. Detected: docx
[2026-08-10T19:48:25.225Z] [INFO] Performing magic-number verification for: Dipali_Chaudhari_Resume (2).docx
[2026-08-10T19:48:25.227Z] [INFO] Starting text extraction for type: docx
[2026-08-10T19:48:25.508Z] [WARN] Mammoth warning: Unrecognised paragraph style: 'Title' (Style ID: Title)
[2026-08-10T19:48:25.509Z] [WARN] Mammoth warning: Unrecognised paragraph style: 'List Paragraph' (Style ID: ListParagraph)
[2026-08-10T19:48:25.508Z] [WARN] Mammoth warning: Unrecognised paragraph style: 'Body Text' (Style ID: BodyText)
[2026-08-10T19:48:25.587Z] [INFO] Extraction complete: 3301 characters, 2 pages
[2026-08-10T19:48:25.591Z] [INFO] Cleaned up temporary file: C:\MY JAVA PROGRAM\PDF\uploads\documents-1786391303380-916184596.docx
[2026-08-10T19:48:25.721Z] [INFO] Saved extraction record to Supabase with ID 10 for: Dipali_Chaudhari_Resume (2).docx
[2026-08-10T19:48:49.950Z] [INFO] Sending 4 document(s) to webhook as a single payload...
[2026-08-10T19:48:49.954Z] [INFO] Sending payload to webhook: https://sakshi890.app.n8n.cloud/webhook-test/e601a6d1-9dbf-4b9d-b2bb-69c6dec0bd45 (Attempt 1/3)
[2026-08-10T19:48:50.872Z] [INFO] Webhook successfully delivered on attempt 1. Status: 200
[2026-08-10T19:50:18.019Z] [INFO] Performing magic-number verification for: Pratik_Nagtilak_AI_Engineer_Resume-3.pdf
[2026-08-10T19:50:18.026Z] [INFO] Magic-number check passed for Pratik_Nagtilak_AI_Engineer_Resume-3.pdf. Detected: pdf
[2026-08-10T19:50:18.027Z] [INFO] Starting text extraction for type: pdf
[2026-08-10T19:50:18.143Z] [INFO] Extraction complete: 2958 characters, 2 pages
[2026-08-10T19:50:18.144Z] [INFO] Cleaned up temporary file: C:\MY JAVA PROGRAM\PDF\uploads\documents-1786391417854-772082878.pdf
[2026-08-10T19:50:19.148Z] [INFO] Saved extraction record to Supabase with ID 11 for: Pratik_Nagtilak_AI_Engineer_Resume-3.pdf
[2026-08-10T19:50:19.149Z] [INFO] Performing magic-number verification for: Pooja_Khot_1Y_Resume.pdf
[2026-08-10T19:50:19.150Z] [INFO] Magic-number check passed for Pooja_Khot_1Y_Resume.pdf. Detected: pdf
[2026-08-10T19:50:19.151Z] [INFO] Starting text extraction for type: pdf
[2026-08-10T19:50:19.237Z] [INFO] Extraction complete: 4273 characters, 1 pages
[2026-08-10T19:50:19.240Z] [INFO] Cleaned up temporary file: C:\MY JAVA PROGRAM\PDF\uploads\documents-1786391417999-94849851.pdf
[2026-08-10T19:50:19.377Z] [INFO] Saved extraction record to Supabase with ID 12 for: Pooja_Khot_1Y_Resume.pdf
[2026-08-10T19:50:19.377Z] [INFO] Performing magic-number verification for: Dipali_Chaudhari_Resume (2).docx
[2026-08-10T19:50:19.380Z] [INFO] Magic-number check passed for Dipali_Chaudhari_Resume (2).docx. Detected: docx
[2026-08-10T19:50:19.384Z] [INFO] Starting text extraction for type: docx
[2026-08-10T19:50:19.508Z] [WARN] Mammoth warning: Unrecognised paragraph style: 'Title' (Style ID: Title)
[2026-08-10T19:50:19.508Z] [WARN] Mammoth warning: Unrecognised paragraph style: 'Body Text' (Style ID: BodyText)
[2026-08-10T19:50:19.508Z] [WARN] Mammoth warning: Unrecognised paragraph style: 'List Paragraph' (Style ID: ListParagraph)
[2026-08-10T19:50:19.576Z] [INFO] Extraction complete: 3301 characters, 2 pages
[2026-08-10T19:50:19.577Z] [INFO] Cleaned up temporary file: C:\MY JAVA PROGRAM\PDF\uploads\documents-1786391418002-373375357.docx
[2026-08-10T19:50:19.724Z] [INFO] Saved extraction record to Supabase with ID 13 for: Dipali_Chaudhari_Resume (2).docx
[2026-08-10T19:50:22.148Z] [INFO] Sending 3 document(s) to webhook as a single payload...
[2026-08-10T19:50:22.150Z] [INFO] Sending payload to webhook: https://sakshi890.app.n8n.cloud/webhook-test/e601a6d1-9dbf-4b9d-b2bb-69c6dec0bd45 (Attempt 1/3)
[2026-08-10T19:50:22.589Z] [INFO] Webhook successfully delivered on attempt 1. Status: 200
[2026-08-11T03:31:22.881Z] [INFO] Performing magic-number verification for: Bhushan mahale (2).pdf
[2026-08-11T03:31:22.911Z] [INFO] Magic-number check passed for Bhushan mahale (2).pdf. Detected: pdf
[2026-08-11T03:31:22.917Z] [INFO] Starting text extraction for type: pdf
[2026-08-11T03:31:23.486Z] [INFO] Extraction complete: 2244 characters, 2 pages
[2026-08-11T03:31:23.494Z] [INFO] Cleaned up temporary file: C:\MY JAVA PROGRAM\PDF\uploads\documents-1786419082834-344284549.pdf
[2026-08-11T03:31:24.724Z] [INFO] Saved extraction record to Supabase with ID 14 for: Bhushan mahale (2).pdf
[2026-08-11T03:31:26.842Z] [INFO] Sending 1 document(s) to webhook as a single payload...
[2026-08-11T03:31:26.843Z] [INFO] Sending payload to webhook: https://sakshi890.app.n8n.cloud/webhook-test/e601a6d1-9dbf-4b9d-b2bb-69c6dec0bd45 (Attempt 1/3)
[2026-08-11T03:31:27.772Z] [INFO] Webhook successfully delivered on attempt 1. Status: 200
[2026-08-11T03:43:54.014Z] [INFO] Performing magic-number verification for: Bhushan mahale (2).pdf
[2026-08-11T03:43:54.048Z] [INFO] Magic-number check passed for Bhushan mahale (2).pdf. Detected: pdf
[2026-08-11T03:43:54.062Z] [INFO] Starting text extraction for type: pdf
[2026-08-11T03:43:54.466Z] [INFO] Extraction complete: 2244 characters, 2 pages
[2026-08-11T03:43:54.467Z] [INFO] Cleaned up temporary file: C:\MY JAVA PROGRAM\PDF\uploads\documents-1786419833676-218069814.pdf
[2026-08-11T03:43:55.449Z] [INFO] Saved extraction record to Supabase with ID 15 for: Bhushan mahale (2).pdf
[2026-08-11T03:43:55.450Z] [INFO] Performing magic-number verification for: Michael Brown.pdf
[2026-08-11T03:43:55.451Z] [INFO] Magic-number check passed for Michael Brown.pdf. Detected: pdf
[2026-08-11T03:43:55.451Z] [INFO] Starting text extraction for type: pdf
[2026-08-11T03:43:55.533Z] [INFO] Extraction complete: 1244 characters, 1 pages
[2026-08-11T03:43:55.537Z] [INFO] Cleaned up temporary file: C:\MY JAVA PROGRAM\PDF\uploads\documents-1786419833688-237408438.pdf
[2026-08-11T03:43:55.668Z] [INFO] Saved extraction record to Supabase with ID 16 for: Michael Brown.pdf
[2026-08-11T03:43:55.668Z] [INFO] Performing magic-number verification for: Emily Johnson.pdf
[2026-08-11T03:43:55.669Z] [INFO] Magic-number check passed for Emily Johnson.pdf. Detected: pdf
[2026-08-11T03:43:55.705Z] [INFO] Extraction complete: 919 characters, 1 pages
[2026-08-11T03:43:55.669Z] [INFO] Starting text extraction for type: pdf
[2026-08-11T03:43:55.727Z] [INFO] Cleaned up temporary file: C:\MY JAVA PROGRAM\PDF\uploads\documents-1786419833692-771142221.pdf
[2026-08-11T03:43:55.882Z] [INFO] Saved extraction record to Supabase with ID 17 for: Emily Johnson.pdf
[2026-08-11T03:43:55.882Z] [INFO] Performing magic-number verification for: John Smith.pdf
[2026-08-11T03:43:55.887Z] [INFO] Starting text extraction for type: pdf
[2026-08-11T03:43:55.907Z] [INFO] Extraction complete: 884 characters, 1 pages
[2026-08-11T03:43:55.909Z] [INFO] Cleaned up temporary file: C:\MY JAVA PROGRAM\PDF\uploads\documents-1786419834006-297017063.pdf
[2026-08-11T03:43:55.884Z] [INFO] Magic-number check passed for John Smith.pdf. Detected: pdf
[2026-08-11T03:43:56.044Z] [INFO] Saved extraction record to Supabase with ID 18 for: John Smith.pdf
[2026-08-11T03:44:13.737Z] [INFO] Performing magic-number verification for: Michael Brown.pdf
[2026-08-11T03:44:13.754Z] [INFO] Magic-number check passed for Michael Brown.pdf. Detected: pdf
[2026-08-11T03:44:13.767Z] [INFO] Starting text extraction for type: pdf
[2026-08-11T03:44:13.874Z] [INFO] Extraction complete: 1244 characters, 1 pages
[2026-08-11T03:44:13.880Z] [INFO] Cleaned up temporary file: C:\MY JAVA PROGRAM\PDF\uploads\documents-1786419853716-994743284.pdf
[2026-08-11T03:44:14.917Z] [INFO] Saved extraction record to Supabase with ID 19 for: Michael Brown.pdf
[2026-08-11T03:44:14.920Z] [INFO] Magic-number check passed for Emily Johnson.pdf. Detected: pdf
[2026-08-11T03:44:14.924Z] [INFO] Starting text extraction for type: pdf
[2026-08-11T03:44:14.918Z] [INFO] Performing magic-number verification for: Emily Johnson.pdf
[2026-08-11T03:44:14.970Z] [INFO] Extraction complete: 919 characters, 1 pages
[2026-08-11T03:44:14.973Z] [INFO] Cleaned up temporary file: C:\MY JAVA PROGRAM\PDF\uploads\documents-1786419853719-654754052.pdf
[2026-08-11T03:44:15.108Z] [INFO] Saved extraction record to Supabase with ID 20 for: Emily Johnson.pdf
[2026-08-11T03:44:15.108Z] [INFO] Performing magic-number verification for: John Smith.pdf
[2026-08-11T03:44:15.109Z] [INFO] Magic-number check passed for John Smith.pdf. Detected: pdf
[2026-08-11T03:44:15.110Z] [INFO] Starting text extraction for type: pdf
[2026-08-11T03:44:15.140Z] [INFO] Extraction complete: 884 characters, 1 pages
[2026-08-11T03:44:15.144Z] [INFO] Cleaned up temporary file: C:\MY JAVA PROGRAM\PDF\uploads\documents-1786419853725-86471475.pdf
[2026-08-11T03:44:15.280Z] [INFO] Saved extraction record to Supabase with ID 21 for: John Smith.pdf
[2026-08-11T03:44:20.433Z] [INFO] Sending 3 document(s) to webhook as a single payload...
[2026-08-11T03:44:20.435Z] [INFO] Sending payload to webhook: https://sakshi890.app.n8n.cloud/webhook-test/e601a6d1-9dbf-4b9d-b2bb-69c6dec0bd45 (Attempt 1/3)
[2026-08-11T03:44:20.769Z] [INFO] Webhook successfully delivered on attempt 1. Status: 200
[2026-08-11T03:44:56.602Z] [INFO] Sending 3 document(s) to webhook as a single payload...
[2026-08-11T03:44:56.606Z] [INFO] Sending payload to webhook: https://sakshi890.app.n8n.cloud/webhook-test/e601a6d1-9dbf-4b9d-b2bb-69c6dec0bd45 (Attempt 1/3)
[2026-08-11T03:44:56.897Z] [INFO] Webhook successfully delivered on attempt 1. Status: 200
[2026-08-11T04:16:11.513Z] [INFO] Server is running in production mode on http://localhost:3000
[2026-08-11T04:16:12.860Z] [INFO] Server is running in production mode on http://localhost:3000
[2026-08-11T04:16:13.732Z] [INFO] Successfully connected to Supabase PostgreSQL database.
[2026-08-11T04:16:14.019Z] [INFO] Database extractions table initialized.
[2026-08-11T04:16:24.466Z] [INFO] Server is running in production mode on http://localhost:3000
[2026-08-11T04:16:25.941Z] [INFO] Successfully connected to Supabase PostgreSQL database.
[2026-08-11T04:16:26.252Z] [INFO] Database extractions table initialized.
[2026-08-11T04:17:16.473Z] [INFO] Performing magic-number verification for: Michael Brown.pdf
[2026-08-11T04:17:16.480Z] [INFO] Magic-number check passed for Michael Brown.pdf. Detected: pdf
[2026-08-11T04:17:16.487Z] [INFO] Starting text extraction for type: pdf
[2026-08-11T04:17:17.282Z] [INFO] Extraction complete: 1244 characters, 1 pages
[2026-08-11T04:17:17.283Z] [INFO] Cleaned up temporary file: C:\MY JAVA PROGRAM\PDF\uploads\documents-1786421835133-366663062.pdf
[2026-08-11T04:17:17.455Z] [INFO] Saved extraction record to Supabase with ID 22 (candidate_id: C1001) for: Michael Brown.pdf
[2026-08-11T04:17:20.173Z] [INFO] Sending 1 document(s) to webhook as a single payload...
[2026-08-11T04:17:20.174Z] [INFO] Sending payload to webhook: https://sakshi890.app.n8n.cloud/webhook-test/e601a6d1-9dbf-4b9d-b2bb-69c6dec0bd45 (Attempt 1/3)
[2026-08-11T04:17:21.159Z] [ERROR] Webhook delivery failed on attempt 1: Request failed with status code 404
[2026-08-11T04:17:21.160Z] [INFO] Retrying in 1000ms...
[2026-08-11T04:17:22.164Z] [INFO] Sending payload to webhook: https://sakshi890.app.n8n.cloud/webhook-test/e601a6d1-9dbf-4b9d-b2bb-69c6dec0bd45 (Attempt 2/3)
[2026-08-11T04:17:22.341Z] [ERROR] Webhook delivery failed on attempt 2: Request failed with status code 404
[2026-08-11T04:17:22.342Z] [INFO] Retrying in 2000ms...
[2026-08-11T04:17:24.350Z] [INFO] Sending payload to webhook: https://sakshi890.app.n8n.cloud/webhook-test/e601a6d1-9dbf-4b9d-b2bb-69c6dec0bd45 (Attempt 3/3)
[2026-08-11T04:17:24.613Z] [INFO] Webhook successfully delivered on attempt 3. Status: 200
[2026-08-11T04:24:01.266Z] [INFO] Performing magic-number verification for: Michael Brown.pdf
[2026-08-11T04:24:01.267Z] [INFO] Magic-number check passed for Michael Brown.pdf. Detected: pdf
[2026-08-11T04:24:01.354Z] [INFO] Cleaned up temporary file: C:\MY JAVA PROGRAM\PDF\uploads\documents-1786422240035-761854474.pdf
[2026-08-11T04:24:01.270Z] [INFO] Starting text extraction for type: pdf
[2026-08-11T04:24:01.353Z] [INFO] Extraction complete: 1244 characters, 1 pages
[2026-08-11T04:24:01.501Z] [INFO] Saved extraction record to Supabase with ID 23 (candidate_id: C1002) for: Michael Brown.pdf
[2026-08-11T04:24:13.332Z] [INFO] Sending 1 document(s) to webhook as a single payload...
[2026-08-11T04:24:13.334Z] [INFO] Sending payload to webhook: https://sakshi890.app.n8n.cloud/webhook-test/e601a6d1-9dbf-4b9d-b2bb-69c6dec0bd45 (Attempt 1/3)
[2026-08-11T04:24:14.254Z] [INFO] Webhook successfully delivered on attempt 1. Status: 200
[2026-08-11T05:19:06.211Z] [INFO] Performing magic-number verification for: Michael Brown.pdf
[2026-08-11T05:19:06.215Z] [INFO] Magic-number check passed for Michael Brown.pdf. Detected: pdf
[2026-08-11T05:19:06.306Z] [INFO] Extraction complete: 1244 characters, 1 pages
[2026-08-11T05:19:06.219Z] [INFO] Starting text extraction for type: pdf
[2026-08-11T05:19:06.308Z] [INFO] Cleaned up temporary file: C:\MY JAVA PROGRAM\PDF\uploads\documents-1786425545078-486056791.pdf
[2026-08-11T05:19:06.448Z] [INFO] Saved extraction record to Supabase with ID 24 (candidate_id: C1003) for: Michael Brown.pdf
[2026-08-11T05:19:06.449Z] [INFO] Performing magic-number verification for: Pooja_Khot_1Y_Resume.pdf
[2026-08-11T05:19:06.450Z] [INFO] Magic-number check passed for Pooja_Khot_1Y_Resume.pdf. Detected: pdf
[2026-08-11T05:19:06.450Z] [INFO] Starting text extraction for type: pdf
[2026-08-11T05:19:06.565Z] [INFO] Extraction complete: 4273 characters, 1 pages
[2026-08-11T05:19:06.567Z] [INFO] Cleaned up temporary file: C:\MY JAVA PROGRAM\PDF\uploads\documents-1786425545081-163620900.pdf
[2026-08-11T05:19:06.721Z] [INFO] Saved extraction record to Supabase with ID 25 (candidate_id: C1004) for: Pooja_Khot_1Y_Resume.pdf
[2026-08-11T05:19:13.549Z] [INFO] Performing magic-number verification for: Pooja_Khot_1Y_Resume.pdf
[2026-08-11T05:19:13.555Z] [INFO] Magic-number check passed for Pooja_Khot_1Y_Resume.pdf. Detected: pdf
[2026-08-11T05:19:13.557Z] [INFO] Starting text extraction for type: pdf
[2026-08-11T05:19:13.654Z] [INFO] Extraction complete: 4273 characters, 1 pages
[2026-08-11T05:19:13.657Z] [INFO] Cleaned up temporary file: C:\MY JAVA PROGRAM\PDF\uploads\documents-1786425553410-480915330.pdf
[2026-08-11T05:19:13.792Z] [INFO] Saved extraction record to Supabase with ID 26 (candidate_id: C1005) for: Pooja_Khot_1Y_Resume.pdf
[2026-08-11T05:19:28.371Z] [INFO] Sending 1 document(s) to webhook as a single payload...
[2026-08-11T05:19:28.373Z] [INFO] Sending payload to webhook: https://sakshi890.app.n8n.cloud/webhook-test/e601a6d1-9dbf-4b9d-b2bb-69c6dec0bd45 (Attempt 1/3)
[2026-08-11T05:19:29.606Z] [INFO] Webhook successfully delivered on attempt 1. Status: 200
[2026-08-11T14:32:23.970Z] [INFO] Magic-number check passed for Emily Johnson.pdf. Detected: pdf
[2026-08-11T14:32:23.970Z] [INFO] Performing magic-number verification for: Emily Johnson.pdf
[2026-08-11T14:32:23.971Z] [INFO] Starting text extraction for type: pdf
[2026-08-11T14:32:23.995Z] [INFO] Extraction complete: 919 characters, 1 pages
[2026-08-11T14:32:24.000Z] [INFO] Cleaned up temporary file: C:\MY JAVA PROGRAM\PDF\uploads\documents-1786458742725-199510262.pdf
[2026-08-11T14:32:24.141Z] [INFO] Saved extraction record to Supabase with ID 27 (candidate_id: C1006) for: Emily Johnson.pdf
[2026-08-11T14:32:24.141Z] [INFO] Performing magic-number verification for: John Smith.pdf
[2026-08-11T14:32:24.143Z] [INFO] Starting text extraction for type: pdf
[2026-08-11T14:32:24.142Z] [INFO] Magic-number check passed for John Smith.pdf. Detected: pdf
[2026-08-11T14:32:24.158Z] [INFO] Extraction complete: 884 characters, 1 pages
[2026-08-11T14:32:24.159Z] [INFO] Cleaned up temporary file: C:\MY JAVA PROGRAM\PDF\uploads\documents-1786458742753-355919966.pdf
[2026-08-11T14:32:24.298Z] [INFO] Saved extraction record to Supabase with ID 28 (candidate_id: C1007) for: John Smith.pdf
[2026-08-11T14:32:24.298Z] [INFO] Performing magic-number verification for: Dipali_Resume.docx
[2026-08-11T14:32:24.302Z] [INFO] Starting text extraction for type: docx
[2026-08-11T14:32:24.300Z] [INFO] Magic-number check passed for Dipali_Resume.docx. Detected: docx
[2026-08-11T14:32:24.503Z] [WARN] Mammoth warning: An unrecognised element was ignored: v:path
[2026-08-11T14:32:24.504Z] [WARN] Mammoth warning: Unrecognised paragraph style: 'Body Text' (Style ID: BodyText)
[2026-08-11T14:32:24.504Z] [WARN] Mammoth warning: Unrecognised paragraph style: 'Title' (Style ID: Title)
[2026-08-11T14:32:24.546Z] [INFO] Cleaned up temporary file: C:\MY JAVA PROGRAM\PDF\uploads\documents-1786458742763-547983395.docx
[2026-08-11T14:32:24.545Z] [INFO] Extraction complete: 1963 characters, 1 pages
[2026-08-11T14:32:24.716Z] [INFO] Saved extraction record to Supabase with ID 29 (candidate_id: C1008) for: Dipali_Resume.docx
[2026-08-11T14:32:28.346Z] [INFO] Sending 3 document(s) to webhook as a single payload...
[2026-08-11T14:32:28.346Z] [INFO] Sending payload to webhook: https://sakshi890.app.n8n.cloud/webhook-test/e601a6d1-9dbf-4b9d-b2bb-69c6dec0bd45 (Attempt 1/3)
[2026-08-11T14:32:29.176Z] [INFO] Webhook successfully delivered on attempt 1. Status: 200
[2026-08-11T14:53:39.815Z] [INFO] Sending 3 document(s) to webhook as a single payload...
[2026-08-11T14:53:39.816Z] [INFO] Sending payload to webhook: https://sakshi890.app.n8n.cloud/webhook-test/e601a6d1-9dbf-4b9d-b2bb-69c6dec0bd45 (Attempt 1/3)
[2026-08-11T14:53:40.761Z] [INFO] Webhook successfully delivered on attempt 1. Status: 200
[2026-08-11T14:55:52.027Z] [INFO] Sending 3 document(s) to webhook as a single payload...
[2026-08-11T14:55:52.031Z] [INFO] Sending payload to webhook: https://sakshi890.app.n8n.cloud/webhook-test/e601a6d1-9dbf-4b9d-b2bb-69c6dec0bd45 (Attempt 1/3)
[2026-08-11T14:55:52.942Z] [INFO] Webhook successfully delivered on attempt 1. Status: 200
[2026-08-11T15:13:16.297Z] [INFO] Performing magic-number verification for: Priya_Sharma_Sample_Resume.pdf
[2026-08-11T15:13:16.328Z] [INFO] Magic-number check passed for Priya_Sharma_Sample_Resume.pdf. Detected: pdf
[2026-08-11T15:13:16.330Z] [INFO] Starting text extraction for type: pdf
[2026-08-11T15:13:16.524Z] [INFO] Extraction complete: 2020 characters, 1 pages
[2026-08-11T15:13:16.533Z] [INFO] Cleaned up temporary file: C:\MY JAVA PROGRAM\PDF\uploads\documents-1786461194902-989004155.pdf
[2026-08-11T15:13:16.686Z] [INFO] Saved extraction record to Supabase with ID 30 (candidate_id: C1009) for: Priya_Sharma_Sample_Resume.pdf
[2026-08-11T15:13:16.687Z] [INFO] Performing magic-number verification for: Michael Brown.pdf
[2026-08-11T15:13:16.689Z] [INFO] Magic-number check passed for Michael Brown.pdf. Detected: pdf
[2026-08-11T15:13:16.690Z] [INFO] Starting text extraction for type: pdf
[2026-08-11T15:13:16.815Z] [INFO] Extraction complete: 1244 characters, 1 pages
[2026-08-11T15:13:16.820Z] [INFO] Cleaned up temporary file: C:\MY JAVA PROGRAM\PDF\uploads\documents-1786461194944-382945427.pdf
[2026-08-11T15:13:16.969Z] [INFO] Saved extraction record to Supabase with ID 31 (candidate_id: C1010) for: Michael Brown.pdf
[2026-08-11T15:13:16.971Z] [INFO] Performing magic-number verification for: Emily Johnson.pdf
[2026-08-11T15:13:16.974Z] [INFO] Magic-number check passed for Emily Johnson.pdf. Detected: pdf
[2026-08-11T15:13:16.976Z] [INFO] Starting text extraction for type: pdf
[2026-08-11T15:13:17.053Z] [INFO] Extraction complete: 919 characters, 1 pages
[2026-08-11T15:13:17.055Z] [INFO] Cleaned up temporary file: C:\MY JAVA PROGRAM\PDF\uploads\documents-1786461194944-685661696.pdf
[2026-08-11T15:13:17.193Z] [INFO] Saved extraction record to Supabase with ID 32 (candidate_id: C1011) for: Emily Johnson.pdf
[2026-08-11T15:13:17.194Z] [INFO] Performing magic-number verification for: Resume Dipali Chaudhari.docx
[2026-08-11T15:13:17.195Z] [INFO] Magic-number check passed for Resume Dipali Chaudhari.docx. Detected: docx
[2026-08-11T15:13:17.196Z] [INFO] Starting text extraction for type: docx
[2026-08-11T15:13:17.544Z] [WARN] Mammoth warning: Unrecognised paragraph style: 'Body Text' (Style ID: BodyText)
[2026-08-11T15:13:17.798Z] [INFO] Extraction complete: 3125 characters, 2 pages
[2026-08-11T15:13:17.803Z] [INFO] Cleaned up temporary file: C:\MY JAVA PROGRAM\PDF\uploads\documents-1786461194978-827775850.docx
[2026-08-11T15:13:18.025Z] [INFO] Saved extraction record to Supabase with ID 33 (candidate_id: C1012) for: Resume Dipali Chaudhari.docx
[2026-08-11T15:13:57.981Z] [INFO] Sending payload to webhook: https://sakshi890.app.n8n.cloud/webhook-test/e601a6d1-9dbf-4b9d-b2bb-69c6dec0bd45 (Attempt 1/3)
[2026-08-11T15:13:57.967Z] [INFO] Sending 4 document(s) to webhook as a single payload...
[2026-08-11T15:13:58.340Z] [INFO] Webhook successfully delivered on attempt 1. Status: 200
[2026-08-14T15:29:08.307Z] [INFO] Sending payload to webhook: https://sakshi890.app.n8n.cloud/webhook-test/e601a6d1-9dbf-4b9d-b2bb-69c6dec0bd45 (Attempt 1/3)
[2026-08-14T15:29:08.289Z] [INFO] Sending 4 document(s) to webhook as a single payload...
[2026-08-14T15:29:09.666Z] [INFO] Webhook successfully delivered on attempt 1. Status: 200
[2026-08-14T16:02:18.605Z] [INFO] Server is running in production mode on http://localhost:3000
[2026-08-14T16:02:19.544Z] [INFO] Successfully connected to Supabase PostgreSQL database.
[2026-08-14T16:02:19.819Z] [INFO] Database extractions table initialized.
[2026-08-14T16:43:08.096Z] [INFO] Server is running in production mode on http://localhost:3000
[2026-08-14T16:43:09.092Z] [INFO] Successfully connected to Supabase PostgreSQL database.
[2026-08-14T16:43:09.425Z] [INFO] Database extractions table initialized.
[2026-08-14T16:43:34.294Z] [INFO] Server is running in production mode on http://localhost:3000
[2026-08-14T16:43:35.161Z] [INFO] Successfully connected to Supabase PostgreSQL database.
[2026-08-14T16:43:35.456Z] [INFO] Database extractions table initialized.
[2026-08-14T16:44:10.947Z] [INFO] Server is running in production mode on http://localhost:3000
[2026-08-14T16:44:11.886Z] [INFO] Successfully connected to Supabase PostgreSQL database.
[2026-08-14T16:44:12.191Z] [INFO] Database extractions table initialized.
[2026-08-14T16:45:25.151Z] [INFO] Server is running in production mode on http://localhost:3000
[2026-08-14T16:45:26.002Z] [INFO] Successfully connected to Supabase PostgreSQL database.
[2026-08-14T16:45:26.268Z] [INFO] Database extractions table initialized.
[2026-08-14T16:47:03.736Z] [INFO] Server is running in production mode on http://localhost:3000
[2026-08-14T16:47:04.572Z] [INFO] Successfully connected to Supabase PostgreSQL database.
[2026-08-14T16:47:21.958Z] [INFO] Server is running in production mode on http://localhost:3000
[2026-08-14T16:47:22.772Z] [INFO] Successfully connected to Supabase PostgreSQL database.
[2026-08-14T16:47:44.961Z] [INFO] Server is running in production mode on http://localhost:3000
[2026-08-14T16:47:45.809Z] [INFO] Successfully connected to Supabase PostgreSQL database.
[2026-08-14T16:50:58.253Z] [INFO] Server is running in production mode on http://localhost:3000
[2026-08-14T16:50:59.085Z] [INFO] Successfully connected to Supabase PostgreSQL database.
[2026-08-14T16:51:03.090Z] [INFO] Server is running in production mode on http://localhost:3000
[2026-08-14T16:51:03.871Z] [INFO] Successfully connected to Supabase PostgreSQL database.
[2026-08-14T16:57:10.290Z] [INFO] Server is running in production mode on http://localhost:3000
[2026-08-14T16:57:11.156Z] [INFO] Successfully connected to Supabase PostgreSQL database.
[2026-08-14T16:57:18.799Z] [INFO] Server is running in production mode on http://localhost:3000
[2026-08-14T16:57:19.707Z] [INFO] Successfully connected to Supabase PostgreSQL database.
[2026-08-14T16:59:18.334Z] [INFO] Server is running in production mode on http://localhost:3000
[2026-08-14T16:59:19.197Z] [INFO] Successfully connected to Supabase PostgreSQL database.
[2026-08-14T16:59:35.260Z] [INFO] Server is running in production mode on http://localhost:3000
[2026-08-14T16:59:36.147Z] [INFO] Successfully connected to Supabase PostgreSQL database.
[2026-08-14T16:59:36.627Z] [INFO] Database tables initialized successfully.
[2026-08-14T17:06:18.469Z] [INFO] Server is running in production mode on http://localhost:3000
[2026-08-14T17:06:19.269Z] [INFO] Successfully connected to Supabase PostgreSQL database.
[2026-08-14T17:06:19.654Z] [INFO] Database tables initialized successfully.
[2026-08-14T17:10:30.623Z] [INFO] Server is running in production mode on http://localhost:3000
[2026-08-14T17:10:31.422Z] [INFO] Successfully connected to Supabase PostgreSQL database.
[2026-08-14T17:10:31.819Z] [INFO] Database tables initialized successfully.
[2026-08-14T17:10:46.559Z] [INFO] Server is running in production mode on http://localhost:3000
[2026-08-14T17:10:47.380Z] [INFO] Successfully connected to Supabase PostgreSQL database.
[2026-08-14T17:10:47.753Z] [INFO] Database tables initialized successfully.
[2026-08-14T17:10:57.425Z] [INFO] Server is running in production mode on http://localhost:3000
[2026-08-14T17:10:58.287Z] [INFO] Successfully connected to Supabase PostgreSQL database.
[2026-08-14T17:10:58.668Z] [INFO] Database tables initialized successfully.
[2026-08-14T17:11:17.796Z] [INFO] Server is running in production mode on http://localhost:3000
[2026-08-14T17:11:18.584Z] [INFO] Successfully connected to Supabase PostgreSQL database.
[2026-08-14T17:11:19.002Z] [INFO] Database tables initialized successfully.
[2026-08-14T17:12:30.028Z] [INFO] Server is running in production mode on http://localhost:3000
[2026-08-14T17:12:30.833Z] [INFO] Successfully connected to Supabase PostgreSQL database.
[2026-08-14T17:12:31.218Z] [INFO] Database tables initialized successfully.
[2026-08-14T17:12:46.442Z] [INFO] Server is running in production mode on http://localhost:3000
[2026-08-14T17:12:47.245Z] [INFO] Successfully connected to Supabase PostgreSQL database.
[2026-08-14T17:12:47.701Z] [INFO] Database tables initialized successfully.
[2026-08-14T17:13:07.399Z] [INFO] Server is running in production mode on http://localhost:3000
[2026-08-14T17:13:08.203Z] [INFO] Successfully connected to Supabase PostgreSQL database.
[2026-08-14T17:13:08.615Z] [INFO] Database tables initialized successfully.
[2026-08-14T17:31:26.502Z] [INFO] Server is running in production mode on http://localhost:3000
[2026-08-14T17:31:27.877Z] [INFO] Successfully connected to Supabase PostgreSQL database.
[2026-08-14T17:31:28.303Z] [INFO] Database tables initialized successfully.
[2026-08-14T17:32:31.335Z] [INFO] Server is running in production mode on http://localhost:3000
[2026-08-14T17:32:32.162Z] [INFO] Successfully connected to Supabase PostgreSQL database.
[2026-08-14T17:32:32.421Z] [INFO] Database extractions table initialized.
[2026-08-14T17:49:53.664Z] [INFO] Server is running in production mode on http://localhost:3000
[2026-08-14T17:49:56.360Z] [INFO] Successfully connected to Supabase PostgreSQL database.
[2026-08-14T17:49:57.153Z] [INFO] Database extractions table initialized.
[2026-08-14T17:50:04.693Z] [INFO] Server is running in production mode on http://localhost:3000
[2026-08-14T17:50:05.651Z] [INFO] Successfully connected to Supabase PostgreSQL database.
[2026-08-14T17:50:13.013Z] [INFO] Database extractions table initialized.
[2026-08-14T17:53:08.708Z] [INFO] Server is running in production mode on http://localhost:3000
[2026-08-14T17:53:09.572Z] [INFO] Successfully connected to Supabase PostgreSQL database.
[2026-08-14T17:53:09.845Z] [INFO] Database extractions table initialized.
[2026-08-17T03:36:52.859Z] [INFO] Server is running in production mode on http://localhost:3000
[2026-08-17T03:36:53.987Z] [INFO] Successfully connected to Supabase PostgreSQL database.
[2026-08-17T03:36:54.276Z] [INFO] Database extractions table initialized.
[2026-08-17T03:38:14.153Z] [INFO] Server is running in production mode on http://localhost:3000
[2026-08-17T03:38:15.109Z] [INFO] Successfully connected to Supabase PostgreSQL database.
[2026-08-17T03:38:15.463Z] [INFO] Database extractions table initialized.
[2026-08-17T03:38:43.475Z] [INFO] Performing magic-number verification for: Priya_Sharma_Unstructured_Resume.pdf
[2026-08-17T03:38:43.479Z] [INFO] Magic-number check passed for Priya_Sharma_Unstructured_Resume.pdf. Detected: pdf
[2026-08-17T03:38:43.484Z] [INFO] Starting text extraction for type: pdf
[2026-08-17T03:38:45.776Z] [INFO] Extraction complete: 695 characters, 1 pages
[2026-08-17T03:38:45.782Z] [INFO] Cleaned up temporary file: C:\MY JAVA PROGRAM\PDF\uploads\documents-1786937922364-427578747.pdf
[2026-08-17T03:38:45.947Z] [INFO] Saved extraction record to Supabase with ID 34 (candidate_id: C1013) for: Priya_Sharma_Unstructured_Resume.pdf
[2026-08-17T03:38:45.948Z] [INFO] Performing magic-number verification for: Rahul_Verma_Unstructured_Resume.pdf
[2026-08-17T03:38:45.950Z] [INFO] Magic-number check passed for Rahul_Verma_Unstructured_Resume.pdf. Detected: pdf
[2026-08-17T03:38:45.951Z] [INFO] Starting text extraction for type: pdf
[2026-08-17T03:38:45.984Z] [INFO] Extraction complete: 633 characters, 1 pages
[2026-08-17T03:38:45.990Z] [INFO] Cleaned up temporary file: C:\MY JAVA PROGRAM\PDF\uploads\documents-1786937922365-100156138.pdf
[2026-08-17T03:38:46.138Z] [INFO] Saved extraction record to Supabase with ID 35 (candidate_id: C1014) for: Rahul_Verma_Unstructured_Resume.pdf
[2026-08-17T03:38:46.140Z] [INFO] Performing magic-number verification for: Vikas_Kumar_Highly_Unstructured_Resume.pdf
[2026-08-17T03:38:46.142Z] [INFO] Magic-number check passed for Vikas_Kumar_Highly_Unstructured_Resume.pdf. Detected: pdf
[2026-08-17T03:38:46.144Z] [INFO] Starting text extraction for type: pdf
[2026-08-17T03:38:46.198Z] [INFO] Extraction complete: 841 characters, 1 pages
[2026-08-17T03:38:46.208Z] [INFO] Cleaned up temporary file: C:\MY JAVA PROGRAM\PDF\uploads\documents-1786937922366-548976775.pdf
[2026-08-17T03:38:46.362Z] [INFO] Saved extraction record to Supabase with ID 36 (candidate_id: C1015) for: Vikas_Kumar_Highly_Unstructured_Resume.pdf
[2026-08-17T03:39:38.080Z] [INFO] Sending 3 document(s) to webhook as a single payload...
[2026-08-17T03:39:38.084Z] [INFO] Sending payload to webhook: https://sakshi890.app.n8n.cloud/webhook-test/e601a6d1-9dbf-4b9d-b2bb-69c6dec0bd45 (Attempt 1/3)
[2026-08-17T03:39:38.942Z] [INFO] Webhook successfully delivered on attempt 1. Status: 200
[2026-08-17T03:43:36.885Z] [INFO] Sending 3 document(s) to webhook as a single payload...
[2026-08-17T03:43:36.896Z] [INFO] Sending payload to webhook: https://sakshi890.app.n8n.cloud/webhook-test/e601a6d1-9dbf-4b9d-b2bb-69c6dec0bd45 (Attempt 1/3)
[2026-08-17T03:43:37.188Z] [INFO] Webhook successfully delivered on attempt 1. Status: 200
[2026-08-17T04:07:56.370Z] [INFO] Sending 3 document(s) to webhook as a single payload...
[2026-08-17T04:07:56.370Z] [INFO] Sending payload to webhook: https://sakshi890.app.n8n.cloud/webhook-test/e601a6d1-9dbf-4b9d-b2bb-69c6dec0bd45 (Attempt 1/3)
[2026-08-17T04:07:56.684Z] [INFO] Webhook successfully delivered on attempt 1. Status: 200
[2026-08-19T03:28:39.150Z] [INFO] Performing magic-number verification for: Priya_Sharma_Unstructured_Resume.pdf
[2026-08-19T03:28:39.159Z] [INFO] Starting text extraction for type: pdf
[2026-08-19T03:28:39.158Z] [INFO] Magic-number check passed for Priya_Sharma_Unstructured_Resume.pdf. Detected: pdf
[2026-08-19T03:28:39.214Z] [ERROR] Error processing file Priya_Sharma_Unstructured_Resume.pdf: bad XRef entry {"stack":"Error\n    at UnknownErrorExceptionClosure (C:\\MY JAVA PROGRAM\\PDF\\node_modules\\pdf-parse\\lib\\pdf.js\\v1.10.100\\build\\pdf.js:443:37)\n    at Object.<anonymous> (C:\\MY JAVA PROGRAM\\PDF\\node_modules\\pdf-parse\\lib\\pdf.js\\v1.10.100\\build\\pdf.js:446:2)\n    at __w_pdfjs_require__ (C:\\MY JAVA PROGRAM\\PDF\\node_modules\\pdf-parse\\lib\\pdf.js\\v1.10.100\\build\\pdf.js:45:30)\n    at Object.<anonymous> (C:\\MY JAVA PROGRAM\\PDF\\node_modules\\pdf-parse\\lib\\pdf.js\\v1.10.100\\build\\pdf.js:7939:23)\n    at __w_pdfjs_require__ (C:\\MY JAVA PROGRAM\\PDF\\node_modules\\pdf-parse\\lib\\pdf.js\\v1.10.100\\build\\pdf.js:45:30)\n    at C:\\MY JAVA PROGRAM\\PDF\\node_modules\\pdf-parse\\lib\\pdf.js\\v1.10.100\\build\\pdf.js:88:18\n    at C:\\MY JAVA PROGRAM\\PDF\\node_modules\\pdf-parse\\lib\\pdf.js\\v1.10.100\\build\\pdf.js:91:10\n    at webpackUniversalModuleDefinition (C:\\MY JAVA PROGRAM\\PDF\\node_modules\\pdf-parse\\lib\\pdf.js\\v1.10.100\\build\\pdf.js:18:20)\n    at Object.<anonymous> (C:\\MY JAVA PROGRAM\\PDF\\node_modules\\pdf-parse\\lib\\pdf.js\\v1.10.100\\build\\pdf.js:25:3)\n    at Module._compile (node:internal/modules/cjs/loader:1830:14)\n    at Object..js (node:internal/modules/cjs/loader:1961:10)\n    at Module.load (node:internal/modules/cjs/loader:1553:32)\n    at Module._load (node:internal/modules/cjs/loader:1355:12)\n    at wrapModuleLoad (node:internal/modules/cjs/loader:255:19)\n    at Module.require (node:internal/modules/cjs/loader:1576:12)\n    at require (node:internal/modules/helpers:153:16)"}
[2026-08-19T03:28:39.199Z] [INFO] Cleaned up temporary file: C:\MY JAVA PROGRAM\PDF\uploads\documents-1787110116687-67066373.pdf
[2026-08-19T03:28:39.407Z] [INFO] Saved extraction record to Supabase with ID 37 (candidate_id: C1016) for: Priya_Sharma_Unstructured_Resume.pdf
[2026-08-19T03:28:39.412Z] [INFO] Performing magic-number verification for: Rahul_Verma_Unstructured_Resume.pdf
[2026-08-19T03:28:39.420Z] [INFO] Magic-number check passed for Rahul_Verma_Unstructured_Resume.pdf. Detected: pdf
[2026-08-19T03:28:39.427Z] [INFO] Starting text extraction for type: pdf
[2026-08-19T03:28:39.445Z] [INFO] Cleaned up temporary file: C:\MY JAVA PROGRAM\PDF\uploads\documents-1787110116697-598963501.pdf
[2026-08-19T03:28:39.448Z] [ERROR] Error processing file Rahul_Verma_Unstructured_Resume.pdf: End of file inside array {"stack":"Error\n    at UnknownErrorExceptionClosure (C:\\MY JAVA PROGRAM\\PDF\\node_modules\\pdf-parse\\lib\\pdf.js\\v1.10.100\\build\\pdf.js:443:37)\n    at Object.<anonymous> (C:\\MY JAVA PROGRAM\\PDF\\node_modules\\pdf-parse\\lib\\pdf.js\\v1.10.100\\build\\pdf.js:446:2)\n    at __w_pdfjs_require__ (C:\\MY JAVA PROGRAM\\PDF\\node_modules\\pdf-parse\\lib\\pdf.js\\v1.10.100\\build\\pdf.js:45:30)\n    at Object.<anonymous> (C:\\MY JAVA PROGRAM\\PDF\\node_modules\\pdf-parse\\lib\\pdf.js\\v1.10.100\\build\\pdf.js:7939:23)\n    at __w_pdfjs_require__ (C:\\MY JAVA PROGRAM\\PDF\\node_modules\\pdf-parse\\lib\\pdf.js\\v1.10.100\\build\\pdf.js:45:30)\n    at C:\\MY JAVA PROGRAM\\PDF\\node_modules\\pdf-parse\\lib\\pdf.js\\v1.10.100\\build\\pdf.js:88:18\n    at C:\\MY JAVA PROGRAM\\PDF\\node_modules\\pdf-parse\\lib\\pdf.js\\v1.10.100\\build\\pdf.js:91:10\n    at webpackUniversalModuleDefinition (C:\\MY JAVA PROGRAM\\PDF\\node_modules\\pdf-parse\\lib\\pdf.js\\v1.10.100\\build\\pdf.js:18:20)\n    at Object.<anonymous> (C:\\MY JAVA PROGRAM\\PDF\\node_modules\\pdf-parse\\lib\\pdf.js\\v1.10.100\\build\\pdf.js:25:3)\n    at Module._compile (node:internal/modules/cjs/loader:1830:14)\n    at Object..js (node:internal/modules/cjs/loader:1961:10)\n    at Module.load (node:internal/modules/cjs/loader:1553:32)\n    at Module._load (node:internal/modules/cjs/loader:1355:12)\n    at wrapModuleLoad (node:internal/modules/cjs/loader:255:19)\n    at Module.require (node:internal/modules/cjs/loader:1576:12)\n    at require (node:internal/modules/helpers:153:16)"}
[2026-08-19T03:28:39.944Z] [INFO] Saved extraction record to Supabase with ID 38 (candidate_id: C1017) for: Rahul_Verma_Unstructured_Resume.pdf
[2026-08-19T03:28:39.947Z] [INFO] Performing magic-number verification for: Vikas_Kumar_Highly_Unstructured_Resume.pdf
[2026-08-19T03:28:39.969Z] [INFO] Magic-number check passed for Vikas_Kumar_Highly_Unstructured_Resume.pdf. Detected: pdf
[2026-08-19T03:28:39.977Z] [INFO] Starting text extraction for type: pdf
[2026-08-19T03:28:39.985Z] [INFO] Cleaned up temporary file: C:\MY JAVA PROGRAM\PDF\uploads\documents-1787110116698-472490661.pdf
[2026-08-19T03:28:39.996Z] [ERROR] Error processing file Vikas_Kumar_Highly_Unstructured_Resume.pdf: bad XRef entry {"stack":"Error\n    at UnknownErrorExceptionClosure (C:\\MY JAVA PROGRAM\\PDF\\node_modules\\pdf-parse\\lib\\pdf.js\\v1.10.100\\build\\pdf.js:443:37)\n    at Object.<anonymous> (C:\\MY JAVA PROGRAM\\PDF\\node_modules\\pdf-parse\\lib\\pdf.js\\v1.10.100\\build\\pdf.js:446:2)\n    at __w_pdfjs_require__ (C:\\MY JAVA PROGRAM\\PDF\\node_modules\\pdf-parse\\lib\\pdf.js\\v1.10.100\\build\\pdf.js:45:30)\n    at Object.<anonymous> (C:\\MY JAVA PROGRAM\\PDF\\node_modules\\pdf-parse\\lib\\pdf.js\\v1.10.100\\build\\pdf.js:7939:23)\n    at __w_pdfjs_require__ (C:\\MY JAVA PROGRAM\\PDF\\node_modules\\pdf-parse\\lib\\pdf.js\\v1.10.100\\build\\pdf.js:45:30)\n    at C:\\MY JAVA PROGRAM\\PDF\\node_modules\\pdf-parse\\lib\\pdf.js\\v1.10.100\\build\\pdf.js:88:18\n    at C:\\MY JAVA PROGRAM\\PDF\\node_modules\\pdf-parse\\lib\\pdf.js\\v1.10.100\\build\\pdf.js:91:10\n    at webpackUniversalModuleDefinition (C:\\MY JAVA PROGRAM\\PDF\\node_modules\\pdf-parse\\lib\\pdf.js\\v1.10.100\\build\\pdf.js:18:20)\n    at Object.<anonymous> (C:\\MY JAVA PROGRAM\\PDF\\node_modules\\pdf-parse\\lib\\pdf.js\\v1.10.100\\build\\pdf.js:25:3)\n    at Module._compile (node:internal/modules/cjs/loader:1830:14)\n    at Object..js (node:internal/modules/cjs/loader:1961:10)\n    at Module.load (node:internal/modules/cjs/loader:1553:32)\n    at Module._load (node:internal/modules/cjs/loader:1355:12)\n    at wrapModuleLoad (node:internal/modules/cjs/loader:255:19)\n    at Module.require (node:internal/modules/cjs/loader:1576:12)\n    at require (node:internal/modules/helpers:153:16)"}
[2026-08-19T03:28:40.196Z] [INFO] Saved extraction record to Supabase with ID 39 (candidate_id: C1018) for: Vikas_Kumar_Highly_Unstructured_Resume.pdf
[2026-08-19T03:28:40.197Z] [INFO] Performing magic-number verification for: Anita_Patil_Messy_Resume.pdf
[2026-08-19T03:28:40.198Z] [INFO] Magic-number check passed for Anita_Patil_Messy_Resume.pdf. Detected: pdf
[2026-08-19T03:28:40.199Z] [INFO] Starting text extraction for type: pdf
[2026-08-19T03:28:40.220Z] [INFO] Extraction complete: 636 characters, 1 pages
[2026-08-19T03:28:40.223Z] [INFO] Cleaned up temporary file: C:\MY JAVA PROGRAM\PDF\uploads\documents-1787110116698-582748825.pdf
[2026-08-19T03:28:40.379Z] [INFO] Saved extraction record to Supabase with ID 40 (candidate_id: C1019) for: Anita_Patil_Messy_Resume.pdf
[2026-08-19T03:28:45.598Z] [INFO] Performing magic-number verification for: Anita_Patil_Messy_Resume.pdf
[2026-08-19T03:28:45.600Z] [INFO] Magic-number check passed for Anita_Patil_Messy_Resume.pdf. Detected: pdf
[2026-08-19T03:28:45.600Z] [INFO] Starting text extraction for type: pdf
[2026-08-19T03:28:45.612Z] [INFO] Cleaned up temporary file: C:\MY JAVA PROGRAM\PDF\uploads\documents-1787110125083-958636534.pdf
[2026-08-19T03:28:45.620Z] [ERROR] Error processing file Anita_Patil_Messy_Resume.pdf: bad XRef entry {"stack":"Error\n    at UnknownErrorExceptionClosure (C:\\MY JAVA PROGRAM\\PDF\\node_modules\\pdf-parse\\lib\\pdf.js\\v1.10.100\\build\\pdf.js:443:37)\n    at Object.<anonymous> (C:\\MY JAVA PROGRAM\\PDF\\node_modules\\pdf-parse\\lib\\pdf.js\\v1.10.100\\build\\pdf.js:446:2)\n    at __w_pdfjs_require__ (C:\\MY JAVA PROGRAM\\PDF\\node_modules\\pdf-parse\\lib\\pdf.js\\v1.10.100\\build\\pdf.js:45:30)\n    at Object.<anonymous> (C:\\MY JAVA PROGRAM\\PDF\\node_modules\\pdf-parse\\lib\\pdf.js\\v1.10.100\\build\\pdf.js:7939:23)\n    at __w_pdfjs_require__ (C:\\MY JAVA PROGRAM\\PDF\\node_modules\\pdf-parse\\lib\\pdf.js\\v1.10.100\\build\\pdf.js:45:30)\n    at C:\\MY JAVA PROGRAM\\PDF\\node_modules\\pdf-parse\\lib\\pdf.js\\v1.10.100\\build\\pdf.js:88:18\n    at C:\\MY JAVA PROGRAM\\PDF\\node_modules\\pdf-parse\\lib\\pdf.js\\v1.10.100\\build\\pdf.js:91:10\n    at webpackUniversalModuleDefinition (C:\\MY JAVA PROGRAM\\PDF\\node_modules\\pdf-parse\\lib\\pdf.js\\v1.10.100\\build\\pdf.js:18:20)\n    at Object.<anonymous> (C:\\MY JAVA PROGRAM\\PDF\\node_modules\\pdf-parse\\lib\\pdf.js\\v1.10.100\\build\\pdf.js:25:3)\n    at Module._compile (node:internal/modules/cjs/loader:1830:14)\n    at Object..js (node:internal/modules/cjs/loader:1961:10)\n    at Module.load (node:internal/modules/cjs/loader:1553:32)\n    at Module._load (node:internal/modules/cjs/loader:1355:12)\n    at wrapModuleLoad (node:internal/modules/cjs/loader:255:19)\n    at Module.require (node:internal/modules/cjs/loader:1576:12)\n    at require (node:internal/modules/helpers:153:16)"}
[2026-08-19T03:28:45.803Z] [INFO] Saved extraction record to Supabase with ID 41 (candidate_id: C1020) for: Anita_Patil_Messy_Resume.pdf
[2026-08-19T03:29:50.915Z] [INFO] Server is running in production mode on http://localhost:3000
[2026-08-19T03:29:52.704Z] [INFO] Successfully connected to Supabase PostgreSQL database.
[2026-08-19T03:29:53.316Z] [INFO] Database extractions table initialized.
[2026-08-19T03:29:58.109Z] [INFO] Performing magic-number verification for: Anita_Patil_Messy_Resume.pdf
[2026-08-19T03:29:58.113Z] [INFO] Magic-number check passed for Anita_Patil_Messy_Resume.pdf. Detected: pdf
[2026-08-19T03:29:58.113Z] [INFO] Starting text extraction for type: pdf
[2026-08-19T03:29:58.922Z] [INFO] Extraction complete: 636 characters, 1 pages
[2026-08-19T03:29:58.923Z] [INFO] Cleaned up temporary file: C:\MY JAVA PROGRAM\PDF\uploads\documents-1787110197714-229464120.pdf
[2026-08-19T03:29:59.112Z] [INFO] Saved extraction record to Supabase with ID 42 (candidate_id: C1021) for: Anita_Patil_Messy_Resume.pdf
[2026-08-19T03:30:04.851Z] [INFO] Sending payload to webhook: https://sakshi890.app.n8n.cloud/webhook-test/e601a6d1-9dbf-4b9d-b2bb-69c6dec0bd45 (Attempt 1/3)
[2026-08-19T03:30:04.849Z] [INFO] Sending 1 document(s) to webhook as a single payload...
[2026-08-19T03:30:07.082Z] [INFO] Webhook successfully delivered on attempt 1. Status: 200
[2026-08-19T03:30:39.474Z] [INFO] Sending payload to webhook: https://sakshi890.app.n8n.cloud/webhook-test/e601a6d1-9dbf-4b9d-b2bb-69c6dec0bd45 (Attempt 1/3)
[2026-08-19T03:30:39.473Z] [INFO] Sending 1 document(s) to webhook as a single payload...
[2026-08-19T03:30:40.364Z] [INFO] Webhook successfully delivered on attempt 1. Status: 200
[2026-08-19T03:37:58.162Z] [INFO] Performing magic-number verification for: Anita_Patil_Messy_Resume.pdf
[2026-08-19T03:37:58.163Z] [INFO] Magic-number check passed for Anita_Patil_Messy_Resume.pdf. Detected: pdf
[2026-08-19T03:37:58.163Z] [INFO] Starting text extraction for type: pdf
[2026-08-19T03:37:58.167Z] [INFO] Cleaned up temporary file: C:\MY JAVA PROGRAM\PDF\uploads\documents-1787110676863-777913335.pdf
[2026-08-19T03:37:58.173Z] [ERROR] Error processing file Anita_Patil_Messy_Resume.pdf: bad XRef entry {"stack":"Error\n    at UnknownErrorExceptionClosure (C:\\MY JAVA PROGRAM\\PDF\\node_modules\\pdf-parse\\lib\\pdf.js\\v1.10.100\\build\\pdf.js:443:37)\n    at Object.<anonymous> (C:\\MY JAVA PROGRAM\\PDF\\node_modules\\pdf-parse\\lib\\pdf.js\\v1.10.100\\build\\pdf.js:446:2)\n    at __w_pdfjs_require__ (C:\\MY JAVA PROGRAM\\PDF\\node_modules\\pdf-parse\\lib\\pdf.js\\v1.10.100\\build\\pdf.js:45:30)\n    at Object.<anonymous> (C:\\MY JAVA PROGRAM\\PDF\\node_modules\\pdf-parse\\lib\\pdf.js\\v1.10.100\\build\\pdf.js:7939:23)\n    at __w_pdfjs_require__ (C:\\MY JAVA PROGRAM\\PDF\\node_modules\\pdf-parse\\lib\\pdf.js\\v1.10.100\\build\\pdf.js:45:30)\n    at C:\\MY JAVA PROGRAM\\PDF\\node_modules\\pdf-parse\\lib\\pdf.js\\v1.10.100\\build\\pdf.js:88:18\n    at C:\\MY JAVA PROGRAM\\PDF\\node_modules\\pdf-parse\\lib\\pdf.js\\v1.10.100\\build\\pdf.js:91:10\n    at webpackUniversalModuleDefinition (C:\\MY JAVA PROGRAM\\PDF\\node_modules\\pdf-parse\\lib\\pdf.js\\v1.10.100\\build\\pdf.js:18:20)\n    at Object.<anonymous> (C:\\MY JAVA PROGRAM\\PDF\\node_modules\\pdf-parse\\lib\\pdf.js\\v1.10.100\\build\\pdf.js:25:3)\n    at Module._compile (node:internal/modules/cjs/loader:1830:14)\n    at Object..js (node:internal/modules/cjs/loader:1961:10)\n    at Module.load (node:internal/modules/cjs/loader:1553:32)\n    at Module._load (node:internal/modules/cjs/loader:1355:12)\n    at wrapModuleLoad (node:internal/modules/cjs/loader:255:19)\n    at Module.require (node:internal/modules/cjs/loader:1576:12)\n    at require (node:internal/modules/helpers:153:16)"}
[2026-08-19T03:37:58.346Z] [INFO] Saved extraction record to Supabase with ID 43 (candidate_id: C1022) for: Anita_Patil_Messy_Resume.pdf
[2026-08-19T03:38:10.883Z] [INFO] Performing magic-number verification for: Anita_Patil_Messy_Resume.pdf
[2026-08-19T03:38:10.884Z] [INFO] Magic-number check passed for Anita_Patil_Messy_Resume.pdf. Detected: pdf
[2026-08-19T03:38:10.884Z] [INFO] Starting text extraction for type: pdf
[2026-08-19T03:38:10.896Z] [INFO] Cleaned up temporary file: C:\MY JAVA PROGRAM\PDF\uploads\documents-1787110689205-990178466.pdf
[2026-08-19T03:38:10.894Z] [INFO] Extraction complete: 636 characters, 1 pages
[2026-08-19T03:38:11.077Z] [INFO] Saved extraction record to Supabase with ID 44 (candidate_id: C1023) for: Anita_Patil_Messy_Resume.pdf
[2026-08-19T03:38:19.610Z] [INFO] Sending 1 document(s) to webhook as a single payload...
[2026-08-19T03:38:19.611Z] [INFO] Sending payload to webhook: https://sakshi890.app.n8n.cloud/webhook-test/e601a6d1-9dbf-4b9d-b2bb-69c6dec0bd45 (Attempt 1/3)
[2026-08-19T03:38:20.283Z] [ERROR] Webhook delivery failed on attempt 1: Request failed with status code 404
[2026-08-19T03:38:20.285Z] [INFO] Retrying in 1000ms...
[2026-08-19T03:38:21.289Z] [INFO] Sending payload to webhook: https://sakshi890.app.n8n.cloud/webhook-test/e601a6d1-9dbf-4b9d-b2bb-69c6dec0bd45 (Attempt 2/3)
[2026-08-19T03:38:21.671Z] [ERROR] Webhook delivery failed on attempt 2: Request failed with status code 404
[2026-08-19T03:38:21.672Z] [INFO] Retrying in 2000ms...
[2026-08-19T03:38:23.674Z] [INFO] Sending payload to webhook: https://sakshi890.app.n8n.cloud/webhook-test/e601a6d1-9dbf-4b9d-b2bb-69c6dec0bd45 (Attempt 3/3)
[2026-08-19T03:38:24.011Z] [ERROR] Webhook delivery failed on attempt 3: Request failed with status code 404
[2026-08-19T03:38:24.015Z] [ERROR] All webhook delivery attempts failed.
[2026-08-19T03:38:54.134Z] [INFO] Server is running in production mode on http://localhost:3000
[2026-08-19T03:38:55.345Z] [INFO] Successfully connected to Supabase PostgreSQL database.
[2026-08-19T03:38:55.758Z] [INFO] Database extractions table initialized.
[2026-08-19T03:39:04.035Z] [INFO] Performing magic-number verification for: Anita_Patil_Messy_Resume.pdf
[2026-08-19T03:39:04.063Z] [INFO] Magic-number check passed for Anita_Patil_Messy_Resume.pdf. Detected: pdf
[2026-08-19T03:39:04.084Z] [INFO] Starting text extraction for type: pdf
[2026-08-19T03:39:04.313Z] [INFO] Extraction complete: 636 characters, 1 pages
[2026-08-19T03:39:04.315Z] [INFO] Cleaned up temporary file: C:\MY JAVA PROGRAM\PDF\uploads\documents-1787110743825-897803805.pdf
[2026-08-19T03:39:04.516Z] [INFO] Saved extraction record to Supabase with ID 45 (candidate_id: C1024) for: Anita_Patil_Messy_Resume.pdf
[2026-08-19T03:39:12.935Z] [INFO] Sending 1 document(s) to webhook as a single payload...
[2026-08-19T03:39:12.944Z] [INFO] Sending payload to webhook: https://sakshi654.app.n8n.cloud/webhook-test/e601a6d1-9dbf-4b9d-b2bb-69c6dec0bd45 (Attempt 1/3)
[2026-08-19T03:39:13.851Z] [INFO] Webhook successfully delivered on attempt 1. Status: 200
[2026-08-19T03:39:23.375Z] [INFO] Sending 1 document(s) to webhook as a single payload...
[2026-08-19T03:39:23.376Z] [INFO] Sending payload to webhook: https://sakshi654.app.n8n.cloud/webhook-test/e601a6d1-9dbf-4b9d-b2bb-69c6dec0bd45 (Attempt 1/3)
[2026-08-19T03:39:23.933Z] [INFO] Webhook successfully delivered on attempt 1. Status: 200
[2026-08-19T03:40:49.997Z] [INFO] Sending payload to webhook: https://sakshi654.app.n8n.cloud/webhook-test/e601a6d1-9dbf-4b9d-b2bb-69c6dec0bd45 (Attempt 1/3)
[2026-08-19T03:40:49.997Z] [INFO] Sending 1 document(s) to webhook as a single payload...
[2026-08-19T03:40:50.702Z] [INFO] Webhook successfully delivered on attempt 1. Status: 200
[2026-08-19T03:51:52.974Z] [INFO] Performing magic-number verification for: Anita_Patil_Messy_Resume.pdf
[2026-08-19T03:51:52.975Z] [INFO] Magic-number check passed for Anita_Patil_Messy_Resume.pdf. Detected: pdf
[2026-08-19T03:51:52.976Z] [INFO] Starting text extraction for type: pdf
[2026-08-19T03:51:52.996Z] [INFO] Extraction complete: 636 characters, 1 pages
[2026-08-19T03:51:52.998Z] [INFO] Cleaned up temporary file: C:\MY JAVA PROGRAM\PDF\uploads\documents-1787111511308-288956500.pdf
[2026-08-19T03:51:53.177Z] [INFO] Saved extraction record to Supabase with ID 46 (candidate_id: C1025) for: Anita_Patil_Messy_Resume.pdf
[2026-08-19T03:52:23.260Z] [INFO] Performing magic-number verification for: Anita_Patil_Messy_Resume.pdf
[2026-08-19T03:52:23.260Z] [INFO] Magic-number check passed for Anita_Patil_Messy_Resume.pdf. Detected: pdf
[2026-08-19T03:52:23.264Z] [INFO] Cleaned up temporary file: C:\MY JAVA PROGRAM\PDF\uploads\documents-1787111541682-275922527.pdf
[2026-08-19T03:52:23.261Z] [INFO] Starting text extraction for type: pdf
[2026-08-19T03:52:23.268Z] [ERROR] Error processing file Anita_Patil_Messy_Resume.pdf: bad XRef entry {"stack":"Error\n    at UnknownErrorExceptionClosure (C:\\MY JAVA PROGRAM\\PDF\\node_modules\\pdf-parse\\lib\\pdf.js\\v1.10.100\\build\\pdf.js:443:37)\n    at Object.<anonymous> (C:\\MY JAVA PROGRAM\\PDF\\node_modules\\pdf-parse\\lib\\pdf.js\\v1.10.100\\build\\pdf.js:446:2)\n    at __w_pdfjs_require__ (C:\\MY JAVA PROGRAM\\PDF\\node_modules\\pdf-parse\\lib\\pdf.js\\v1.10.100\\build\\pdf.js:45:30)\n    at Object.<anonymous> (C:\\MY JAVA PROGRAM\\PDF\\node_modules\\pdf-parse\\lib\\pdf.js\\v1.10.100\\build\\pdf.js:7939:23)\n    at __w_pdfjs_require__ (C:\\MY JAVA PROGRAM\\PDF\\node_modules\\pdf-parse\\lib\\pdf.js\\v1.10.100\\build\\pdf.js:45:30)\n    at C:\\MY JAVA PROGRAM\\PDF\\node_modules\\pdf-parse\\lib\\pdf.js\\v1.10.100\\build\\pdf.js:88:18\n    at C:\\MY JAVA PROGRAM\\PDF\\node_modules\\pdf-parse\\lib\\pdf.js\\v1.10.100\\build\\pdf.js:91:10\n    at webpackUniversalModuleDefinition (C:\\MY JAVA PROGRAM\\PDF\\node_modules\\pdf-parse\\lib\\pdf.js\\v1.10.100\\build\\pdf.js:18:20)\n    at Object.<anonymous> (C:\\MY JAVA PROGRAM\\PDF\\node_modules\\pdf-parse\\lib\\pdf.js\\v1.10.100\\build\\pdf.js:25:3)\n    at Module._compile (node:internal/modules/cjs/loader:1830:14)\n    at Object..js (node:internal/modules/cjs/loader:1961:10)\n    at Module.load (node:internal/modules/cjs/loader:1553:32)\n    at Module._load (node:internal/modules/cjs/loader:1355:12)\n    at wrapModuleLoad (node:internal/modules/cjs/loader:255:19)\n    at Module.require (node:internal/modules/cjs/loader:1576:12)\n    at require (node:internal/modules/helpers:153:16)"}
[2026-08-19T03:52:23.442Z] [INFO] Saved extraction record to Supabase with ID 47 (candidate_id: C1026) for: Anita_Patil_Messy_Resume.pdf
[2026-08-19T04:00:06.209Z] [ERROR] Error occurred in request: {"message":"Unexpected field","stack":"MulterError: Unexpected field\n    at wrappedFileFilter (C:\\MY JAVA PROGRAM\\PDF\\node_modules\\multer\\index.js:40:19)\n    at Multipart.<anonymous> (C:\\MY JAVA PROGRAM\\PDF\\node_modules\\multer\\lib\\make-middleware.js:109:7)\n    at Multipart.emit (node:events:509:28)\n    at HeaderParser.cb (C:\\MY JAVA PROGRAM\\PDF\\node_modules\\busboy\\lib\\types\\multipart.js:358:14)\n    at HeaderParser.push (C:\\MY JAVA PROGRAM\\PDF\\node_modules\\busboy\\lib\\types\\multipart.js:162:20)\n    at SBMH.ssCb [as _cb] (C:\\MY JAVA PROGRAM\\PDF\\node_modules\\busboy\\lib\\types\\multipart.js:394:37)\n    at feed (C:\\MY JAVA PROGRAM\\PDF\\node_modules\\streamsearch\\lib\\sbmh.js:219:14)\n    at SBMH.push (C:\\MY JAVA PROGRAM\\PDF\\node_modules\\streamsearch\\lib\\sbmh.js:104:16)\n    at Multipart._write (C:\\MY JAVA PROGRAM\\PDF\\node_modules\\busboy\\lib\\types\\multipart.js:567:19)\n    at writeOrBuffer (node:internal/streams/writable:570:12)\n    at _write (node:internal/streams/writable:499:10)\n    at Writable.write (node:internal/streams/writable:508:10)\n    at IncomingMessage.ondata (node:internal/streams/readable:1012:24)\n    at IncomingMessage.emit (node:events:509:28)\n    at addChunk (node:internal/streams/readable:563:12)\n    at readableAddChunkPushByteMode (node:internal/streams/readable:514:3)","path":"/api/upload","method":"POST"}
[2026-08-19T04:01:35.111Z] [ERROR] Error occurred in request: {"message":"Unexpected field","stack":"MulterError: Unexpected field\n    at wrappedFileFilter (C:\\MY JAVA PROGRAM\\PDF\\node_modules\\multer\\index.js:40:19)\n    at Multipart.<anonymous> (C:\\MY JAVA PROGRAM\\PDF\\node_modules\\multer\\lib\\make-middleware.js:109:7)\n    at Multipart.emit (node:events:509:28)\n    at HeaderParser.cb (C:\\MY JAVA PROGRAM\\PDF\\node_modules\\busboy\\lib\\types\\multipart.js:358:14)\n    at HeaderParser.push (C:\\MY JAVA PROGRAM\\PDF\\node_modules\\busboy\\lib\\types\\multipart.js:162:20)\n    at SBMH.ssCb [as _cb] (C:\\MY JAVA PROGRAM\\PDF\\node_modules\\busboy\\lib\\types\\multipart.js:394:37)\n    at feed (C:\\MY JAVA PROGRAM\\PDF\\node_modules\\streamsearch\\lib\\sbmh.js:219:14)\n    at SBMH.push (C:\\MY JAVA PROGRAM\\PDF\\node_modules\\streamsearch\\lib\\sbmh.js:104:16)\n    at Multipart._write (C:\\MY JAVA PROGRAM\\PDF\\node_modules\\busboy\\lib\\types\\multipart.js:567:19)\n    at writeOrBuffer (node:internal/streams/writable:570:12)\n    at _write (node:internal/streams/writable:499:10)\n    at Writable.write (node:internal/streams/writable:508:10)\n    at IncomingMessage.ondata (node:internal/streams/readable:1012:24)\n    at IncomingMessage.emit (node:events:509:28)\n    at addChunk (node:internal/streams/readable:563:12)\n    at readableAddChunkPushByteMode (node:internal/streams/readable:514:3)","path":"/api/upload","method":"POST"}
[2026-08-19T04:04:53.716Z] [ERROR] Error occurred in request: {"message":"Unexpected field","stack":"MulterError: Unexpected field\n    at wrappedFileFilter (C:\\MY JAVA PROGRAM\\PDF\\node_modules\\multer\\index.js:40:19)\n    at Multipart.<anonymous> (C:\\MY JAVA PROGRAM\\PDF\\node_modules\\multer\\lib\\make-middleware.js:109:7)\n    at Multipart.emit (node:events:509:28)\n    at HeaderParser.cb (C:\\MY JAVA PROGRAM\\PDF\\node_modules\\busboy\\lib\\types\\multipart.js:358:14)\n    at HeaderParser.push (C:\\MY JAVA PROGRAM\\PDF\\node_modules\\busboy\\lib\\types\\multipart.js:162:20)\n    at SBMH.ssCb [as _cb] (C:\\MY JAVA PROGRAM\\PDF\\node_modules\\busboy\\lib\\types\\multipart.js:394:37)\n    at feed (C:\\MY JAVA PROGRAM\\PDF\\node_modules\\streamsearch\\lib\\sbmh.js:219:14)\n    at SBMH.push (C:\\MY JAVA PROGRAM\\PDF\\node_modules\\streamsearch\\lib\\sbmh.js:104:16)\n    at Multipart._write (C:\\MY JAVA PROGRAM\\PDF\\node_modules\\busboy\\lib\\types\\multipart.js:567:19)\n    at writeOrBuffer (node:internal/streams/writable:570:12)\n    at _write (node:internal/streams/writable:499:10)\n    at Writable.write (node:internal/streams/writable:508:10)\n    at IncomingMessage.ondata (node:internal/streams/readable:1012:24)\n    at IncomingMessage.emit (node:events:509:28)\n    at addChunk (node:internal/streams/readable:563:12)\n    at readableAddChunkPushByteMode (node:internal/streams/readable:514:3)","path":"/api/upload","method":"POST"}
[2026-08-19T04:05:24.952Z] [INFO] Performing magic-number verification for: Anita_Patil_Messy_Resume.pdf
[2026-08-19T04:05:24.954Z] [INFO] Magic-number check passed for Anita_Patil_Messy_Resume.pdf. Detected: pdf
[2026-08-19T04:05:24.955Z] [INFO] Starting text extraction for type: pdf
[2026-08-19T04:05:25.045Z] [INFO] Cleaned up temporary file: C:\MY JAVA PROGRAM\PDF\uploads\documents-1787112323587-568263184.pdf
[2026-08-19T04:05:25.049Z] [ERROR] Error processing file Anita_Patil_Messy_Resume.pdf: bad XRef entry {"stack":"Error\n    at UnknownErrorExceptionClosure (C:\\MY JAVA PROGRAM\\PDF\\node_modules\\pdf-parse\\lib\\pdf.js\\v1.10.100\\build\\pdf.js:443:37)\n    at Object.<anonymous> (C:\\MY JAVA PROGRAM\\PDF\\node_modules\\pdf-parse\\lib\\pdf.js\\v1.10.100\\build\\pdf.js:446:2)\n    at __w_pdfjs_require__ (C:\\MY JAVA PROGRAM\\PDF\\node_modules\\pdf-parse\\lib\\pdf.js\\v1.10.100\\build\\pdf.js:45:30)\n    at Object.<anonymous> (C:\\MY JAVA PROGRAM\\PDF\\node_modules\\pdf-parse\\lib\\pdf.js\\v1.10.100\\build\\pdf.js:7939:23)\n    at __w_pdfjs_require__ (C:\\MY JAVA PROGRAM\\PDF\\node_modules\\pdf-parse\\lib\\pdf.js\\v1.10.100\\build\\pdf.js:45:30)\n    at C:\\MY JAVA PROGRAM\\PDF\\node_modules\\pdf-parse\\lib\\pdf.js\\v1.10.100\\build\\pdf.js:88:18\n    at C:\\MY JAVA PROGRAM\\PDF\\node_modules\\pdf-parse\\lib\\pdf.js\\v1.10.100\\build\\pdf.js:91:10\n    at webpackUniversalModuleDefinition (C:\\MY JAVA PROGRAM\\PDF\\node_modules\\pdf-parse\\lib\\pdf.js\\v1.10.100\\build\\pdf.js:18:20)\n    at Object.<anonymous> (C:\\MY JAVA PROGRAM\\PDF\\node_modules\\pdf-parse\\lib\\pdf.js\\v1.10.100\\build\\pdf.js:25:3)\n    at Module._compile (node:internal/modules/cjs/loader:1830:14)\n    at Object..js (node:internal/modules/cjs/loader:1961:10)\n    at Module.load (node:internal/modules/cjs/loader:1553:32)\n    at Module._load (node:internal/modules/cjs/loader:1355:12)\n    at wrapModuleLoad (node:internal/modules/cjs/loader:255:19)\n    at Module.require (node:internal/modules/cjs/loader:1576:12)\n    at require (node:internal/modules/helpers:153:16)"}
[2026-08-19T04:05:25.243Z] [INFO] Saved extraction record to Supabase with ID 48 (candidate_id: C1027) for: Anita_Patil_Messy_Resume.pdf
[2026-08-19T04:05:25.244Z] [INFO] Performing magic-number verification for: Priya_Sharma_Unstructured_Resume.pdf
[2026-08-19T04:05:25.246Z] [INFO] Starting text extraction for type: pdf
[2026-08-19T04:05:25.246Z] [INFO] Magic-number check passed for Priya_Sharma_Unstructured_Resume.pdf. Detected: pdf
[2026-08-19T04:05:25.256Z] [INFO] Cleaned up temporary file: C:\MY JAVA PROGRAM\PDF\uploads\documents-1787112323587-290058443.pdf
[2026-08-19T04:05:25.263Z] [ERROR] Error processing file Priya_Sharma_Unstructured_Resume.pdf: bad XRef entry {"stack":"Error\n    at UnknownErrorExceptionClosure (C:\\MY JAVA PROGRAM\\PDF\\node_modules\\pdf-parse\\lib\\pdf.js\\v1.10.100\\build\\pdf.js:443:37)\n    at Object.<anonymous> (C:\\MY JAVA PROGRAM\\PDF\\node_modules\\pdf-parse\\lib\\pdf.js\\v1.10.100\\build\\pdf.js:446:2)\n    at __w_pdfjs_require__ (C:\\MY JAVA PROGRAM\\PDF\\node_modules\\pdf-parse\\lib\\pdf.js\\v1.10.100\\build\\pdf.js:45:30)\n    at Object.<anonymous> (C:\\MY JAVA PROGRAM\\PDF\\node_modules\\pdf-parse\\lib\\pdf.js\\v1.10.100\\build\\pdf.js:7939:23)\n    at __w_pdfjs_require__ (C:\\MY JAVA PROGRAM\\PDF\\node_modules\\pdf-parse\\lib\\pdf.js\\v1.10.100\\build\\pdf.js:45:30)\n    at C:\\MY JAVA PROGRAM\\PDF\\node_modules\\pdf-parse\\lib\\pdf.js\\v1.10.100\\build\\pdf.js:88:18\n    at C:\\MY JAVA PROGRAM\\PDF\\node_modules\\pdf-parse\\lib\\pdf.js\\v1.10.100\\build\\pdf.js:91:10\n    at webpackUniversalModuleDefinition (C:\\MY JAVA PROGRAM\\PDF\\node_modules\\pdf-parse\\lib\\pdf.js\\v1.10.100\\build\\pdf.js:18:20)\n    at Object.<anonymous> (C:\\MY JAVA PROGRAM\\PDF\\node_modules\\pdf-parse\\lib\\pdf.js\\v1.10.100\\build\\pdf.js:25:3)\n    at Module._compile (node:internal/modules/cjs/loader:1830:14)\n    at Object..js (node:internal/modules/cjs/loader:1961:10)\n    at Module.load (node:internal/modules/cjs/loader:1553:32)\n    at Module._load (node:internal/modules/cjs/loader:1355:12)\n    at wrapModuleLoad (node:internal/modules/cjs/loader:255:19)\n    at Module.require (node:internal/modules/cjs/loader:1576:12)\n    at require (node:internal/modules/helpers:153:16)"}
[2026-08-19T04:05:25.448Z] [INFO] Saved extraction record to Supabase with ID 49 (candidate_id: C1028) for: Priya_Sharma_Unstructured_Resume.pdf
[2026-08-19T04:05:25.449Z] [INFO] Performing magic-number verification for: Rahul_Verma_Unstructured_Resume.pdf
[2026-08-19T04:05:25.457Z] [INFO] Starting text extraction for type: pdf
[2026-08-19T04:05:25.476Z] [INFO] Extraction complete: 633 characters, 1 pages
[2026-08-19T04:05:25.480Z] [INFO] Cleaned up temporary file: C:\MY JAVA PROGRAM\PDF\uploads\documents-1787112323589-49669801.pdf
[2026-08-19T04:05:25.453Z] [INFO] Magic-number check passed for Rahul_Verma_Unstructured_Resume.pdf. Detected: pdf
[2026-08-19T04:05:25.658Z] [INFO] Saved extraction record to Supabase with ID 50 (candidate_id: C1029) for: Rahul_Verma_Unstructured_Resume.pdf
[2026-08-19T04:05:25.659Z] [INFO] Performing magic-number verification for: Vikas_Kumar_Highly_Unstructured_Resume.pdf
[2026-08-19T04:05:25.660Z] [INFO] Magic-number check passed for Vikas_Kumar_Highly_Unstructured_Resume.pdf. Detected: pdf
[2026-08-19T04:05:25.661Z] [INFO] Starting text extraction for type: pdf
[2026-08-19T04:05:25.678Z] [INFO] Extraction complete: 841 characters, 1 pages
[2026-08-19T04:05:25.682Z] [INFO] Cleaned up temporary file: C:\MY JAVA PROGRAM\PDF\uploads\documents-1787112323589-68911832.pdf
[2026-08-19T04:05:25.870Z] [INFO] Saved extraction record to Supabase with ID 51 (candidate_id: C1030) for: Vikas_Kumar_Highly_Unstructured_Resume.pdf
[2026-08-19T04:05:41.542Z] [INFO] Performing magic-number verification for: Anita_Patil_Messy_Resume.pdf
[2026-08-19T04:05:41.544Z] [INFO] Magic-number check passed for Anita_Patil_Messy_Resume.pdf. Detected: pdf
[2026-08-19T04:05:41.544Z] [INFO] Starting text extraction for type: pdf
[2026-08-19T04:05:41.550Z] [INFO] Cleaned up temporary file: C:\MY JAVA PROGRAM\PDF\uploads\documents-1787112340291-391784844.pdf
[2026-08-19T04:05:41.551Z] [ERROR] Error processing file Anita_Patil_Messy_Resume.pdf: bad XRef entry {"stack":"Error\n    at UnknownErrorExceptionClosure (C:\\MY JAVA PROGRAM\\PDF\\node_modules\\pdf-parse\\lib\\pdf.js\\v1.10.100\\build\\pdf.js:443:37)\n    at Object.<anonymous> (C:\\MY JAVA PROGRAM\\PDF\\node_modules\\pdf-parse\\lib\\pdf.js\\v1.10.100\\build\\pdf.js:446:2)\n    at __w_pdfjs_require__ (C:\\MY JAVA PROGRAM\\PDF\\node_modules\\pdf-parse\\lib\\pdf.js\\v1.10.100\\build\\pdf.js:45:30)\n    at Object.<anonymous> (C:\\MY JAVA PROGRAM\\PDF\\node_modules\\pdf-parse\\lib\\pdf.js\\v1.10.100\\build\\pdf.js:7939:23)\n    at __w_pdfjs_require__ (C:\\MY JAVA PROGRAM\\PDF\\node_modules\\pdf-parse\\lib\\pdf.js\\v1.10.100\\build\\pdf.js:45:30)\n    at C:\\MY JAVA PROGRAM\\PDF\\node_modules\\pdf-parse\\lib\\pdf.js\\v1.10.100\\build\\pdf.js:88:18\n    at C:\\MY JAVA PROGRAM\\PDF\\node_modules\\pdf-parse\\lib\\pdf.js\\v1.10.100\\build\\pdf.js:91:10\n    at webpackUniversalModuleDefinition (C:\\MY JAVA PROGRAM\\PDF\\node_modules\\pdf-parse\\lib\\pdf.js\\v1.10.100\\build\\pdf.js:18:20)\n    at Object.<anonymous> (C:\\MY JAVA PROGRAM\\PDF\\node_modules\\pdf-parse\\lib\\pdf.js\\v1.10.100\\build\\pdf.js:25:3)\n    at Module._compile (node:internal/modules/cjs/loader:1830:14)\n    at Object..js (node:internal/modules/cjs/loader:1961:10)\n    at Module.load (node:internal/modules/cjs/loader:1553:32)\n    at Module._load (node:internal/modules/cjs/loader:1355:12)\n    at wrapModuleLoad (node:internal/modules/cjs/loader:255:19)\n    at Module.require (node:internal/modules/cjs/loader:1576:12)\n    at require (node:internal/modules/helpers:153:16)"}
[2026-08-19T04:05:41.729Z] [INFO] Saved extraction record to Supabase with ID 52 (candidate_id: C1031) for: Anita_Patil_Messy_Resume.pdf
[2026-08-19T04:05:41.730Z] [INFO] Performing magic-number verification for: Priya_Sharma_Unstructured_Resume.pdf
[2026-08-19T04:05:41.732Z] [INFO] Magic-number check passed for Priya_Sharma_Unstructured_Resume.pdf. Detected: pdf
[2026-08-19T04:05:41.733Z] [INFO] Starting text extraction for type: pdf
[2026-08-19T04:05:41.744Z] [INFO] Cleaned up temporary file: C:\MY JAVA PROGRAM\PDF\uploads\documents-1787112340292-197006855.pdf
[2026-08-19T04:05:41.745Z] [ERROR] Error processing file Priya_Sharma_Unstructured_Resume.pdf: bad XRef entry {"stack":"Error\n    at UnknownErrorExceptionClosure (C:\\MY JAVA PROGRAM\\PDF\\node_modules\\pdf-parse\\lib\\pdf.js\\v1.10.100\\build\\pdf.js:443:37)\n    at Object.<anonymous> (C:\\MY JAVA PROGRAM\\PDF\\node_modules\\pdf-parse\\lib\\pdf.js\\v1.10.100\\build\\pdf.js:446:2)\n    at __w_pdfjs_require__ (C:\\MY JAVA PROGRAM\\PDF\\node_modules\\pdf-parse\\lib\\pdf.js\\v1.10.100\\build\\pdf.js:45:30)\n    at Object.<anonymous> (C:\\MY JAVA PROGRAM\\PDF\\node_modules\\pdf-parse\\lib\\pdf.js\\v1.10.100\\build\\pdf.js:7939:23)\n    at __w_pdfjs_require__ (C:\\MY JAVA PROGRAM\\PDF\\node_modules\\pdf-parse\\lib\\pdf.js\\v1.10.100\\build\\pdf.js:45:30)\n    at C:\\MY JAVA PROGRAM\\PDF\\node_modules\\pdf-parse\\lib\\pdf.js\\v1.10.100\\build\\pdf.js:88:18\n    at C:\\MY JAVA PROGRAM\\PDF\\node_modules\\pdf-parse\\lib\\pdf.js\\v1.10.100\\build\\pdf.js:91:10\n    at webpackUniversalModuleDefinition (C:\\MY JAVA PROGRAM\\PDF\\node_modules\\pdf-parse\\lib\\pdf.js\\v1.10.100\\build\\pdf.js:18:20)\n    at Object.<anonymous> (C:\\MY JAVA PROGRAM\\PDF\\node_modules\\pdf-parse\\lib\\pdf.js\\v1.10.100\\build\\pdf.js:25:3)\n    at Module._compile (node:internal/modules/cjs/loader:1830:14)\n    at Object..js (node:internal/modules/cjs/loader:1961:10)\n    at Module.load (node:internal/modules/cjs/loader:1553:32)\n    at Module._load (node:internal/modules/cjs/loader:1355:12)\n    at wrapModuleLoad (node:internal/modules/cjs/loader:255:19)\n    at Module.require (node:internal/modules/cjs/loader:1576:12)\n    at require (node:internal/modules/helpers:153:16)"}
[2026-08-19T04:05:41.925Z] [INFO] Saved extraction record to Supabase with ID 53 (candidate_id: C1032) for: Priya_Sharma_Unstructured_Resume.pdf
[2026-08-19T04:05:41.926Z] [INFO] Performing magic-number verification for: Rahul_Verma_Unstructured_Resume.pdf
[2026-08-19T04:05:41.928Z] [INFO] Magic-number check passed for Rahul_Verma_Unstructured_Resume.pdf. Detected: pdf
[2026-08-19T04:05:41.929Z] [INFO] Starting text extraction for type: pdf
[2026-08-19T04:05:41.934Z] [ERROR] Error processing file Rahul_Verma_Unstructured_Resume.pdf: bad XRef entry {"stack":"Error\n    at UnknownErrorExceptionClosure (C:\\MY JAVA PROGRAM\\PDF\\node_modules\\pdf-parse\\lib\\pdf.js\\v1.10.100\\build\\pdf.js:443:37)\n    at Object.<anonymous> (C:\\MY JAVA PROGRAM\\PDF\\node_modules\\pdf-parse\\lib\\pdf.js\\v1.10.100\\build\\pdf.js:446:2)\n    at __w_pdfjs_require__ (C:\\MY JAVA PROGRAM\\PDF\\node_modules\\pdf-parse\\lib\\pdf.js\\v1.10.100\\build\\pdf.js:45:30)\n    at Object.<anonymous> (C:\\MY JAVA PROGRAM\\PDF\\node_modules\\pdf-parse\\lib\\pdf.js\\v1.10.100\\build\\pdf.js:7939:23)\n    at __w_pdfjs_require__ (C:\\MY JAVA PROGRAM\\PDF\\node_modules\\pdf-parse\\lib\\pdf.js\\v1.10.100\\build\\pdf.js:45:30)\n    at C:\\MY JAVA PROGRAM\\PDF\\node_modules\\pdf-parse\\lib\\pdf.js\\v1.10.100\\build\\pdf.js:88:18\n    at C:\\MY JAVA PROGRAM\\PDF\\node_modules\\pdf-parse\\lib\\pdf.js\\v1.10.100\\build\\pdf.js:91:10\n    at webpackUniversalModuleDefinition (C:\\MY JAVA PROGRAM\\PDF\\node_modules\\pdf-parse\\lib\\pdf.js\\v1.10.100\\build\\pdf.js:18:20)\n    at Object.<anonymous> (C:\\MY JAVA PROGRAM\\PDF\\node_modules\\pdf-parse\\lib\\pdf.js\\v1.10.100\\build\\pdf.js:25:3)\n    at Module._compile (node:internal/modules/cjs/loader:1830:14)\n    at Object..js (node:internal/modules/cjs/loader:1961:10)\n    at Module.load (node:internal/modules/cjs/loader:1553:32)\n    at Module._load (node:internal/modules/cjs/loader:1355:12)\n    at wrapModuleLoad (node:internal/modules/cjs/loader:255:19)\n    at Module.require (node:internal/modules/cjs/loader:1576:12)\n    at require (node:internal/modules/helpers:153:16)"}
[2026-08-19T04:05:41.933Z] [INFO] Cleaned up temporary file: C:\MY JAVA PROGRAM\PDF\uploads\documents-1787112340292-326073411.pdf
[2026-08-19T04:05:42.112Z] [INFO] Saved extraction record to Supabase with ID 54 (candidate_id: C1033) for: Rahul_Verma_Unstructured_Resume.pdf
[2026-08-19T04:05:42.112Z] [INFO] Performing magic-number verification for: Vikas_Kumar_Highly_Unstructured_Resume.pdf
[2026-08-19T04:05:42.113Z] [INFO] Magic-number check passed for Vikas_Kumar_Highly_Unstructured_Resume.pdf. Detected: pdf
[2026-08-19T04:05:42.114Z] [INFO] Starting text extraction for type: pdf
[2026-08-19T04:05:42.118Z] [INFO] Cleaned up temporary file: C:\MY JAVA PROGRAM\PDF\uploads\documents-1787112340292-255404011.pdf
[2026-08-19T04:05:42.118Z] [ERROR] Error processing file Vikas_Kumar_Highly_Unstructured_Resume.pdf: bad XRef entry {"stack":"Error\n    at UnknownErrorExceptionClosure (C:\\MY JAVA PROGRAM\\PDF\\node_modules\\pdf-parse\\lib\\pdf.js\\v1.10.100\\build\\pdf.js:443:37)\n    at Object.<anonymous> (C:\\MY JAVA PROGRAM\\PDF\\node_modules\\pdf-parse\\lib\\pdf.js\\v1.10.100\\build\\pdf.js:446:2)\n    at __w_pdfjs_require__ (C:\\MY JAVA PROGRAM\\PDF\\node_modules\\pdf-parse\\lib\\pdf.js\\v1.10.100\\build\\pdf.js:45:30)\n    at Object.<anonymous> (C:\\MY JAVA PROGRAM\\PDF\\node_modules\\pdf-parse\\lib\\pdf.js\\v1.10.100\\build\\pdf.js:7939:23)\n    at __w_pdfjs_require__ (C:\\MY JAVA PROGRAM\\PDF\\node_modules\\pdf-parse\\lib\\pdf.js\\v1.10.100\\build\\pdf.js:45:30)\n    at C:\\MY JAVA PROGRAM\\PDF\\node_modules\\pdf-parse\\lib\\pdf.js\\v1.10.100\\build\\pdf.js:88:18\n    at C:\\MY JAVA PROGRAM\\PDF\\node_modules\\pdf-parse\\lib\\pdf.js\\v1.10.100\\build\\pdf.js:91:10\n    at webpackUniversalModuleDefinition (C:\\MY JAVA PROGRAM\\PDF\\node_modules\\pdf-parse\\lib\\pdf.js\\v1.10.100\\build\\pdf.js:18:20)\n    at Object.<anonymous> (C:\\MY JAVA PROGRAM\\PDF\\node_modules\\pdf-parse\\lib\\pdf.js\\v1.10.100\\build\\pdf.js:25:3)\n    at Module._compile (node:internal/modules/cjs/loader:1830:14)\n    at Object..js (node:internal/modules/cjs/loader:1961:10)\n    at Module.load (node:internal/modules/cjs/loader:1553:32)\n    at Module._load (node:internal/modules/cjs/loader:1355:12)\n    at wrapModuleLoad (node:internal/modules/cjs/loader:255:19)\n    at Module.require (node:internal/modules/cjs/loader:1576:12)\n    at require (node:internal/modules/helpers:153:16)"}
[2026-08-19T04:05:42.291Z] [INFO] Saved extraction record to Supabase with ID 55 (candidate_id: C1034) for: Vikas_Kumar_Highly_Unstructured_Resume.pdf
[2026-08-19T04:06:00.551Z] [INFO] Server is running in production mode on http://localhost:3000
[2026-08-19T04:06:01.650Z] [INFO] Successfully connected to Supabase PostgreSQL database.
[2026-08-19T04:06:02.023Z] [INFO] Database extractions table initialized.
[2026-08-19T04:06:22.960Z] [INFO] Performing magic-number verification for: Anita_Patil_Messy_Resume.pdf
[2026-08-19T04:06:22.965Z] [INFO] Starting text extraction for type: pdf
[2026-08-19T04:06:22.963Z] [INFO] Magic-number check passed for Anita_Patil_Messy_Resume.pdf. Detected: pdf
[2026-08-19T04:06:23.161Z] [INFO] Extraction complete: 636 characters, 1 pages
[2026-08-19T04:06:23.162Z] [INFO] Cleaned up temporary file: C:\MY JAVA PROGRAM\PDF\uploads\documents-1787112381709-508375136.pdf
[2026-08-19T04:06:23.343Z] [INFO] Saved extraction record to Supabase with ID 56 (candidate_id: C1035) for: Anita_Patil_Messy_Resume.pdf
[2026-08-19T04:06:23.344Z] [INFO] Performing magic-number verification for: Priya_Sharma_Unstructured_Resume.pdf
[2026-08-19T04:06:23.347Z] [INFO] Magic-number check passed for Priya_Sharma_Unstructured_Resume.pdf. Detected: pdf
[2026-08-19T04:06:23.386Z] [INFO] Cleaned up temporary file: C:\MY JAVA PROGRAM\PDF\uploads\documents-1787112381714-88781348.pdf
[2026-08-19T04:06:23.349Z] [INFO] Starting text extraction for type: pdf
[2026-08-19T04:06:23.384Z] [INFO] Extraction complete: 695 characters, 1 pages
[2026-08-19T04:06:23.571Z] [INFO] Saved extraction record to Supabase with ID 57 (candidate_id: C1036) for: Priya_Sharma_Unstructured_Resume.pdf
[2026-08-19T04:06:23.572Z] [INFO] Performing magic-number verification for: Rahul_Verma_Unstructured_Resume.pdf
[2026-08-19T04:06:23.574Z] [INFO] Magic-number check passed for Rahul_Verma_Unstructured_Resume.pdf. Detected: pdf
[2026-08-19T04:06:23.575Z] [INFO] Starting text extraction for type: pdf
[2026-08-19T04:06:23.588Z] [INFO] Extraction complete: 633 characters, 1 pages
[2026-08-19T04:06:23.590Z] [INFO] Cleaned up temporary file: C:\MY JAVA PROGRAM\PDF\uploads\documents-1787112381717-543675914.pdf
[2026-08-19T04:06:23.795Z] [INFO] Saved extraction record to Supabase with ID 58 (candidate_id: C1037) for: Rahul_Verma_Unstructured_Resume.pdf
[2026-08-19T04:06:23.795Z] [INFO] Performing magic-number verification for: Vikas_Kumar_Highly_Unstructured_Resume.pdf
[2026-08-19T04:06:23.797Z] [INFO] Magic-number check passed for Vikas_Kumar_Highly_Unstructured_Resume.pdf. Detected: pdf
[2026-08-19T04:06:23.798Z] [INFO] Starting text extraction for type: pdf
[2026-08-19T04:06:23.815Z] [INFO] Extraction complete: 841 characters, 1 pages
[2026-08-19T04:06:23.817Z] [INFO] Cleaned up temporary file: C:\MY JAVA PROGRAM\PDF\uploads\documents-1787112381719-993706392.pdf
[2026-08-19T04:06:24.036Z] [INFO] Saved extraction record to Supabase with ID 59 (candidate_id: C1038) for: Vikas_Kumar_Highly_Unstructured_Resume.pdf
[2026-08-19T04:06:43.386Z] [INFO] Performing magic-number verification for: resume_001_Ananya_Sharma.pdf
[2026-08-19T04:06:43.388Z] [INFO] Magic-number check passed for resume_001_Ananya_Sharma.pdf. Detected: pdf
[2026-08-19T04:06:43.388Z] [INFO] Starting text extraction for type: pdf
[2026-08-19T04:06:43.406Z] [INFO] Extraction complete: 1045 characters, 1 pages
[2026-08-19T04:06:43.410Z] [INFO] Cleaned up temporary file: C:\MY JAVA PROGRAM\PDF\uploads\documents-1787112402074-359635372.pdf
[2026-08-19T04:06:43.590Z] [INFO] Saved extraction record to Supabase with ID 60 (candidate_id: C1039) for: resume_001_Ananya_Sharma.pdf
[2026-08-19T04:06:43.590Z] [INFO] Performing magic-number verification for: resume_002_Priya_Sharma.pdf
[2026-08-19T04:06:43.592Z] [INFO] Magic-number check passed for resume_002_Priya_Sharma.pdf. Detected: pdf
[2026-08-19T04:06:43.594Z] [INFO] Starting text extraction for type: pdf
[2026-08-19T04:06:43.626Z] [INFO] Extraction complete: 1085 characters, 1 pages
[2026-08-19T04:06:43.632Z] [INFO] Cleaned up temporary file: C:\MY JAVA PROGRAM\PDF\uploads\documents-1787112402075-875011237.pdf
[2026-08-19T04:06:43.796Z] [INFO] Saved extraction record to Supabase with ID 61 (candidate_id: C1040) for: resume_002_Priya_Sharma.pdf
[2026-08-19T04:06:43.796Z] [INFO] Performing magic-number verification for: resume_003_Neha_Shah.pdf
[2026-08-19T04:06:43.801Z] [INFO] Starting text extraction for type: pdf
[2026-08-19T04:06:43.813Z] [INFO] Cleaned up temporary file: C:\MY JAVA PROGRAM\PDF\uploads\documents-1787112402076-334985007.pdf
[2026-08-19T04:06:43.816Z] [ERROR] Error processing file resume_003_Neha_Shah.pdf: bad XRef entry {"stack":"Error\n    at UnknownErrorExceptionClosure (C:\\MY JAVA PROGRAM\\PDF\\node_modules\\pdf-parse\\lib\\pdf.js\\v1.10.100\\build\\pdf.js:443:37)\n    at Object.<anonymous> (C:\\MY JAVA PROGRAM\\PDF\\node_modules\\pdf-parse\\lib\\pdf.js\\v1.10.100\\build\\pdf.js:446:2)\n    at __w_pdfjs_require__ (C:\\MY JAVA PROGRAM\\PDF\\node_modules\\pdf-parse\\lib\\pdf.js\\v1.10.100\\build\\pdf.js:45:30)\n    at Object.<anonymous> (C:\\MY JAVA PROGRAM\\PDF\\node_modules\\pdf-parse\\lib\\pdf.js\\v1.10.100\\build\\pdf.js:7939:23)\n    at __w_pdfjs_require__ (C:\\MY JAVA PROGRAM\\PDF\\node_modules\\pdf-parse\\lib\\pdf.js\\v1.10.100\\build\\pdf.js:45:30)\n    at C:\\MY JAVA PROGRAM\\PDF\\node_modules\\pdf-parse\\lib\\pdf.js\\v1.10.100\\build\\pdf.js:88:18\n    at C:\\MY JAVA PROGRAM\\PDF\\node_modules\\pdf-parse\\lib\\pdf.js\\v1.10.100\\build\\pdf.js:91:10\n    at webpackUniversalModuleDefinition (C:\\MY JAVA PROGRAM\\PDF\\node_modules\\pdf-parse\\lib\\pdf.js\\v1.10.100\\build\\pdf.js:18:20)\n    at Object.<anonymous> (C:\\MY JAVA PROGRAM\\PDF\\node_modules\\pdf-parse\\lib\\pdf.js\\v1.10.100\\build\\pdf.js:25:3)\n    at Module._compile (node:internal/modules/cjs/loader:1830:14)\n    at Object..js (node:internal/modules/cjs/loader:1961:10)\n    at Module.load (node:internal/modules/cjs/loader:1553:32)\n    at Module._load (node:internal/modules/cjs/loader:1355:12)\n    at wrapModuleLoad (node:internal/modules/cjs/loader:255:19)\n    at Module.require (node:internal/modules/cjs/loader:1576:12)\n    at require (node:internal/modules/helpers:153:16)"}
[2026-08-19T04:06:43.799Z] [INFO] Magic-number check passed for resume_003_Neha_Shah.pdf. Detected: pdf
[2026-08-19T04:06:43.992Z] [INFO] Saved extraction record to Supabase with ID 62 (candidate_id: C1041) for: resume_003_Neha_Shah.pdf
[2026-08-19T04:06:43.993Z] [INFO] Performing magic-number verification for: resume_004_Aditya_Patel.pdf
[2026-08-19T04:06:43.994Z] [INFO] Magic-number check passed for resume_004_Aditya_Patel.pdf. Detected: pdf
[2026-08-19T04:06:43.995Z] [INFO] Starting text extraction for type: pdf
[2026-08-19T04:06:44.000Z] [INFO] Cleaned up temporary file: C:\MY JAVA PROGRAM\PDF\uploads\documents-1787112402079-50857153.pdf
[2026-08-19T04:06:44.002Z] [ERROR] Error processing file resume_004_Aditya_Patel.pdf: Illegal character: 41 {"stack":"Error\n    at UnknownErrorExceptionClosure (C:\\MY JAVA PROGRAM\\PDF\\node_modules\\pdf-parse\\lib\\pdf.js\\v1.10.100\\build\\pdf.js:443:37)\n    at Object.<anonymous> (C:\\MY JAVA PROGRAM\\PDF\\node_modules\\pdf-parse\\lib\\pdf.js\\v1.10.100\\build\\pdf.js:446:2)\n    at __w_pdfjs_require__ (C:\\MY JAVA PROGRAM\\PDF\\node_modules\\pdf-parse\\lib\\pdf.js\\v1.10.100\\build\\pdf.js:45:30)\n    at Object.<anonymous> (C:\\MY JAVA PROGRAM\\PDF\\node_modules\\pdf-parse\\lib\\pdf.js\\v1.10.100\\build\\pdf.js:7939:23)\n    at __w_pdfjs_require__ (C:\\MY JAVA PROGRAM\\PDF\\node_modules\\pdf-parse\\lib\\pdf.js\\v1.10.100\\build\\pdf.js:45:30)\n    at C:\\MY JAVA PROGRAM\\PDF\\node_modules\\pdf-parse\\lib\\pdf.js\\v1.10.100\\build\\pdf.js:88:18\n    at C:\\MY JAVA PROGRAM\\PDF\\node_modules\\pdf-parse\\lib\\pdf.js\\v1.10.100\\build\\pdf.js:91:10\n    at webpackUniversalModuleDefinition (C:\\MY JAVA PROGRAM\\PDF\\node_modules\\pdf-parse\\lib\\pdf.js\\v1.10.100\\build\\pdf.js:18:20)\n    at Object.<anonymous> (C:\\MY JAVA PROGRAM\\PDF\\node_modules\\pdf-parse\\lib\\pdf.js\\v1.10.100\\build\\pdf.js:25:3)\n    at Module._compile (node:internal/modules/cjs/loader:1830:14)\n    at Object..js (node:internal/modules/cjs/loader:1961:10)\n    at Module.load (node:internal/modules/cjs/loader:1553:32)\n    at Module._load (node:internal/modules/cjs/loader:1355:12)\n    at wrapModuleLoad (node:internal/modules/cjs/loader:255:19)\n    at Module.require (node:internal/modules/cjs/loader:1576:12)\n    at require (node:internal/modules/helpers:153:16)"}
[2026-08-19T04:06:44.187Z] [INFO] Saved extraction record to Supabase with ID 63 (candidate_id: C1042) for: resume_004_Aditya_Patel.pdf
[2026-08-19T04:06:44.188Z] [INFO] Performing magic-number verification for: resume_005_Karan_Patel.pdf
[2026-08-19T04:06:44.189Z] [INFO] Magic-number check passed for resume_005_Karan_Patel.pdf. Detected: pdf
[2026-08-19T04:06:44.220Z] [INFO] Cleaned up temporary file: C:\MY JAVA PROGRAM\PDF\uploads\documents-1787112402079-140762626.pdf
[2026-08-19T04:06:44.191Z] [INFO] Starting text extraction for type: pdf
[2026-08-19T04:06:44.222Z] [ERROR] Error processing file resume_005_Karan_Patel.pdf: bad XRef entry {"stack":"Error\n    at UnknownErrorExceptionClosure (C:\\MY JAVA PROGRAM\\PDF\\node_modules\\pdf-parse\\lib\\pdf.js\\v1.10.100\\build\\pdf.js:443:37)\n    at Object.<anonymous> (C:\\MY JAVA PROGRAM\\PDF\\node_modules\\pdf-parse\\lib\\pdf.js\\v1.10.100\\build\\pdf.js:446:2)\n    at __w_pdfjs_require__ (C:\\MY JAVA PROGRAM\\PDF\\node_modules\\pdf-parse\\lib\\pdf.js\\v1.10.100\\build\\pdf.js:45:30)\n    at Object.<anonymous> (C:\\MY JAVA PROGRAM\\PDF\\node_modules\\pdf-parse\\lib\\pdf.js\\v1.10.100\\build\\pdf.js:7939:23)\n    at __w_pdfjs_require__ (C:\\MY JAVA PROGRAM\\PDF\\node_modules\\pdf-parse\\lib\\pdf.js\\v1.10.100\\build\\pdf.js:45:30)\n    at C:\\MY JAVA PROGRAM\\PDF\\node_modules\\pdf-parse\\lib\\pdf.js\\v1.10.100\\build\\pdf.js:88:18\n    at C:\\MY JAVA PROGRAM\\PDF\\node_modules\\pdf-parse\\lib\\pdf.js\\v1.10.100\\build\\pdf.js:91:10\n    at webpackUniversalModuleDefinition (C:\\MY JAVA PROGRAM\\PDF\\node_modules\\pdf-parse\\lib\\pdf.js\\v1.10.100\\build\\pdf.js:18:20)\n    at Object.<anonymous> (C:\\MY JAVA PROGRAM\\PDF\\node_modules\\pdf-parse\\lib\\pdf.js\\v1.10.100\\build\\pdf.js:25:3)\n    at Module._compile (node:internal/modules/cjs/loader:1830:14)\n    at Object..js (node:internal/modules/cjs/loader:1961:10)\n    at Module.load (node:internal/modules/cjs/loader:1553:32)\n    at Module._load (node:internal/modules/cjs/loader:1355:12)\n    at wrapModuleLoad (node:internal/modules/cjs/loader:255:19)\n    at Module.require (node:internal/modules/cjs/loader:1576:12)\n    at require (node:internal/modules/helpers:153:16)"}
[2026-08-19T04:06:44.782Z] [INFO] Saved extraction record to Supabase with ID 64 (candidate_id: C1043) for: resume_005_Karan_Patel.pdf
[2026-08-19T04:06:44.783Z] [INFO] Performing magic-number verification for: resume_006_Kavya_Patel.pdf
[2026-08-19T04:06:44.786Z] [INFO] Starting text extraction for type: pdf
[2026-08-19T04:06:44.784Z] [INFO] Magic-number check passed for resume_006_Kavya_Patel.pdf. Detected: pdf
[2026-08-19T04:06:44.799Z] [INFO] Cleaned up temporary file: C:\MY JAVA PROGRAM\PDF\uploads\documents-1787112402079-427357109.pdf
[2026-08-19T04:06:44.804Z] [ERROR] Error processing file resume_006_Kavya_Patel.pdf: bad XRef entry {"stack":"Error\n    at UnknownErrorExceptionClosure (C:\\MY JAVA PROGRAM\\PDF\\node_modules\\pdf-parse\\lib\\pdf.js\\v1.10.100\\build\\pdf.js:443:37)\n    at Object.<anonymous> (C:\\MY JAVA PROGRAM\\PDF\\node_modules\\pdf-parse\\lib\\pdf.js\\v1.10.100\\build\\pdf.js:446:2)\n    at __w_pdfjs_require__ (C:\\MY JAVA PROGRAM\\PDF\\node_modules\\pdf-parse\\lib\\pdf.js\\v1.10.100\\build\\pdf.js:45:30)\n    at Object.<anonymous> (C:\\MY JAVA PROGRAM\\PDF\\node_modules\\pdf-parse\\lib\\pdf.js\\v1.10.100\\build\\pdf.js:7939:23)\n    at __w_pdfjs_require__ (C:\\MY JAVA PROGRAM\\PDF\\node_modules\\pdf-parse\\lib\\pdf.js\\v1.10.100\\build\\pdf.js:45:30)\n    at C:\\MY JAVA PROGRAM\\PDF\\node_modules\\pdf-parse\\lib\\pdf.js\\v1.10.100\\build\\pdf.js:88:18\n    at C:\\MY JAVA PROGRAM\\PDF\\node_modules\\pdf-parse\\lib\\pdf.js\\v1.10.100\\build\\pdf.js:91:10\n    at webpackUniversalModuleDefinition (C:\\MY JAVA PROGRAM\\PDF\\node_modules\\pdf-parse\\lib\\pdf.js\\v1.10.100\\build\\pdf.js:18:20)\n    at Object.<anonymous> (C:\\MY JAVA PROGRAM\\PDF\\node_modules\\pdf-parse\\lib\\pdf.js\\v1.10.100\\build\\pdf.js:25:3)\n    at Module._compile (node:internal/modules/cjs/loader:1830:14)\n    at Object..js (node:internal/modules/cjs/loader:1961:10)\n    at Module.load (node:internal/modules/cjs/loader:1553:32)\n    at Module._load (node:internal/modules/cjs/loader:1355:12)\n    at wrapModuleLoad (node:internal/modules/cjs/loader:255:19)\n    at Module.require (node:internal/modules/cjs/loader:1576:12)\n    at require (node:internal/modules/helpers:153:16)"}
[2026-08-19T04:06:44.976Z] [INFO] Saved extraction record to Supabase with ID 65 (candidate_id: C1044) for: resume_006_Kavya_Patel.pdf
[2026-08-19T04:06:44.977Z] [INFO] Performing magic-number verification for: resume_007_Arjun_Nair.pdf
[2026-08-19T04:06:44.978Z] [INFO] Magic-number check passed for resume_007_Arjun_Nair.pdf. Detected: pdf
[2026-08-19T04:06:44.979Z] [INFO] Starting text extraction for type: pdf
[2026-08-19T04:06:44.986Z] [INFO] Cleaned up temporary file: C:\MY JAVA PROGRAM\PDF\uploads\documents-1787112402080-192086514.pdf
[2026-08-19T04:06:44.990Z] [ERROR] Error processing file resume_007_Arjun_Nair.pdf: bad XRef entry {"stack":"Error\n    at UnknownErrorExceptionClosure (C:\\MY JAVA PROGRAM\\PDF\\node_modules\\pdf-parse\\lib\\pdf.js\\v1.10.100\\build\\pdf.js:443:37)\n    at Object.<anonymous> (C:\\MY JAVA PROGRAM\\PDF\\node_modules\\pdf-parse\\lib\\pdf.js\\v1.10.100\\build\\pdf.js:446:2)\n    at __w_pdfjs_require__ (C:\\MY JAVA PROGRAM\\PDF\\node_modules\\pdf-parse\\lib\\pdf.js\\v1.10.100\\build\\pdf.js:45:30)\n    at Object.<anonymous> (C:\\MY JAVA PROGRAM\\PDF\\node_modules\\pdf-parse\\lib\\pdf.js\\v1.10.100\\build\\pdf.js:7939:23)\n    at __w_pdfjs_require__ (C:\\MY JAVA PROGRAM\\PDF\\node_modules\\pdf-parse\\lib\\pdf.js\\v1.10.100\\build\\pdf.js:45:30)\n    at C:\\MY JAVA PROGRAM\\PDF\\node_modules\\pdf-parse\\lib\\pdf.js\\v1.10.100\\build\\pdf.js:88:18\n    at C:\\MY JAVA PROGRAM\\PDF\\node_modules\\pdf-parse\\lib\\pdf.js\\v1.10.100\\build\\pdf.js:91:10\n    at webpackUniversalModuleDefinition (C:\\MY JAVA PROGRAM\\PDF\\node_modules\\pdf-parse\\lib\\pdf.js\\v1.10.100\\build\\pdf.js:18:20)\n    at Object.<anonymous> (C:\\MY JAVA PROGRAM\\PDF\\node_modules\\pdf-parse\\lib\\pdf.js\\v1.10.100\\build\\pdf.js:25:3)\n    at Module._compile (node:internal/modules/cjs/loader:1830:14)\n    at Object..js (node:internal/modules/cjs/loader:1961:10)\n    at Module.load (node:internal/modules/cjs/loader:1553:32)\n    at Module._load (node:internal/modules/cjs/loader:1355:12)\n    at wrapModuleLoad (node:internal/modules/cjs/loader:255:19)\n    at Module.require (node:internal/modules/cjs/loader:1576:12)\n    at require (node:internal/modules/helpers:153:16)"}
[2026-08-19T04:06:45.182Z] [INFO] Saved extraction record to Supabase with ID 66 (candidate_id: C1045) for: resume_007_Arjun_Nair.pdf
[2026-08-19T04:06:45.183Z] [INFO] Performing magic-number verification for: resume_008_Neha_Kulkarni.pdf
[2026-08-19T04:06:45.185Z] [INFO] Magic-number check passed for resume_008_Neha_Kulkarni.pdf. Detected: pdf
[2026-08-19T04:06:45.185Z] [INFO] Starting text extraction for type: pdf
[2026-08-19T04:06:45.190Z] [INFO] Cleaned up temporary file: C:\MY JAVA PROGRAM\PDF\uploads\documents-1787112402080-837141459.pdf
[2026-08-19T04:06:45.192Z] [ERROR] Error processing file resume_008_Neha_Kulkarni.pdf: bad XRef entry {"stack":"Error\n    at UnknownErrorExceptionClosure (C:\\MY JAVA PROGRAM\\PDF\\node_modules\\pdf-parse\\lib\\pdf.js\\v1.10.100\\build\\pdf.js:443:37)\n    at Object.<anonymous> (C:\\MY JAVA PROGRAM\\PDF\\node_modules\\pdf-parse\\lib\\pdf.js\\v1.10.100\\build\\pdf.js:446:2)\n    at __w_pdfjs_require__ (C:\\MY JAVA PROGRAM\\PDF\\node_modules\\pdf-parse\\lib\\pdf.js\\v1.10.100\\build\\pdf.js:45:30)\n    at Object.<anonymous> (C:\\MY JAVA PROGRAM\\PDF\\node_modules\\pdf-parse\\lib\\pdf.js\\v1.10.100\\build\\pdf.js:7939:23)\n    at __w_pdfjs_require__ (C:\\MY JAVA PROGRAM\\PDF\\node_modules\\pdf-parse\\lib\\pdf.js\\v1.10.100\\build\\pdf.js:45:30)\n    at C:\\MY JAVA PROGRAM\\PDF\\node_modules\\pdf-parse\\lib\\pdf.js\\v1.10.100\\build\\pdf.js:88:18\n    at C:\\MY JAVA PROGRAM\\PDF\\node_modules\\pdf-parse\\lib\\pdf.js\\v1.10.100\\build\\pdf.js:91:10\n    at webpackUniversalModuleDefinition (C:\\MY JAVA PROGRAM\\PDF\\node_modules\\pdf-parse\\lib\\pdf.js\\v1.10.100\\build\\pdf.js:18:20)\n    at Object.<anonymous> (C:\\MY JAVA PROGRAM\\PDF\\node_modules\\pdf-parse\\lib\\pdf.js\\v1.10.100\\build\\pdf.js:25:3)\n    at Module._compile (node:internal/modules/cjs/loader:1830:14)\n    at Object..js (node:internal/modules/cjs/loader:1961:10)\n    at Module.load (node:internal/modules/cjs/loader:1553:32)\n    at Module._load (node:internal/modules/cjs/loader:1355:12)\n    at wrapModuleLoad (node:internal/modules/cjs/loader:255:19)\n    at Module.require (node:internal/modules/cjs/loader:1576:12)\n    at require (node:internal/modules/helpers:153:16)"}
[2026-08-19T04:06:45.392Z] [INFO] Saved extraction record to Supabase with ID 67 (candidate_id: C1046) for: resume_008_Neha_Kulkarni.pdf
[2026-08-19T04:06:45.393Z] [INFO] Performing magic-number verification for: resume_009_Vikram_Kulkarni.pdf
[2026-08-19T04:06:45.394Z] [INFO] Magic-number check passed for resume_009_Vikram_Kulkarni.pdf. Detected: pdf
[2026-08-19T04:06:45.395Z] [INFO] Starting text extraction for type: pdf
[2026-08-19T04:06:45.412Z] [INFO] Cleaned up temporary file: C:\MY JAVA PROGRAM\PDF\uploads\documents-1787112402080-68381186.pdf
[2026-08-19T04:06:45.415Z] [ERROR] Error processing file resume_009_Vikram_Kulkarni.pdf: bad XRef entry {"stack":"Error\n    at UnknownErrorExceptionClosure (C:\\MY JAVA PROGRAM\\PDF\\node_modules\\pdf-parse\\lib\\pdf.js\\v1.10.100\\build\\pdf.js:443:37)\n    at Object.<anonymous> (C:\\MY JAVA PROGRAM\\PDF\\node_modules\\pdf-parse\\lib\\pdf.js\\v1.10.100\\build\\pdf.js:446:2)\n    at __w_pdfjs_require__ (C:\\MY JAVA PROGRAM\\PDF\\node_modules\\pdf-parse\\lib\\pdf.js\\v1.10.100\\build\\pdf.js:45:30)\n    at Object.<anonymous> (C:\\MY JAVA PROGRAM\\PDF\\node_modules\\pdf-parse\\lib\\pdf.js\\v1.10.100\\build\\pdf.js:7939:23)\n    at __w_pdfjs_require__ (C:\\MY JAVA PROGRAM\\PDF\\node_modules\\pdf-parse\\lib\\pdf.js\\v1.10.100\\build\\pdf.js:45:30)\n    at C:\\MY JAVA PROGRAM\\PDF\\node_modules\\pdf-parse\\lib\\pdf.js\\v1.10.100\\build\\pdf.js:88:18\n    at C:\\MY JAVA PROGRAM\\PDF\\node_modules\\pdf-parse\\lib\\pdf.js\\v1.10.100\\build\\pdf.js:91:10\n    at webpackUniversalModuleDefinition (C:\\MY JAVA PROGRAM\\PDF\\node_modules\\pdf-parse\\lib\\pdf.js\\v1.10.100\\build\\pdf.js:18:20)\n    at Object.<anonymous> (C:\\MY JAVA PROGRAM\\PDF\\node_modules\\pdf-parse\\lib\\pdf.js\\v1.10.100\\build\\pdf.js:25:3)\n    at Module._compile (node:internal/modules/cjs/loader:1830:14)\n    at Object..js (node:internal/modules/cjs/loader:1961:10)\n    at Module.load (node:internal/modules/cjs/loader:1553:32)\n    at Module._load (node:internal/modules/cjs/loader:1355:12)\n    at wrapModuleLoad (node:internal/modules/cjs/loader:255:19)\n    at Module.require (node:internal/modules/cjs/loader:1576:12)\n    at require (node:internal/modules/helpers:153:16)"}
[2026-08-19T04:06:45.616Z] [INFO] Saved extraction record to Supabase with ID 68 (candidate_id: C1047) for: resume_009_Vikram_Kulkarni.pdf
[2026-08-19T04:06:45.617Z] [INFO] Performing magic-number verification for: resume_010_Meera_Deshmukh.pdf
[2026-08-19T04:06:45.619Z] [INFO] Magic-number check passed for resume_010_Meera_Deshmukh.pdf. Detected: pdf
[2026-08-19T04:06:45.619Z] [INFO] Starting text extraction for type: pdf
[2026-08-19T04:06:45.627Z] [INFO] Cleaned up temporary file: C:\MY JAVA PROGRAM\PDF\uploads\documents-1787112402080-730994521.pdf
[2026-08-19T04:06:45.632Z] [ERROR] Error processing file resume_010_Meera_Deshmukh.pdf: bad XRef entry {"stack":"Error\n    at UnknownErrorExceptionClosure (C:\\MY JAVA PROGRAM\\PDF\\node_modules\\pdf-parse\\lib\\pdf.js\\v1.10.100\\build\\pdf.js:443:37)\n    at Object.<anonymous> (C:\\MY JAVA PROGRAM\\PDF\\node_modules\\pdf-parse\\lib\\pdf.js\\v1.10.100\\build\\pdf.js:446:2)\n    at __w_pdfjs_require__ (C:\\MY JAVA PROGRAM\\PDF\\node_modules\\pdf-parse\\lib\\pdf.js\\v1.10.100\\build\\pdf.js:45:30)\n    at Object.<anonymous> (C:\\MY JAVA PROGRAM\\PDF\\node_modules\\pdf-parse\\lib\\pdf.js\\v1.10.100\\build\\pdf.js:7939:23)\n    at __w_pdfjs_require__ (C:\\MY JAVA PROGRAM\\PDF\\node_modules\\pdf-parse\\lib\\pdf.js\\v1.10.100\\build\\pdf.js:45:30)\n    at C:\\MY JAVA PROGRAM\\PDF\\node_modules\\pdf-parse\\lib\\pdf.js\\v1.10.100\\build\\pdf.js:88:18\n    at C:\\MY JAVA PROGRAM\\PDF\\node_modules\\pdf-parse\\lib\\pdf.js\\v1.10.100\\build\\pdf.js:91:10\n    at webpackUniversalModuleDefinition (C:\\MY JAVA PROGRAM\\PDF\\node_modules\\pdf-parse\\lib\\pdf.js\\v1.10.100\\build\\pdf.js:18:20)\n    at Object.<anonymous> (C:\\MY JAVA PROGRAM\\PDF\\node_modules\\pdf-parse\\lib\\pdf.js\\v1.10.100\\build\\pdf.js:25:3)\n    at Module._compile (node:internal/modules/cjs/loader:1830:14)\n    at Object..js (node:internal/modules/cjs/loader:1961:10)\n    at Module.load (node:internal/modules/cjs/loader:1553:32)\n    at Module._load (node:internal/modules/cjs/loader:1355:12)\n    at wrapModuleLoad (node:internal/modules/cjs/loader:255:19)\n    at Module.require (node:internal/modules/cjs/loader:1576:12)\n    at require (node:internal/modules/helpers:153:16)"}
[2026-08-19T04:06:45.818Z] [INFO] Saved extraction record to Supabase with ID 69 (candidate_id: C1048) for: resume_010_Meera_Deshmukh.pdf
[2026-08-19T04:06:45.819Z] [INFO] Performing magic-number verification for: resume_011_Sneha_Reddy.pdf
[2026-08-19T04:06:45.820Z] [INFO] Magic-number check passed for resume_011_Sneha_Reddy.pdf. Detected: pdf
[2026-08-19T04:06:45.820Z] [INFO] Starting text extraction for type: pdf
[2026-08-19T04:06:45.833Z] [INFO] Cleaned up temporary file: C:\MY JAVA PROGRAM\PDF\uploads\documents-1787112402080-538126485.pdf
[2026-08-19T04:06:45.838Z] [ERROR] Error processing file resume_011_Sneha_Reddy.pdf: bad XRef entry {"stack":"Error\n    at UnknownErrorExceptionClosure (C:\\MY JAVA PROGRAM\\PDF\\node_modules\\pdf-parse\\lib\\pdf.js\\v1.10.100\\build\\pdf.js:443:37)\n    at Object.<anonymous> (C:\\MY JAVA PROGRAM\\PDF\\node_modules\\pdf-parse\\lib\\pdf.js\\v1.10.100\\build\\pdf.js:446:2)\n    at __w_pdfjs_require__ (C:\\MY JAVA PROGRAM\\PDF\\node_modules\\pdf-parse\\lib\\pdf.js\\v1.10.100\\build\\pdf.js:45:30)\n    at Object.<anonymous> (C:\\MY JAVA PROGRAM\\PDF\\node_modules\\pdf-parse\\lib\\pdf.js\\v1.10.100\\build\\pdf.js:7939:23)\n    at __w_pdfjs_require__ (C:\\MY JAVA PROGRAM\\PDF\\node_modules\\pdf-parse\\lib\\pdf.js\\v1.10.100\\build\\pdf.js:45:30)\n    at C:\\MY JAVA PROGRAM\\PDF\\node_modules\\pdf-parse\\lib\\pdf.js\\v1.10.100\\build\\pdf.js:88:18\n    at C:\\MY JAVA PROGRAM\\PDF\\node_modules\\pdf-parse\\lib\\pdf.js\\v1.10.100\\build\\pdf.js:91:10\n    at webpackUniversalModuleDefinition (C:\\MY JAVA PROGRAM\\PDF\\node_modules\\pdf-parse\\lib\\pdf.js\\v1.10.100\\build\\pdf.js:18:20)\n    at Object.<anonymous> (C:\\MY JAVA PROGRAM\\PDF\\node_modules\\pdf-parse\\lib\\pdf.js\\v1.10.100\\build\\pdf.js:25:3)\n    at Module._compile (node:internal/modules/cjs/loader:1830:14)\n    at Object..js (node:internal/modules/cjs/loader:1961:10)\n    at Module.load (node:internal/modules/cjs/loader:1553:32)\n    at Module._load (node:internal/modules/cjs/loader:1355:12)\n    at wrapModuleLoad (node:internal/modules/cjs/loader:255:19)\n    at Module.require (node:internal/modules/cjs/loader:1576:12)\n    at require (node:internal/modules/helpers:153:16)"}
[2026-08-19T04:06:46.011Z] [INFO] Saved extraction record to Supabase with ID 70 (candidate_id: C1049) for: resume_011_Sneha_Reddy.pdf
[2026-08-19T04:06:46.012Z] [INFO] Performing magic-number verification for: resume_012_Ananya_Kulkarni.pdf
[2026-08-19T04:06:46.013Z] [INFO] Magic-number check passed for resume_012_Ananya_Kulkarni.pdf. Detected: pdf
[2026-08-19T04:06:46.013Z] [INFO] Starting text extraction for type: pdf
[2026-08-19T04:06:46.025Z] [INFO] Cleaned up temporary file: C:\MY JAVA PROGRAM\PDF\uploads\documents-1787112402080-24499083.pdf
[2026-08-19T04:06:46.031Z] [ERROR] Error processing file resume_012_Ananya_Kulkarni.pdf: bad XRef entry {"stack":"Error\n    at UnknownErrorExceptionClosure (C:\\MY JAVA PROGRAM\\PDF\\node_modules\\pdf-parse\\lib\\pdf.js\\v1.10.100\\build\\pdf.js:443:37)\n    at Object.<anonymous> (C:\\MY JAVA PROGRAM\\PDF\\node_modules\\pdf-parse\\lib\\pdf.js\\v1.10.100\\build\\pdf.js:446:2)\n    at __w_pdfjs_require__ (C:\\MY JAVA PROGRAM\\PDF\\node_modules\\pdf-parse\\lib\\pdf.js\\v1.10.100\\build\\pdf.js:45:30)\n    at Object.<anonymous> (C:\\MY JAVA PROGRAM\\PDF\\node_modules\\pdf-parse\\lib\\pdf.js\\v1.10.100\\build\\pdf.js:7939:23)\n    at __w_pdfjs_require__ (C:\\MY JAVA PROGRAM\\PDF\\node_modules\\pdf-parse\\lib\\pdf.js\\v1.10.100\\build\\pdf.js:45:30)\n    at C:\\MY JAVA PROGRAM\\PDF\\node_modules\\pdf-parse\\lib\\pdf.js\\v1.10.100\\build\\pdf.js:88:18\n    at C:\\MY JAVA PROGRAM\\PDF\\node_modules\\pdf-parse\\lib\\pdf.js\\v1.10.100\\build\\pdf.js:91:10\n    at webpackUniversalModuleDefinition (C:\\MY JAVA PROGRAM\\PDF\\node_modules\\pdf-parse\\lib\\pdf.js\\v1.10.100\\build\\pdf.js:18:20)\n    at Object.<anonymous> (C:\\MY JAVA PROGRAM\\PDF\\node_modules\\pdf-parse\\lib\\pdf.js\\v1.10.100\\build\\pdf.js:25:3)\n    at Module._compile (node:internal/modules/cjs/loader:1830:14)\n    at Object..js (node:internal/modules/cjs/loader:1961:10)\n    at Module.load (node:internal/modules/cjs/loader:1553:32)\n    at Module._load (node:internal/modules/cjs/loader:1355:12)\n    at wrapModuleLoad (node:internal/modules/cjs/loader:255:19)\n    at Module.require (node:internal/modules/cjs/loader:1576:12)\n    at require (node:internal/modules/helpers:153:16)"}
[2026-08-19T04:06:46.244Z] [INFO] Saved extraction record to Supabase with ID 71 (candidate_id: C1050) for: resume_012_Ananya_Kulkarni.pdf
[2026-08-19T04:06:46.245Z] [INFO] Performing magic-number verification for: resume_013_Sneha_Gupta.pdf
[2026-08-19T04:06:46.246Z] [INFO] Magic-number check passed for resume_013_Sneha_Gupta.pdf. Detected: pdf
[2026-08-19T04:06:46.247Z] [INFO] Starting text extraction for type: pdf
[2026-08-19T04:06:46.255Z] [INFO] Cleaned up temporary file: C:\MY JAVA PROGRAM\PDF\uploads\documents-1787112402080-249607526.pdf
[2026-08-19T04:06:46.262Z] [ERROR] Error processing file resume_013_Sneha_Gupta.pdf: bad XRef entry {"stack":"Error\n    at UnknownErrorExceptionClosure (C:\\MY JAVA PROGRAM\\PDF\\node_modules\\pdf-parse\\lib\\pdf.js\\v1.10.100\\build\\pdf.js:443:37)\n    at Object.<anonymous> (C:\\MY JAVA PROGRAM\\PDF\\node_modules\\pdf-parse\\lib\\pdf.js\\v1.10.100\\build\\pdf.js:446:2)\n    at __w_pdfjs_require__ (C:\\MY JAVA PROGRAM\\PDF\\node_modules\\pdf-parse\\lib\\pdf.js\\v1.10.100\\build\\pdf.js:45:30)\n    at Object.<anonymous> (C:\\MY JAVA PROGRAM\\PDF\\node_modules\\pdf-parse\\lib\\pdf.js\\v1.10.100\\build\\pdf.js:7939:23)\n    at __w_pdfjs_require__ (C:\\MY JAVA PROGRAM\\PDF\\node_modules\\pdf-parse\\lib\\pdf.js\\v1.10.100\\build\\pdf.js:45:30)\n    at C:\\MY JAVA PROGRAM\\PDF\\node_modules\\pdf-parse\\lib\\pdf.js\\v1.10.100\\build\\pdf.js:88:18\n    at C:\\MY JAVA PROGRAM\\PDF\\node_modules\\pdf-parse\\lib\\pdf.js\\v1.10.100\\build\\pdf.js:91:10\n    at webpackUniversalModuleDefinition (C:\\MY JAVA PROGRAM\\PDF\\node_modules\\pdf-parse\\lib\\pdf.js\\v1.10.100\\build\\pdf.js:18:20)\n    at Object.<anonymous> (C:\\MY JAVA PROGRAM\\PDF\\node_modules\\pdf-parse\\lib\\pdf.js\\v1.10.100\\build\\pdf.js:25:3)\n    at Module._compile (node:internal/modules/cjs/loader:1830:14)\n    at Object..js (node:internal/modules/cjs/loader:1961:10)\n    at Module.load (node:internal/modules/cjs/loader:1553:32)\n    at Module._load (node:internal/modules/cjs/loader:1355:12)\n    at wrapModuleLoad (node:internal/modules/cjs/loader:255:19)\n    at Module.require (node:internal/modules/cjs/loader:1576:12)\n    at require (node:internal/modules/helpers:153:16)"}
[2026-08-19T04:06:46.477Z] [INFO] Saved extraction record to Supabase with ID 72 (candidate_id: C1051) for: resume_013_Sneha_Gupta.pdf
[2026-08-19T04:08:23.676Z] [INFO] Server is running in production mode on http://localhost:3000
[2026-08-19T04:08:24.801Z] [INFO] Successfully connected to Supabase PostgreSQL database.
[2026-08-19T04:08:25.172Z] [INFO] Database extractions table initialized.
[2026-08-19T04:09:00.716Z] [INFO] Performing magic-number verification for: resume_001_Ananya_Sharma.pdf
[2026-08-19T04:09:00.719Z] [INFO] Magic-number check passed for resume_001_Ananya_Sharma.pdf. Detected: pdf
[2026-08-19T04:09:00.720Z] [INFO] Starting text extraction for type: pdf
[2026-08-19T04:09:00.966Z] [INFO] Extraction complete: 1045 characters, 1 pages
[2026-08-19T04:09:00.967Z] [INFO] Cleaned up temporary file: C:\MY JAVA PROGRAM\PDF\uploads\documents-1787112539385-915659104.pdf
[2026-08-19T04:09:01.150Z] [INFO] Saved extraction record to Supabase with ID 73 (candidate_id: C1052) for: resume_001_Ananya_Sharma.pdf
[2026-08-19T04:09:01.151Z] [INFO] Performing magic-number verification for: resume_002_Priya_Sharma.pdf
[2026-08-19T04:09:01.153Z] [INFO] Starting text extraction for type: pdf
[2026-08-19T04:09:01.153Z] [INFO] Magic-number check passed for resume_002_Priya_Sharma.pdf. Detected: pdf
[2026-08-19T04:09:01.163Z] [INFO] Cleaned up temporary file: C:\MY JAVA PROGRAM\PDF\uploads\documents-1787112539386-566409751.pdf
[2026-08-19T04:09:01.169Z] [ERROR] Error processing file resume_002_Priya_Sharma.pdf: bad XRef entry {"stack":"Error\n    at UnknownErrorExceptionClosure (C:\\MY JAVA PROGRAM\\PDF\\node_modules\\pdf-parse\\lib\\pdf.js\\v1.10.100\\build\\pdf.js:443:37)\n    at Object.<anonymous> (C:\\MY JAVA PROGRAM\\PDF\\node_modules\\pdf-parse\\lib\\pdf.js\\v1.10.100\\build\\pdf.js:446:2)\n    at __w_pdfjs_require__ (C:\\MY JAVA PROGRAM\\PDF\\node_modules\\pdf-parse\\lib\\pdf.js\\v1.10.100\\build\\pdf.js:45:30)\n    at Object.<anonymous> (C:\\MY JAVA PROGRAM\\PDF\\node_modules\\pdf-parse\\lib\\pdf.js\\v1.10.100\\build\\pdf.js:7939:23)\n    at __w_pdfjs_require__ (C:\\MY JAVA PROGRAM\\PDF\\node_modules\\pdf-parse\\lib\\pdf.js\\v1.10.100\\build\\pdf.js:45:30)\n    at C:\\MY JAVA PROGRAM\\PDF\\node_modules\\pdf-parse\\lib\\pdf.js\\v1.10.100\\build\\pdf.js:88:18\n    at C:\\MY JAVA PROGRAM\\PDF\\node_modules\\pdf-parse\\lib\\pdf.js\\v1.10.100\\build\\pdf.js:91:10\n    at webpackUniversalModuleDefinition (C:\\MY JAVA PROGRAM\\PDF\\node_modules\\pdf-parse\\lib\\pdf.js\\v1.10.100\\build\\pdf.js:18:20)\n    at Object.<anonymous> (C:\\MY JAVA PROGRAM\\PDF\\node_modules\\pdf-parse\\lib\\pdf.js\\v1.10.100\\build\\pdf.js:25:3)\n    at Module._compile (node:internal/modules/cjs/loader:1830:14)\n    at Object..js (node:internal/modules/cjs/loader:1961:10)\n    at Module.load (node:internal/modules/cjs/loader:1553:32)\n    at Module._load (node:internal/modules/cjs/loader:1355:12)\n    at wrapModuleLoad (node:internal/modules/cjs/loader:255:19)\n    at Module.require (node:internal/modules/cjs/loader:1576:12)\n    at require (node:internal/modules/helpers:153:16)"}
[2026-08-19T04:09:01.365Z] [INFO] Saved extraction record to Supabase with ID 74 (candidate_id: C1053) for: resume_002_Priya_Sharma.pdf
[2026-08-19T04:09:01.366Z] [INFO] Performing magic-number verification for: resume_003_Neha_Shah.pdf
[2026-08-19T04:09:01.367Z] [INFO] Magic-number check passed for resume_003_Neha_Shah.pdf. Detected: pdf
[2026-08-19T04:09:01.369Z] [INFO] Starting text extraction for type: pdf
[2026-08-19T04:09:01.375Z] [INFO] Cleaned up temporary file: C:\MY JAVA PROGRAM\PDF\uploads\documents-1787112539386-402712716.pdf
[2026-08-19T04:09:01.377Z] [ERROR] Error processing file resume_003_Neha_Shah.pdf: bad XRef entry {"stack":"Error\n    at UnknownErrorExceptionClosure (C:\\MY JAVA PROGRAM\\PDF\\node_modules\\pdf-parse\\lib\\pdf.js\\v1.10.100\\build\\pdf.js:443:37)\n    at Object.<anonymous> (C:\\MY JAVA PROGRAM\\PDF\\node_modules\\pdf-parse\\lib\\pdf.js\\v1.10.100\\build\\pdf.js:446:2)\n    at __w_pdfjs_require__ (C:\\MY JAVA PROGRAM\\PDF\\node_modules\\pdf-parse\\lib\\pdf.js\\v1.10.100\\build\\pdf.js:45:30)\n    at Object.<anonymous> (C:\\MY JAVA PROGRAM\\PDF\\node_modules\\pdf-parse\\lib\\pdf.js\\v1.10.100\\build\\pdf.js:7939:23)\n    at __w_pdfjs_require__ (C:\\MY JAVA PROGRAM\\PDF\\node_modules\\pdf-parse\\lib\\pdf.js\\v1.10.100\\build\\pdf.js:45:30)\n    at C:\\MY JAVA PROGRAM\\PDF\\node_modules\\pdf-parse\\lib\\pdf.js\\v1.10.100\\build\\pdf.js:88:18\n    at C:\\MY JAVA PROGRAM\\PDF\\node_modules\\pdf-parse\\lib\\pdf.js\\v1.10.100\\build\\pdf.js:91:10\n    at webpackUniversalModuleDefinition (C:\\MY JAVA PROGRAM\\PDF\\node_modules\\pdf-parse\\lib\\pdf.js\\v1.10.100\\build\\pdf.js:18:20)\n    at Object.<anonymous> (C:\\MY JAVA PROGRAM\\PDF\\node_modules\\pdf-parse\\lib\\pdf.js\\v1.10.100\\build\\pdf.js:25:3)\n    at Module._compile (node:internal/modules/cjs/loader:1830:14)\n    at Object..js (node:internal/modules/cjs/loader:1961:10)\n    at Module.load (node:internal/modules/cjs/loader:1553:32)\n    at Module._load (node:internal/modules/cjs/loader:1355:12)\n    at wrapModuleLoad (node:internal/modules/cjs/loader:255:19)\n    at Module.require (node:internal/modules/cjs/loader:1576:12)\n    at require (node:internal/modules/helpers:153:16)"}
[2026-08-19T04:09:01.546Z] [INFO] Saved extraction record to Supabase with ID 75 (candidate_id: C1054) for: resume_003_Neha_Shah.pdf
[2026-08-19T04:09:01.547Z] [INFO] Performing magic-number verification for: resume_004_Aditya_Patel.pdf
[2026-08-19T04:09:01.548Z] [INFO] Magic-number check passed for resume_004_Aditya_Patel.pdf. Detected: pdf
[2026-08-19T04:09:01.549Z] [INFO] Starting text extraction for type: pdf
[2026-08-19T04:09:01.553Z] [INFO] Cleaned up temporary file: C:\MY JAVA PROGRAM\PDF\uploads\documents-1787112539387-843463437.pdf
[2026-08-19T04:09:01.556Z] [ERROR] Error processing file resume_004_Aditya_Patel.pdf: bad XRef entry {"stack":"Error\n    at UnknownErrorExceptionClosure (C:\\MY JAVA PROGRAM\\PDF\\node_modules\\pdf-parse\\lib\\pdf.js\\v1.10.100\\build\\pdf.js:443:37)\n    at Object.<anonymous> (C:\\MY JAVA PROGRAM\\PDF\\node_modules\\pdf-parse\\lib\\pdf.js\\v1.10.100\\build\\pdf.js:446:2)\n    at __w_pdfjs_require__ (C:\\MY JAVA PROGRAM\\PDF\\node_modules\\pdf-parse\\lib\\pdf.js\\v1.10.100\\build\\pdf.js:45:30)\n    at Object.<anonymous> (C:\\MY JAVA PROGRAM\\PDF\\node_modules\\pdf-parse\\lib\\pdf.js\\v1.10.100\\build\\pdf.js:7939:23)\n    at __w_pdfjs_require__ (C:\\MY JAVA PROGRAM\\PDF\\node_modules\\pdf-parse\\lib\\pdf.js\\v1.10.100\\build\\pdf.js:45:30)\n    at C:\\MY JAVA PROGRAM\\PDF\\node_modules\\pdf-parse\\lib\\pdf.js\\v1.10.100\\build\\pdf.js:88:18\n    at C:\\MY JAVA PROGRAM\\PDF\\node_modules\\pdf-parse\\lib\\pdf.js\\v1.10.100\\build\\pdf.js:91:10\n    at webpackUniversalModuleDefinition (C:\\MY JAVA PROGRAM\\PDF\\node_modules\\pdf-parse\\lib\\pdf.js\\v1.10.100\\build\\pdf.js:18:20)\n    at Object.<anonymous> (C:\\MY JAVA PROGRAM\\PDF\\node_modules\\pdf-parse\\lib\\pdf.js\\v1.10.100\\build\\pdf.js:25:3)\n    at Module._compile (node:internal/modules/cjs/loader:1830:14)\n    at Object..js (node:internal/modules/cjs/loader:1961:10)\n    at Module.load (node:internal/modules/cjs/loader:1553:32)\n    at Module._load (node:internal/modules/cjs/loader:1355:12)\n    at wrapModuleLoad (node:internal/modules/cjs/loader:255:19)\n    at Module.require (node:internal/modules/cjs/loader:1576:12)\n    at require (node:internal/modules/helpers:153:16)"}
[2026-08-19T04:09:01.728Z] [INFO] Saved extraction record to Supabase with ID 76 (candidate_id: C1055) for: resume_004_Aditya_Patel.pdf
[2026-08-19T04:09:01.729Z] [INFO] Performing magic-number verification for: resume_005_Karan_Patel.pdf
[2026-08-19T04:09:01.737Z] [INFO] Magic-number check passed for resume_005_Karan_Patel.pdf. Detected: pdf
[2026-08-19T04:09:01.760Z] [INFO] Cleaned up temporary file: C:\MY JAVA PROGRAM\PDF\uploads\documents-1787112539387-559314281.pdf
[2026-08-19T04:09:01.741Z] [INFO] Starting text extraction for type: pdf
[2026-08-19T04:09:01.765Z] [ERROR] Error processing file resume_005_Karan_Patel.pdf: Invalid number: < (charCode 60) {"stack":"Error\n    at UnknownErrorExceptionClosure (C:\\MY JAVA PROGRAM\\PDF\\node_modules\\pdf-parse\\lib\\pdf.js\\v1.10.100\\build\\pdf.js:443:37)\n    at Object.<anonymous> (C:\\MY JAVA PROGRAM\\PDF\\node_modules\\pdf-parse\\lib\\pdf.js\\v1.10.100\\build\\pdf.js:446:2)\n    at __w_pdfjs_require__ (C:\\MY JAVA PROGRAM\\PDF\\node_modules\\pdf-parse\\lib\\pdf.js\\v1.10.100\\build\\pdf.js:45:30)\n    at Object.<anonymous> (C:\\MY JAVA PROGRAM\\PDF\\node_modules\\pdf-parse\\lib\\pdf.js\\v1.10.100\\build\\pdf.js:7939:23)\n    at __w_pdfjs_require__ (C:\\MY JAVA PROGRAM\\PDF\\node_modules\\pdf-parse\\lib\\pdf.js\\v1.10.100\\build\\pdf.js:45:30)\n    at C:\\MY JAVA PROGRAM\\PDF\\node_modules\\pdf-parse\\lib\\pdf.js\\v1.10.100\\build\\pdf.js:88:18\n    at C:\\MY JAVA PROGRAM\\PDF\\node_modules\\pdf-parse\\lib\\pdf.js\\v1.10.100\\build\\pdf.js:91:10\n    at webpackUniversalModuleDefinition (C:\\MY JAVA PROGRAM\\PDF\\node_modules\\pdf-parse\\lib\\pdf.js\\v1.10.100\\build\\pdf.js:18:20)\n    at Object.<anonymous> (C:\\MY JAVA PROGRAM\\PDF\\node_modules\\pdf-parse\\lib\\pdf.js\\v1.10.100\\build\\pdf.js:25:3)\n    at Module._compile (node:internal/modules/cjs/loader:1830:14)\n    at Object..js (node:internal/modules/cjs/loader:1961:10)\n    at Module.load (node:internal/modules/cjs/loader:1553:32)\n    at Module._load (node:internal/modules/cjs/loader:1355:12)\n    at wrapModuleLoad (node:internal/modules/cjs/loader:255:19)\n    at Module.require (node:internal/modules/cjs/loader:1576:12)\n    at require (node:internal/modules/helpers:153:16)"}
[2026-08-19T04:09:01.952Z] [INFO] Saved extraction record to Supabase with ID 77 (candidate_id: C1056) for: resume_005_Karan_Patel.pdf
[2026-08-19T04:09:01.952Z] [INFO] Performing magic-number verification for: resume_006_Kavya_Patel.pdf
[2026-08-19T04:09:01.954Z] [INFO] Magic-number check passed for resume_006_Kavya_Patel.pdf. Detected: pdf
[2026-08-19T04:09:01.954Z] [INFO] Starting text extraction for type: pdf
[2026-08-19T04:09:01.958Z] [INFO] Cleaned up temporary file: C:\MY JAVA PROGRAM\PDF\uploads\documents-1787112539387-984732943.pdf
[2026-08-19T04:09:01.961Z] [ERROR] Error processing file resume_006_Kavya_Patel.pdf: Illegal character: 41 {"stack":"Error\n    at UnknownErrorExceptionClosure (C:\\MY JAVA PROGRAM\\PDF\\node_modules\\pdf-parse\\lib\\pdf.js\\v1.10.100\\build\\pdf.js:443:37)\n    at Object.<anonymous> (C:\\MY JAVA PROGRAM\\PDF\\node_modules\\pdf-parse\\lib\\pdf.js\\v1.10.100\\build\\pdf.js:446:2)\n    at __w_pdfjs_require__ (C:\\MY JAVA PROGRAM\\PDF\\node_modules\\pdf-parse\\lib\\pdf.js\\v1.10.100\\build\\pdf.js:45:30)\n    at Object.<anonymous> (C:\\MY JAVA PROGRAM\\PDF\\node_modules\\pdf-parse\\lib\\pdf.js\\v1.10.100\\build\\pdf.js:7939:23)\n    at __w_pdfjs_require__ (C:\\MY JAVA PROGRAM\\PDF\\node_modules\\pdf-parse\\lib\\pdf.js\\v1.10.100\\build\\pdf.js:45:30)\n    at C:\\MY JAVA PROGRAM\\PDF\\node_modules\\pdf-parse\\lib\\pdf.js\\v1.10.100\\build\\pdf.js:88:18\n    at C:\\MY JAVA PROGRAM\\PDF\\node_modules\\pdf-parse\\lib\\pdf.js\\v1.10.100\\build\\pdf.js:91:10\n    at webpackUniversalModuleDefinition (C:\\MY JAVA PROGRAM\\PDF\\node_modules\\pdf-parse\\lib\\pdf.js\\v1.10.100\\build\\pdf.js:18:20)\n    at Object.<anonymous> (C:\\MY JAVA PROGRAM\\PDF\\node_modules\\pdf-parse\\lib\\pdf.js\\v1.10.100\\build\\pdf.js:25:3)\n    at Module._compile (node:internal/modules/cjs/loader:1830:14)\n    at Object..js (node:internal/modules/cjs/loader:1961:10)\n    at Module.load (node:internal/modules/cjs/loader:1553:32)\n    at Module._load (node:internal/modules/cjs/loader:1355:12)\n    at wrapModuleLoad (node:internal/modules/cjs/loader:255:19)\n    at Module.require (node:internal/modules/cjs/loader:1576:12)\n    at require (node:internal/modules/helpers:153:16)"}
[2026-08-19T04:09:02.191Z] [INFO] Saved extraction record to Supabase with ID 78 (candidate_id: C1057) for: resume_006_Kavya_Patel.pdf
[2026-08-19T04:09:02.191Z] [INFO] Performing magic-number verification for: resume_007_Arjun_Nair.pdf
[2026-08-19T04:09:02.193Z] [INFO] Magic-number check passed for resume_007_Arjun_Nair.pdf. Detected: pdf
[2026-08-19T04:09:02.194Z] [INFO] Starting text extraction for type: pdf
[2026-08-19T04:09:02.201Z] [INFO] Cleaned up temporary file: C:\MY JAVA PROGRAM\PDF\uploads\documents-1787112539387-466523172.pdf
[2026-08-19T04:09:02.203Z] [ERROR] Error processing file resume_007_Arjun_Nair.pdf: bad XRef entry {"stack":"Error\n    at UnknownErrorExceptionClosure (C:\\MY JAVA PROGRAM\\PDF\\node_modules\\pdf-parse\\lib\\pdf.js\\v1.10.100\\build\\pdf.js:443:37)\n    at Object.<anonymous> (C:\\MY JAVA PROGRAM\\PDF\\node_modules\\pdf-parse\\lib\\pdf.js\\v1.10.100\\build\\pdf.js:446:2)\n    at __w_pdfjs_require__ (C:\\MY JAVA PROGRAM\\PDF\\node_modules\\pdf-parse\\lib\\pdf.js\\v1.10.100\\build\\pdf.js:45:30)\n    at Object.<anonymous> (C:\\MY JAVA PROGRAM\\PDF\\node_modules\\pdf-parse\\lib\\pdf.js\\v1.10.100\\build\\pdf.js:7939:23)\n    at __w_pdfjs_require__ (C:\\MY JAVA PROGRAM\\PDF\\node_modules\\pdf-parse\\lib\\pdf.js\\v1.10.100\\build\\pdf.js:45:30)\n    at C:\\MY JAVA PROGRAM\\PDF\\node_modules\\pdf-parse\\lib\\pdf.js\\v1.10.100\\build\\pdf.js:88:18\n    at C:\\MY JAVA PROGRAM\\PDF\\node_modules\\pdf-parse\\lib\\pdf.js\\v1.10.100\\build\\pdf.js:91:10\n    at webpackUniversalModuleDefinition (C:\\MY JAVA PROGRAM\\PDF\\node_modules\\pdf-parse\\lib\\pdf.js\\v1.10.100\\build\\pdf.js:18:20)\n    at Object.<anonymous> (C:\\MY JAVA PROGRAM\\PDF\\node_modules\\pdf-parse\\lib\\pdf.js\\v1.10.100\\build\\pdf.js:25:3)\n    at Module._compile (node:internal/modules/cjs/loader:1830:14)\n    at Object..js (node:internal/modules/cjs/loader:1961:10)\n    at Module.load (node:internal/modules/cjs/loader:1553:32)\n    at Module._load (node:internal/modules/cjs/loader:1355:12)\n    at wrapModuleLoad (node:internal/modules/cjs/loader:255:19)\n    at Module.require (node:internal/modules/cjs/loader:1576:12)\n    at require (node:internal/modules/helpers:153:16)"}
[2026-08-19T04:09:02.399Z] [INFO] Saved extraction record to Supabase with ID 79 (candidate_id: C1058) for: resume_007_Arjun_Nair.pdf
[2026-08-19T04:09:02.400Z] [INFO] Performing magic-number verification for: resume_008_Neha_Kulkarni.pdf
[2026-08-19T04:09:02.402Z] [INFO] Magic-number check passed for resume_008_Neha_Kulkarni.pdf. Detected: pdf
[2026-08-19T04:09:02.403Z] [INFO] Starting text extraction for type: pdf
[2026-08-19T04:09:02.413Z] [INFO] Cleaned up temporary file: C:\MY JAVA PROGRAM\PDF\uploads\documents-1787112539387-153181514.pdf
[2026-08-19T04:09:02.414Z] [ERROR] Error processing file resume_008_Neha_Kulkarni.pdf: bad XRef entry {"stack":"Error\n    at UnknownErrorExceptionClosure (C:\\MY JAVA PROGRAM\\PDF\\node_modules\\pdf-parse\\lib\\pdf.js\\v1.10.100\\build\\pdf.js:443:37)\n    at Object.<anonymous> (C:\\MY JAVA PROGRAM\\PDF\\node_modules\\pdf-parse\\lib\\pdf.js\\v1.10.100\\build\\pdf.js:446:2)\n    at __w_pdfjs_require__ (C:\\MY JAVA PROGRAM\\PDF\\node_modules\\pdf-parse\\lib\\pdf.js\\v1.10.100\\build\\pdf.js:45:30)\n    at Object.<anonymous> (C:\\MY JAVA PROGRAM\\PDF\\node_modules\\pdf-parse\\lib\\pdf.js\\v1.10.100\\build\\pdf.js:7939:23)\n    at __w_pdfjs_require__ (C:\\MY JAVA PROGRAM\\PDF\\node_modules\\pdf-parse\\lib\\pdf.js\\v1.10.100\\build\\pdf.js:45:30)\n    at C:\\MY JAVA PROGRAM\\PDF\\node_modules\\pdf-parse\\lib\\pdf.js\\v1.10.100\\build\\pdf.js:88:18\n    at C:\\MY JAVA PROGRAM\\PDF\\node_modules\\pdf-parse\\lib\\pdf.js\\v1.10.100\\build\\pdf.js:91:10\n    at webpackUniversalModuleDefinition (C:\\MY JAVA PROGRAM\\PDF\\node_modules\\pdf-parse\\lib\\pdf.js\\v1.10.100\\build\\pdf.js:18:20)\n    at Object.<anonymous> (C:\\MY JAVA PROGRAM\\PDF\\node_modules\\pdf-parse\\lib\\pdf.js\\v1.10.100\\build\\pdf.js:25:3)\n    at Module._compile (node:internal/modules/cjs/loader:1830:14)\n    at Object..js (node:internal/modules/cjs/loader:1961:10)\n    at Module.load (node:internal/modules/cjs/loader:1553:32)\n    at Module._load (node:internal/modules/cjs/loader:1355:12)\n    at wrapModuleLoad (node:internal/modules/cjs/loader:255:19)\n    at Module.require (node:internal/modules/cjs/loader:1576:12)\n    at require (node:internal/modules/helpers:153:16)"}
[2026-08-19T04:09:02.606Z] [INFO] Saved extraction record to Supabase with ID 80 (candidate_id: C1059) for: resume_008_Neha_Kulkarni.pdf
[2026-08-19T04:09:02.607Z] [INFO] Performing magic-number verification for: resume_009_Vikram_Kulkarni.pdf
[2026-08-19T04:09:02.611Z] [INFO] Magic-number check passed for resume_009_Vikram_Kulkarni.pdf. Detected: pdf
[2026-08-19T04:09:02.614Z] [INFO] Starting text extraction for type: pdf
[2026-08-19T04:09:02.632Z] [ERROR] Error processing file resume_009_Vikram_Kulkarni.pdf: bad XRef entry {"stack":"Error\n    at UnknownErrorExceptionClosure (C:\\MY JAVA PROGRAM\\PDF\\node_modules\\pdf-parse\\lib\\pdf.js\\v1.10.100\\build\\pdf.js:443:37)\n    at Object.<anonymous> (C:\\MY JAVA PROGRAM\\PDF\\node_modules\\pdf-parse\\lib\\pdf.js\\v1.10.100\\build\\pdf.js:446:2)\n    at __w_pdfjs_require__ (C:\\MY JAVA PROGRAM\\PDF\\node_modules\\pdf-parse\\lib\\pdf.js\\v1.10.100\\build\\pdf.js:45:30)\n    at Object.<anonymous> (C:\\MY JAVA PROGRAM\\PDF\\node_modules\\pdf-parse\\lib\\pdf.js\\v1.10.100\\build\\pdf.js:7939:23)\n    at __w_pdfjs_require__ (C:\\MY JAVA PROGRAM\\PDF\\node_modules\\pdf-parse\\lib\\pdf.js\\v1.10.100\\build\\pdf.js:45:30)\n    at C:\\MY JAVA PROGRAM\\PDF\\node_modules\\pdf-parse\\lib\\pdf.js\\v1.10.100\\build\\pdf.js:88:18\n    at C:\\MY JAVA PROGRAM\\PDF\\node_modules\\pdf-parse\\lib\\pdf.js\\v1.10.100\\build\\pdf.js:91:10\n    at webpackUniversalModuleDefinition (C:\\MY JAVA PROGRAM\\PDF\\node_modules\\pdf-parse\\lib\\pdf.js\\v1.10.100\\build\\pdf.js:18:20)\n    at Object.<anonymous> (C:\\MY JAVA PROGRAM\\PDF\\node_modules\\pdf-parse\\lib\\pdf.js\\v1.10.100\\build\\pdf.js:25:3)\n    at Module._compile (node:internal/modules/cjs/loader:1830:14)\n    at Object..js (node:internal/modules/cjs/loader:1961:10)\n    at Module.load (node:internal/modules/cjs/loader:1553:32)\n    at Module._load (node:internal/modules/cjs/loader:1355:12)\n    at wrapModuleLoad (node:internal/modules/cjs/loader:255:19)\n    at Module.require (node:internal/modules/cjs/loader:1576:12)\n    at require (node:internal/modules/helpers:153:16)"}
[2026-08-19T04:09:02.631Z] [INFO] Cleaned up temporary file: C:\MY JAVA PROGRAM\PDF\uploads\documents-1787112539388-748515956.pdf
[2026-08-19T04:09:02.830Z] [INFO] Saved extraction record to Supabase with ID 81 (candidate_id: C1060) for: resume_009_Vikram_Kulkarni.pdf
[2026-08-19T04:09:02.831Z] [INFO] Performing magic-number verification for: resume_010_Meera_Deshmukh.pdf
[2026-08-19T04:09:02.832Z] [INFO] Magic-number check passed for resume_010_Meera_Deshmukh.pdf. Detected: pdf
[2026-08-19T04:09:02.847Z] [INFO] Cleaned up temporary file: C:\MY JAVA PROGRAM\PDF\uploads\documents-1787112539388-178643907.pdf
[2026-08-19T04:09:02.834Z] [INFO] Starting text extraction for type: pdf
[2026-08-19T04:09:02.850Z] [ERROR] Error processing file resume_010_Meera_Deshmukh.pdf: bad XRef entry {"stack":"Error\n    at UnknownErrorExceptionClosure (C:\\MY JAVA PROGRAM\\PDF\\node_modules\\pdf-parse\\lib\\pdf.js\\v1.10.100\\build\\pdf.js:443:37)\n    at Object.<anonymous> (C:\\MY JAVA PROGRAM\\PDF\\node_modules\\pdf-parse\\lib\\pdf.js\\v1.10.100\\build\\pdf.js:446:2)\n    at __w_pdfjs_require__ (C:\\MY JAVA PROGRAM\\PDF\\node_modules\\pdf-parse\\lib\\pdf.js\\v1.10.100\\build\\pdf.js:45:30)\n    at Object.<anonymous> (C:\\MY JAVA PROGRAM\\PDF\\node_modules\\pdf-parse\\lib\\pdf.js\\v1.10.100\\build\\pdf.js:7939:23)\n    at __w_pdfjs_require__ (C:\\MY JAVA PROGRAM\\PDF\\node_modules\\pdf-parse\\lib\\pdf.js\\v1.10.100\\build\\pdf.js:45:30)\n    at C:\\MY JAVA PROGRAM\\PDF\\node_modules\\pdf-parse\\lib\\pdf.js\\v1.10.100\\build\\pdf.js:88:18\n    at C:\\MY JAVA PROGRAM\\PDF\\node_modules\\pdf-parse\\lib\\pdf.js\\v1.10.100\\build\\pdf.js:91:10\n    at webpackUniversalModuleDefinition (C:\\MY JAVA PROGRAM\\PDF\\node_modules\\pdf-parse\\lib\\pdf.js\\v1.10.100\\build\\pdf.js:18:20)\n    at Object.<anonymous> (C:\\MY JAVA PROGRAM\\PDF\\node_modules\\pdf-parse\\lib\\pdf.js\\v1.10.100\\build\\pdf.js:25:3)\n    at Module._compile (node:internal/modules/cjs/loader:1830:14)\n    at Object..js (node:internal/modules/cjs/loader:1961:10)\n    at Module.load (node:internal/modules/cjs/loader:1553:32)\n    at Module._load (node:internal/modules/cjs/loader:1355:12)\n    at wrapModuleLoad (node:internal/modules/cjs/loader:255:19)\n    at Module.require (node:internal/modules/cjs/loader:1576:12)\n    at require (node:internal/modules/helpers:153:16)"}
[2026-08-19T04:09:03.051Z] [INFO] Saved extraction record to Supabase with ID 82 (candidate_id: C1061) for: resume_010_Meera_Deshmukh.pdf
[2026-08-19T04:09:03.052Z] [INFO] Performing magic-number verification for: resume_011_Sneha_Reddy.pdf
[2026-08-19T04:09:03.056Z] [INFO] Magic-number check passed for resume_011_Sneha_Reddy.pdf. Detected: pdf
[2026-08-19T04:09:03.060Z] [INFO] Starting text extraction for type: pdf
[2026-08-19T04:09:03.079Z] [INFO] Cleaned up temporary file: C:\MY JAVA PROGRAM\PDF\uploads\documents-1787112539388-884782367.pdf
[2026-08-19T04:09:03.081Z] [ERROR] Error processing file resume_011_Sneha_Reddy.pdf: bad XRef entry {"stack":"Error\n    at UnknownErrorExceptionClosure (C:\\MY JAVA PROGRAM\\PDF\\node_modules\\pdf-parse\\lib\\pdf.js\\v1.10.100\\build\\pdf.js:443:37)\n    at Object.<anonymous> (C:\\MY JAVA PROGRAM\\PDF\\node_modules\\pdf-parse\\lib\\pdf.js\\v1.10.100\\build\\pdf.js:446:2)\n    at __w_pdfjs_require__ (C:\\MY JAVA PROGRAM\\PDF\\node_modules\\pdf-parse\\lib\\pdf.js\\v1.10.100\\build\\pdf.js:45:30)\n    at Object.<anonymous> (C:\\MY JAVA PROGRAM\\PDF\\node_modules\\pdf-parse\\lib\\pdf.js\\v1.10.100\\build\\pdf.js:7939:23)\n    at __w_pdfjs_require__ (C:\\MY JAVA PROGRAM\\PDF\\node_modules\\pdf-parse\\lib\\pdf.js\\v1.10.100\\build\\pdf.js:45:30)\n    at C:\\MY JAVA PROGRAM\\PDF\\node_modules\\pdf-parse\\lib\\pdf.js\\v1.10.100\\build\\pdf.js:88:18\n    at C:\\MY JAVA PROGRAM\\PDF\\node_modules\\pdf-parse\\lib\\pdf.js\\v1.10.100\\build\\pdf.js:91:10\n    at webpackUniversalModuleDefinition (C:\\MY JAVA PROGRAM\\PDF\\node_modules\\pdf-parse\\lib\\pdf.js\\v1.10.100\\build\\pdf.js:18:20)\n    at Object.<anonymous> (C:\\MY JAVA PROGRAM\\PDF\\node_modules\\pdf-parse\\lib\\pdf.js\\v1.10.100\\build\\pdf.js:25:3)\n    at Module._compile (node:internal/modules/cjs/loader:1830:14)\n    at Object..js (node:internal/modules/cjs/loader:1961:10)\n    at Module.load (node:internal/modules/cjs/loader:1553:32)\n    at Module._load (node:internal/modules/cjs/loader:1355:12)\n    at wrapModuleLoad (node:internal/modules/cjs/loader:255:19)\n    at Module.require (node:internal/modules/cjs/loader:1576:12)\n    at require (node:internal/modules/helpers:153:16)"}
[2026-08-19T04:09:03.811Z] [INFO] Saved extraction record to Supabase with ID 83 (candidate_id: C1062) for: resume_011_Sneha_Reddy.pdf
[2026-08-19T04:09:03.812Z] [INFO] Performing magic-number verification for: resume_012_Ananya_Kulkarni.pdf
[2026-08-19T04:09:03.814Z] [INFO] Magic-number check passed for resume_012_Ananya_Kulkarni.pdf. Detected: pdf
[2026-08-19T04:09:03.823Z] [INFO] Cleaned up temporary file: C:\MY JAVA PROGRAM\PDF\uploads\documents-1787112539389-922690765.pdf
[2026-08-19T04:09:03.825Z] [ERROR] Error processing file resume_012_Ananya_Kulkarni.pdf: bad XRef entry {"stack":"Error\n    at UnknownErrorExceptionClosure (C:\\MY JAVA PROGRAM\\PDF\\node_modules\\pdf-parse\\lib\\pdf.js\\v1.10.100\\build\\pdf.js:443:37)\n    at Object.<anonymous> (C:\\MY JAVA PROGRAM\\PDF\\node_modules\\pdf-parse\\lib\\pdf.js\\v1.10.100\\build\\pdf.js:446:2)\n    at __w_pdfjs_require__ (C:\\MY JAVA PROGRAM\\PDF\\node_modules\\pdf-parse\\lib\\pdf.js\\v1.10.100\\build\\pdf.js:45:30)\n    at Object.<anonymous> (C:\\MY JAVA PROGRAM\\PDF\\node_modules\\pdf-parse\\lib\\pdf.js\\v1.10.100\\build\\pdf.js:7939:23)\n    at __w_pdfjs_require__ (C:\\MY JAVA PROGRAM\\PDF\\node_modules\\pdf-parse\\lib\\pdf.js\\v1.10.100\\build\\pdf.js:45:30)\n    at C:\\MY JAVA PROGRAM\\PDF\\node_modules\\pdf-parse\\lib\\pdf.js\\v1.10.100\\build\\pdf.js:88:18\n    at C:\\MY JAVA PROGRAM\\PDF\\node_modules\\pdf-parse\\lib\\pdf.js\\v1.10.100\\build\\pdf.js:91:10\n    at webpackUniversalModuleDefinition (C:\\MY JAVA PROGRAM\\PDF\\node_modules\\pdf-parse\\lib\\pdf.js\\v1.10.100\\build\\pdf.js:18:20)\n    at Object.<anonymous> (C:\\MY JAVA PROGRAM\\PDF\\node_modules\\pdf-parse\\lib\\pdf.js\\v1.10.100\\build\\pdf.js:25:3)\n    at Module._compile (node:internal/modules/cjs/loader:1830:14)\n    at Object..js (node:internal/modules/cjs/loader:1961:10)\n    at Module.load (node:internal/modules/cjs/loader:1553:32)\n    at Module._load (node:internal/modules/cjs/loader:1355:12)\n    at wrapModuleLoad (node:internal/modules/cjs/loader:255:19)\n    at Module.require (node:internal/modules/cjs/loader:1576:12)\n    at require (node:internal/modules/helpers:153:16)"}
[2026-08-19T04:09:03.814Z] [INFO] Starting text extraction for type: pdf
[2026-08-19T04:09:04.005Z] [INFO] Saved extraction record to Supabase with ID 84 (candidate_id: C1063) for: resume_012_Ananya_Kulkarni.pdf
[2026-08-19T04:09:04.006Z] [INFO] Performing magic-number verification for: resume_013_Sneha_Gupta.pdf
[2026-08-19T04:09:04.008Z] [INFO] Magic-number check passed for resume_013_Sneha_Gupta.pdf. Detected: pdf
[2026-08-19T04:09:04.018Z] [INFO] Cleaned up temporary file: C:\MY JAVA PROGRAM\PDF\uploads\documents-1787112539389-839360457.pdf
[2026-08-19T04:09:04.009Z] [INFO] Starting text extraction for type: pdf
[2026-08-19T04:09:04.020Z] [ERROR] Error processing file resume_013_Sneha_Gupta.pdf: bad XRef entry {"stack":"Error\n    at UnknownErrorExceptionClosure (C:\\MY JAVA PROGRAM\\PDF\\node_modules\\pdf-parse\\lib\\pdf.js\\v1.10.100\\build\\pdf.js:443:37)\n    at Object.<anonymous> (C:\\MY JAVA PROGRAM\\PDF\\node_modules\\pdf-parse\\lib\\pdf.js\\v1.10.100\\build\\pdf.js:446:2)\n    at __w_pdfjs_require__ (C:\\MY JAVA PROGRAM\\PDF\\node_modules\\pdf-parse\\lib\\pdf.js\\v1.10.100\\build\\pdf.js:45:30)\n    at Object.<anonymous> (C:\\MY JAVA PROGRAM\\PDF\\node_modules\\pdf-parse\\lib\\pdf.js\\v1.10.100\\build\\pdf.js:7939:23)\n    at __w_pdfjs_require__ (C:\\MY JAVA PROGRAM\\PDF\\node_modules\\pdf-parse\\lib\\pdf.js\\v1.10.100\\build\\pdf.js:45:30)\n    at C:\\MY JAVA PROGRAM\\PDF\\node_modules\\pdf-parse\\lib\\pdf.js\\v1.10.100\\build\\pdf.js:88:18\n    at C:\\MY JAVA PROGRAM\\PDF\\node_modules\\pdf-parse\\lib\\pdf.js\\v1.10.100\\build\\pdf.js:91:10\n    at webpackUniversalModuleDefinition (C:\\MY JAVA PROGRAM\\PDF\\node_modules\\pdf-parse\\lib\\pdf.js\\v1.10.100\\build\\pdf.js:18:20)\n    at Object.<anonymous> (C:\\MY JAVA PROGRAM\\PDF\\node_modules\\pdf-parse\\lib\\pdf.js\\v1.10.100\\build\\pdf.js:25:3)\n    at Module._compile (node:internal/modules/cjs/loader:1830:14)\n    at Object..js (node:internal/modules/cjs/loader:1961:10)\n    at Module.load (node:internal/modules/cjs/loader:1553:32)\n    at Module._load (node:internal/modules/cjs/loader:1355:12)\n    at wrapModuleLoad (node:internal/modules/cjs/loader:255:19)\n    at Module.require (node:internal/modules/cjs/loader:1576:12)\n    at require (node:internal/modules/helpers:153:16)"}
[2026-08-19T04:09:04.510Z] [INFO] Saved extraction record to Supabase with ID 85 (candidate_id: C1064) for: resume_013_Sneha_Gupta.pdf
[2026-08-19T04:09:04.511Z] [INFO] Performing magic-number verification for: resume_014_Aarav_Deshmukh.pdf
[2026-08-19T04:09:04.512Z] [INFO] Magic-number check passed for resume_014_Aarav_Deshmukh.pdf. Detected: pdf
[2026-08-19T04:09:04.513Z] [INFO] Starting text extraction for type: pdf
[2026-08-19T04:09:04.523Z] [INFO] Cleaned up temporary file: C:\MY JAVA PROGRAM\PDF\uploads\documents-1787112539389-407324829.pdf
[2026-08-19T04:09:04.525Z] [ERROR] Error processing file resume_014_Aarav_Deshmukh.pdf: bad XRef entry {"stack":"Error\n    at UnknownErrorExceptionClosure (C:\\MY JAVA PROGRAM\\PDF\\node_modules\\pdf-parse\\lib\\pdf.js\\v1.10.100\\build\\pdf.js:443:37)\n    at Object.<anonymous> (C:\\MY JAVA PROGRAM\\PDF\\node_modules\\pdf-parse\\lib\\pdf.js\\v1.10.100\\build\\pdf.js:446:2)\n    at __w_pdfjs_require__ (C:\\MY JAVA PROGRAM\\PDF\\node_modules\\pdf-parse\\lib\\pdf.js\\v1.10.100\\build\\pdf.js:45:30)\n    at Object.<anonymous> (C:\\MY JAVA PROGRAM\\PDF\\node_modules\\pdf-parse\\lib\\pdf.js\\v1.10.100\\build\\pdf.js:7939:23)\n    at __w_pdfjs_require__ (C:\\MY JAVA PROGRAM\\PDF\\node_modules\\pdf-parse\\lib\\pdf.js\\v1.10.100\\build\\pdf.js:45:30)\n    at C:\\MY JAVA PROGRAM\\PDF\\node_modules\\pdf-parse\\lib\\pdf.js\\v1.10.100\\build\\pdf.js:88:18\n    at C:\\MY JAVA PROGRAM\\PDF\\node_modules\\pdf-parse\\lib\\pdf.js\\v1.10.100\\build\\pdf.js:91:10\n    at webpackUniversalModuleDefinition (C:\\MY JAVA PROGRAM\\PDF\\node_modules\\pdf-parse\\lib\\pdf.js\\v1.10.100\\build\\pdf.js:18:20)\n    at Object.<anonymous> (C:\\MY JAVA PROGRAM\\PDF\\node_modules\\pdf-parse\\lib\\pdf.js\\v1.10.100\\build\\pdf.js:25:3)\n    at Module._compile (node:internal/modules/cjs/loader:1830:14)\n    at Object..js (node:internal/modules/cjs/loader:1961:10)\n    at Module.load (node:internal/modules/cjs/loader:1553:32)\n    at Module._load (node:internal/modules/cjs/loader:1355:12)\n    at wrapModuleLoad (node:internal/modules/cjs/loader:255:19)\n    at Module.require (node:internal/modules/cjs/loader:1576:12)\n    at require (node:internal/modules/helpers:153:16)"}
[2026-08-19T04:09:04.715Z] [INFO] Saved extraction record to Supabase with ID 86 (candidate_id: C1065) for: resume_014_Aarav_Deshmukh.pdf
[2026-08-19T04:11:44.440Z] [INFO] Server is running in production mode on http://localhost:3000
[2026-08-19T04:11:45.747Z] [INFO] Successfully connected to Supabase PostgreSQL database.
[2026-08-19T04:11:46.608Z] [INFO] Database extractions table initialized.
[2026-08-19T04:12:06.023Z] [INFO] Server is running in production mode on http://localhost:3000
[2026-08-19T04:12:05.869Z] [WARN] pdfjs-dist is not installed or could not be loaded. Legacy pdf-parse will be used.
[2026-08-19T04:12:07.848Z] [INFO] Successfully connected to Supabase PostgreSQL database.
[2026-08-19T04:12:08.189Z] [INFO] Database extractions table initialized.
[2026-08-19T04:12:40.832Z] [INFO] Sending 1 document(s) to webhook as a single payload...
[2026-08-19T04:12:40.833Z] [INFO] Sending payload to webhook: https://sakshi654.app.n8n.cloud/webhook-test/e601a6d1-9dbf-4b9d-b2bb-69c6dec0bd45 (Attempt 1/3)
[2026-08-19T04:12:42.350Z] [ERROR] Webhook delivery failed on attempt 1: Request failed with status code 404
[2026-08-19T04:12:42.351Z] [INFO] Retrying in 1000ms...
[2026-08-19T04:12:43.361Z] [INFO] Sending payload to webhook: https://sakshi654.app.n8n.cloud/webhook-test/e601a6d1-9dbf-4b9d-b2bb-69c6dec0bd45 (Attempt 2/3)
[2026-08-19T04:12:43.690Z] [ERROR] Webhook delivery failed on attempt 2: Request failed with status code 404
[2026-08-19T04:12:43.692Z] [INFO] Retrying in 2000ms...
[2026-08-19T04:12:45.703Z] [INFO] Sending payload to webhook: https://sakshi654.app.n8n.cloud/webhook-test/e601a6d1-9dbf-4b9d-b2bb-69c6dec0bd45 (Attempt 3/3)
[2026-08-19T04:12:46.051Z] [ERROR] All webhook delivery attempts failed.
[2026-08-19T04:12:46.051Z] [ERROR] Webhook delivery failed on attempt 3: Request failed with status code 404
[2026-08-19T04:13:00.702Z] [ERROR] Error occurred in request: {"message":"Unexpected field","stack":"MulterError: Unexpected field\n    at wrappedFileFilter (C:\\MY JAVA PROGRAM\\PDF\\node_modules\\multer\\index.js:40:19)\n    at Multipart.<anonymous> (C:\\MY JAVA PROGRAM\\PDF\\node_modules\\multer\\lib\\make-middleware.js:109:7)\n    at Multipart.emit (node:events:509:28)\n    at HeaderParser.cb (C:\\MY JAVA PROGRAM\\PDF\\node_modules\\busboy\\lib\\types\\multipart.js:358:14)\n    at HeaderParser.push (C:\\MY JAVA PROGRAM\\PDF\\node_modules\\busboy\\lib\\types\\multipart.js:162:20)\n    at SBMH.ssCb [as _cb] (C:\\MY JAVA PROGRAM\\PDF\\node_modules\\busboy\\lib\\types\\multipart.js:394:37)\n    at feed (C:\\MY JAVA PROGRAM\\PDF\\node_modules\\streamsearch\\lib\\sbmh.js:219:14)\n    at SBMH.push (C:\\MY JAVA PROGRAM\\PDF\\node_modules\\streamsearch\\lib\\sbmh.js:104:16)\n    at Multipart._write (C:\\MY JAVA PROGRAM\\PDF\\node_modules\\busboy\\lib\\types\\multipart.js:567:19)\n    at writeOrBuffer (node:internal/streams/writable:570:12)\n    at _write (node:internal/streams/writable:499:10)\n    at Writable.write (node:internal/streams/writable:508:10)\n    at IncomingMessage.ondata (node:internal/streams/readable:1012:24)\n    at IncomingMessage.emit (node:events:509:28)\n    at addChunk (node:internal/streams/readable:563:12)\n    at readableAddChunkPushByteMode (node:internal/streams/readable:514:3)","path":"/api/upload","method":"POST"}
[2026-08-19T04:13:39.754Z] [INFO] Server is running in production mode on http://localhost:3000
[2026-08-19T04:13:40.857Z] [INFO] Successfully connected to Supabase PostgreSQL database.
[2026-08-19T04:13:41.227Z] [INFO] Database extractions table initialized.
[2026-08-19T04:13:50.145Z] [INFO] Server is running in production mode on http://localhost:3000
[2026-08-19T04:13:51.199Z] [INFO] Successfully connected to Supabase PostgreSQL database.
[2026-08-19T04:13:51.565Z] [INFO] Database extractions table initialized.
[2026-08-19T04:14:08.929Z] [INFO] Performing magic-number verification for: resume_001_Ananya_Sharma.pdf
[2026-08-19T04:14:08.938Z] [INFO] Magic-number check passed for resume_001_Ananya_Sharma.pdf. Detected: pdf
[2026-08-19T04:14:09.154Z] [INFO] Cleaned up temporary file: C:\MY JAVA PROGRAM\PDF\uploads\documents-1787112847666-166046368.pdf
[2026-08-19T04:14:08.939Z] [INFO] Starting text extraction for type: pdf
[2026-08-19T04:14:09.152Z] [INFO] Extraction complete: 1045 characters, 1 pages
[2026-08-19T04:14:09.337Z] [INFO] Saved extraction record to Supabase with ID 87 (candidate_id: C1066) for: resume_001_Ananya_Sharma.pdf
[2026-08-19T04:14:09.337Z] [INFO] Performing magic-number verification for: resume_002_Priya_Sharma.pdf
[2026-08-19T04:14:09.339Z] [INFO] Magic-number check passed for resume_002_Priya_Sharma.pdf. Detected: pdf
[2026-08-19T04:14:09.340Z] [INFO] Starting text extraction for type: pdf
[2026-08-19T04:14:09.345Z] [INFO] Cleaned up temporary file: C:\MY JAVA PROGRAM\PDF\uploads\documents-1787112847668-812391341.pdf
[2026-08-19T04:14:09.353Z] [ERROR] Error processing file resume_002_Priya_Sharma.pdf: bad XRef entry {"stack":"Error\n    at UnknownErrorExceptionClosure (C:\\MY JAVA PROGRAM\\PDF\\node_modules\\pdf-parse\\lib\\pdf.js\\v1.10.100\\build\\pdf.js:443:37)\n    at Object.<anonymous> (C:\\MY JAVA PROGRAM\\PDF\\node_modules\\pdf-parse\\lib\\pdf.js\\v1.10.100\\build\\pdf.js:446:2)\n    at __w_pdfjs_require__ (C:\\MY JAVA PROGRAM\\PDF\\node_modules\\pdf-parse\\lib\\pdf.js\\v1.10.100\\build\\pdf.js:45:30)\n    at Object.<anonymous> (C:\\MY JAVA PROGRAM\\PDF\\node_modules\\pdf-parse\\lib\\pdf.js\\v1.10.100\\build\\pdf.js:7939:23)\n    at __w_pdfjs_require__ (C:\\MY JAVA PROGRAM\\PDF\\node_modules\\pdf-parse\\lib\\pdf.js\\v1.10.100\\build\\pdf.js:45:30)\n    at C:\\MY JAVA PROGRAM\\PDF\\node_modules\\pdf-parse\\lib\\pdf.js\\v1.10.100\\build\\pdf.js:88:18\n    at C:\\MY JAVA PROGRAM\\PDF\\node_modules\\pdf-parse\\lib\\pdf.js\\v1.10.100\\build\\pdf.js:91:10\n    at webpackUniversalModuleDefinition (C:\\MY JAVA PROGRAM\\PDF\\node_modules\\pdf-parse\\lib\\pdf.js\\v1.10.100\\build\\pdf.js:18:20)\n    at Object.<anonymous> (C:\\MY JAVA PROGRAM\\PDF\\node_modules\\pdf-parse\\lib\\pdf.js\\v1.10.100\\build\\pdf.js:25:3)\n    at Module._compile (node:internal/modules/cjs/loader:1830:14)\n    at Object..js (node:internal/modules/cjs/loader:1961:10)\n    at Module.load (node:internal/modules/cjs/loader:1553:32)\n    at Module._load (node:internal/modules/cjs/loader:1355:12)\n    at wrapModuleLoad (node:internal/modules/cjs/loader:255:19)\n    at Module.require (node:internal/modules/cjs/loader:1576:12)\n    at require (node:internal/modules/helpers:153:16)"}
[2026-08-19T04:14:09.527Z] [INFO] Saved extraction record to Supabase with ID 88 (candidate_id: C1067) for: resume_002_Priya_Sharma.pdf
[2026-08-19T04:14:09.528Z] [INFO] Performing magic-number verification for: resume_003_Neha_Shah.pdf
[2026-08-19T04:14:09.529Z] [INFO] Magic-number check passed for resume_003_Neha_Shah.pdf. Detected: pdf
[2026-08-19T04:14:09.537Z] [INFO] Cleaned up temporary file: C:\MY JAVA PROGRAM\PDF\uploads\documents-1787112847669-258313257.pdf
[2026-08-19T04:14:09.539Z] [ERROR] Error processing file resume_003_Neha_Shah.pdf: bad XRef entry {"stack":"Error\n    at UnknownErrorExceptionClosure (C:\\MY JAVA PROGRAM\\PDF\\node_modules\\pdf-parse\\lib\\pdf.js\\v1.10.100\\build\\pdf.js:443:37)\n    at Object.<anonymous> (C:\\MY JAVA PROGRAM\\PDF\\node_modules\\pdf-parse\\lib\\pdf.js\\v1.10.100\\build\\pdf.js:446:2)\n    at __w_pdfjs_require__ (C:\\MY JAVA PROGRAM\\PDF\\node_modules\\pdf-parse\\lib\\pdf.js\\v1.10.100\\build\\pdf.js:45:30)\n    at Object.<anonymous> (C:\\MY JAVA PROGRAM\\PDF\\node_modules\\pdf-parse\\lib\\pdf.js\\v1.10.100\\build\\pdf.js:7939:23)\n    at __w_pdfjs_require__ (C:\\MY JAVA PROGRAM\\PDF\\node_modules\\pdf-parse\\lib\\pdf.js\\v1.10.100\\build\\pdf.js:45:30)\n    at C:\\MY JAVA PROGRAM\\PDF\\node_modules\\pdf-parse\\lib\\pdf.js\\v1.10.100\\build\\pdf.js:88:18\n    at C:\\MY JAVA PROGRAM\\PDF\\node_modules\\pdf-parse\\lib\\pdf.js\\v1.10.100\\build\\pdf.js:91:10\n    at webpackUniversalModuleDefinition (C:\\MY JAVA PROGRAM\\PDF\\node_modules\\pdf-parse\\lib\\pdf.js\\v1.10.100\\build\\pdf.js:18:20)\n    at Object.<anonymous> (C:\\MY JAVA PROGRAM\\PDF\\node_modules\\pdf-parse\\lib\\pdf.js\\v1.10.100\\build\\pdf.js:25:3)\n    at Module._compile (node:internal/modules/cjs/loader:1830:14)\n    at Object..js (node:internal/modules/cjs/loader:1961:10)\n    at Module.load (node:internal/modules/cjs/loader:1553:32)\n    at Module._load (node:internal/modules/cjs/loader:1355:12)\n    at wrapModuleLoad (node:internal/modules/cjs/loader:255:19)\n    at Module.require (node:internal/modules/cjs/loader:1576:12)\n    at require (node:internal/modules/helpers:153:16)"}
[2026-08-19T04:14:09.530Z] [INFO] Starting text extraction for type: pdf
[2026-08-19T04:14:09.728Z] [INFO] Saved extraction record to Supabase with ID 89 (candidate_id: C1068) for: resume_003_Neha_Shah.pdf
[2026-08-19T04:14:09.729Z] [INFO] Performing magic-number verification for: resume_004_Aditya_Patel.pdf
[2026-08-19T04:14:09.731Z] [INFO] Magic-number check passed for resume_004_Aditya_Patel.pdf. Detected: pdf
[2026-08-19T04:14:09.735Z] [INFO] Starting text extraction for type: pdf
[2026-08-19T04:14:09.743Z] [INFO] Cleaned up temporary file: C:\MY JAVA PROGRAM\PDF\uploads\documents-1787112847670-47525109.pdf
[2026-08-19T04:14:09.745Z] [ERROR] Error processing file resume_004_Aditya_Patel.pdf: bad XRef entry {"stack":"Error\n    at UnknownErrorExceptionClosure (C:\\MY JAVA PROGRAM\\PDF\\node_modules\\pdf-parse\\lib\\pdf.js\\v1.10.100\\build\\pdf.js:443:37)\n    at Object.<anonymous> (C:\\MY JAVA PROGRAM\\PDF\\node_modules\\pdf-parse\\lib\\pdf.js\\v1.10.100\\build\\pdf.js:446:2)\n    at __w_pdfjs_require__ (C:\\MY JAVA PROGRAM\\PDF\\node_modules\\pdf-parse\\lib\\pdf.js\\v1.10.100\\build\\pdf.js:45:30)\n    at Object.<anonymous> (C:\\MY JAVA PROGRAM\\PDF\\node_modules\\pdf-parse\\lib\\pdf.js\\v1.10.100\\build\\pdf.js:7939:23)\n    at __w_pdfjs_require__ (C:\\MY JAVA PROGRAM\\PDF\\node_modules\\pdf-parse\\lib\\pdf.js\\v1.10.100\\build\\pdf.js:45:30)\n    at C:\\MY JAVA PROGRAM\\PDF\\node_modules\\pdf-parse\\lib\\pdf.js\\v1.10.100\\build\\pdf.js:88:18\n    at C:\\MY JAVA PROGRAM\\PDF\\node_modules\\pdf-parse\\lib\\pdf.js\\v1.10.100\\build\\pdf.js:91:10\n    at webpackUniversalModuleDefinition (C:\\MY JAVA PROGRAM\\PDF\\node_modules\\pdf-parse\\lib\\pdf.js\\v1.10.100\\build\\pdf.js:18:20)\n    at Object.<anonymous> (C:\\MY JAVA PROGRAM\\PDF\\node_modules\\pdf-parse\\lib\\pdf.js\\v1.10.100\\build\\pdf.js:25:3)\n    at Module._compile (node:internal/modules/cjs/loader:1830:14)\n    at Object..js (node:internal/modules/cjs/loader:1961:10)\n    at Module.load (node:internal/modules/cjs/loader:1553:32)\n    at Module._load (node:internal/modules/cjs/loader:1355:12)\n    at wrapModuleLoad (node:internal/modules/cjs/loader:255:19)\n    at Module.require (node:internal/modules/cjs/loader:1576:12)\n    at require (node:internal/modules/helpers:153:16)"}
[2026-08-19T04:14:09.920Z] [INFO] Saved extraction record to Supabase with ID 90 (candidate_id: C1069) for: resume_004_Aditya_Patel.pdf
[2026-08-19T04:14:09.921Z] [INFO] Performing magic-number verification for: resume_005_Karan_Patel.pdf
[2026-08-19T04:14:09.922Z] [INFO] Magic-number check passed for resume_005_Karan_Patel.pdf. Detected: pdf
[2026-08-19T04:14:09.928Z] [INFO] Cleaned up temporary file: C:\MY JAVA PROGRAM\PDF\uploads\documents-1787112847670-426876085.pdf
[2026-08-19T04:14:09.930Z] [ERROR] Error processing file resume_005_Karan_Patel.pdf: Invalid number: < (charCode 60) {"stack":"Error\n    at UnknownErrorExceptionClosure (C:\\MY JAVA PROGRAM\\PDF\\node_modules\\pdf-parse\\lib\\pdf.js\\v1.10.100\\build\\pdf.js:443:37)\n    at Object.<anonymous> (C:\\MY JAVA PROGRAM\\PDF\\node_modules\\pdf-parse\\lib\\pdf.js\\v1.10.100\\build\\pdf.js:446:2)\n    at __w_pdfjs_require__ (C:\\MY JAVA PROGRAM\\PDF\\node_modules\\pdf-parse\\lib\\pdf.js\\v1.10.100\\build\\pdf.js:45:30)\n    at Object.<anonymous> (C:\\MY JAVA PROGRAM\\PDF\\node_modules\\pdf-parse\\lib\\pdf.js\\v1.10.100\\build\\pdf.js:7939:23)\n    at __w_pdfjs_require__ (C:\\MY JAVA PROGRAM\\PDF\\node_modules\\pdf-parse\\lib\\pdf.js\\v1.10.100\\build\\pdf.js:45:30)\n    at C:\\MY JAVA PROGRAM\\PDF\\node_modules\\pdf-parse\\lib\\pdf.js\\v1.10.100\\build\\pdf.js:88:18\n    at C:\\MY JAVA PROGRAM\\PDF\\node_modules\\pdf-parse\\lib\\pdf.js\\v1.10.100\\build\\pdf.js:91:10\n    at webpackUniversalModuleDefinition (C:\\MY JAVA PROGRAM\\PDF\\node_modules\\pdf-parse\\lib\\pdf.js\\v1.10.100\\build\\pdf.js:18:20)\n    at Object.<anonymous> (C:\\MY JAVA PROGRAM\\PDF\\node_modules\\pdf-parse\\lib\\pdf.js\\v1.10.100\\build\\pdf.js:25:3)\n    at Module._compile (node:internal/modules/cjs/loader:1830:14)\n    at Object..js (node:internal/modules/cjs/loader:1961:10)\n    at Module.load (node:internal/modules/cjs/loader:1553:32)\n    at Module._load (node:internal/modules/cjs/loader:1355:12)\n    at wrapModuleLoad (node:internal/modules/cjs/loader:255:19)\n    at Module.require (node:internal/modules/cjs/loader:1576:12)\n    at require (node:internal/modules/helpers:153:16)"}
[2026-08-19T04:14:09.923Z] [INFO] Starting text extraction for type: pdf
[2026-08-19T04:14:10.109Z] [INFO] Saved extraction record to Supabase with ID 91 (candidate_id: C1070) for: resume_005_Karan_Patel.pdf
[2026-08-19T04:14:10.110Z] [INFO] Performing magic-number verification for: resume_006_Kavya_Patel.pdf
[2026-08-19T04:14:10.112Z] [INFO] Magic-number check passed for resume_006_Kavya_Patel.pdf. Detected: pdf
[2026-08-19T04:14:10.113Z] [INFO] Starting text extraction for type: pdf
[2026-08-19T04:14:10.120Z] [ERROR] Error processing file resume_006_Kavya_Patel.pdf: Illegal character: 41 {"stack":"Error\n    at UnknownErrorExceptionClosure (C:\\MY JAVA PROGRAM\\PDF\\node_modules\\pdf-parse\\lib\\pdf.js\\v1.10.100\\build\\pdf.js:443:37)\n    at Object.<anonymous> (C:\\MY JAVA PROGRAM\\PDF\\node_modules\\pdf-parse\\lib\\pdf.js\\v1.10.100\\build\\pdf.js:446:2)\n    at __w_pdfjs_require__ (C:\\MY JAVA PROGRAM\\PDF\\node_modules\\pdf-parse\\lib\\pdf.js\\v1.10.100\\build\\pdf.js:45:30)\n    at Object.<anonymous> (C:\\MY JAVA PROGRAM\\PDF\\node_modules\\pdf-parse\\lib\\pdf.js\\v1.10.100\\build\\pdf.js:7939:23)\n    at __w_pdfjs_require__ (C:\\MY JAVA PROGRAM\\PDF\\node_modules\\pdf-parse\\lib\\pdf.js\\v1.10.100\\build\\pdf.js:45:30)\n    at C:\\MY JAVA PROGRAM\\PDF\\node_modules\\pdf-parse\\lib\\pdf.js\\v1.10.100\\build\\pdf.js:88:18\n    at C:\\MY JAVA PROGRAM\\PDF\\node_modules\\pdf-parse\\lib\\pdf.js\\v1.10.100\\build\\pdf.js:91:10\n    at webpackUniversalModuleDefinition (C:\\MY JAVA PROGRAM\\PDF\\node_modules\\pdf-parse\\lib\\pdf.js\\v1.10.100\\build\\pdf.js:18:20)\n    at Object.<anonymous> (C:\\MY JAVA PROGRAM\\PDF\\node_modules\\pdf-parse\\lib\\pdf.js\\v1.10.100\\build\\pdf.js:25:3)\n    at Module._compile (node:internal/modules/cjs/loader:1830:14)\n    at Object..js (node:internal/modules/cjs/loader:1961:10)\n    at Module.load (node:internal/modules/cjs/loader:1553:32)\n    at Module._load (node:internal/modules/cjs/loader:1355:12)\n    at wrapModuleLoad (node:internal/modules/cjs/loader:255:19)\n    at Module.require (node:internal/modules/cjs/loader:1576:12)\n    at require (node:internal/modules/helpers:153:16)"}
[2026-08-19T04:14:10.118Z] [INFO] Cleaned up temporary file: C:\MY JAVA PROGRAM\PDF\uploads\documents-1787112847671-138895543.pdf
[2026-08-19T04:14:10.307Z] [INFO] Saved extraction record to Supabase with ID 92 (candidate_id: C1071) for: resume_006_Kavya_Patel.pdf
[2026-08-19T04:14:10.307Z] [INFO] Performing magic-number verification for: resume_007_Arjun_Nair.pdf
[2026-08-19T04:14:10.309Z] [INFO] Magic-number check passed for resume_007_Arjun_Nair.pdf. Detected: pdf
[2026-08-19T04:14:10.310Z] [INFO] Starting text extraction for type: pdf
[2026-08-19T04:14:10.319Z] [INFO] Cleaned up temporary file: C:\MY JAVA PROGRAM\PDF\uploads\documents-1787112847671-759168571.pdf
[2026-08-19T04:14:10.320Z] [ERROR] Error processing file resume_007_Arjun_Nair.pdf: bad XRef entry {"stack":"Error\n    at UnknownErrorExceptionClosure (C:\\MY JAVA PROGRAM\\PDF\\node_modules\\pdf-parse\\lib\\pdf.js\\v1.10.100\\build\\pdf.js:443:37)\n    at Object.<anonymous> (C:\\MY JAVA PROGRAM\\PDF\\node_modules\\pdf-parse\\lib\\pdf.js\\v1.10.100\\build\\pdf.js:446:2)\n    at __w_pdfjs_require__ (C:\\MY JAVA PROGRAM\\PDF\\node_modules\\pdf-parse\\lib\\pdf.js\\v1.10.100\\build\\pdf.js:45:30)\n    at Object.<anonymous> (C:\\MY JAVA PROGRAM\\PDF\\node_modules\\pdf-parse\\lib\\pdf.js\\v1.10.100\\build\\pdf.js:7939:23)\n    at __w_pdfjs_require__ (C:\\MY JAVA PROGRAM\\PDF\\node_modules\\pdf-parse\\lib\\pdf.js\\v1.10.100\\build\\pdf.js:45:30)\n    at C:\\MY JAVA PROGRAM\\PDF\\node_modules\\pdf-parse\\lib\\pdf.js\\v1.10.100\\build\\pdf.js:88:18\n    at C:\\MY JAVA PROGRAM\\PDF\\node_modules\\pdf-parse\\lib\\pdf.js\\v1.10.100\\build\\pdf.js:91:10\n    at webpackUniversalModuleDefinition (C:\\MY JAVA PROGRAM\\PDF\\node_modules\\pdf-parse\\lib\\pdf.js\\v1.10.100\\build\\pdf.js:18:20)\n    at Object.<anonymous> (C:\\MY JAVA PROGRAM\\PDF\\node_modules\\pdf-parse\\lib\\pdf.js\\v1.10.100\\build\\pdf.js:25:3)\n    at Module._compile (node:internal/modules/cjs/loader:1830:14)\n    at Object..js (node:internal/modules/cjs/loader:1961:10)\n    at Module.load (node:internal/modules/cjs/loader:1553:32)\n    at Module._load (node:internal/modules/cjs/loader:1355:12)\n    at wrapModuleLoad (node:internal/modules/cjs/loader:255:19)\n    at Module.require (node:internal/modules/cjs/loader:1576:12)\n    at require (node:internal/modules/helpers:153:16)"}
[2026-08-19T04:14:10.508Z] [INFO] Saved extraction record to Supabase with ID 93 (candidate_id: C1072) for: resume_007_Arjun_Nair.pdf
[2026-08-19T04:14:10.509Z] [INFO] Performing magic-number verification for: resume_008_Neha_Kulkarni.pdf
[2026-08-19T04:14:10.511Z] [INFO] Starting text extraction for type: pdf
[2026-08-19T04:14:10.510Z] [INFO] Magic-number check passed for resume_008_Neha_Kulkarni.pdf. Detected: pdf
[2026-08-19T04:14:10.517Z] [INFO] Cleaned up temporary file: C:\MY JAVA PROGRAM\PDF\uploads\documents-1787112847671-689111628.pdf
[2026-08-19T04:14:10.519Z] [ERROR] Error processing file resume_008_Neha_Kulkarni.pdf: bad XRef entry {"stack":"Error\n    at UnknownErrorExceptionClosure (C:\\MY JAVA PROGRAM\\PDF\\node_modules\\pdf-parse\\lib\\pdf.js\\v1.10.100\\build\\pdf.js:443:37)\n    at Object.<anonymous> (C:\\MY JAVA PROGRAM\\PDF\\node_modules\\pdf-parse\\lib\\pdf.js\\v1.10.100\\build\\pdf.js:446:2)\n    at __w_pdfjs_require__ (C:\\MY JAVA PROGRAM\\PDF\\node_modules\\pdf-parse\\lib\\pdf.js\\v1.10.100\\build\\pdf.js:45:30)\n    at Object.<anonymous> (C:\\MY JAVA PROGRAM\\PDF\\node_modules\\pdf-parse\\lib\\pdf.js\\v1.10.100\\build\\pdf.js:7939:23)\n    at __w_pdfjs_require__ (C:\\MY JAVA PROGRAM\\PDF\\node_modules\\pdf-parse\\lib\\pdf.js\\v1.10.100\\build\\pdf.js:45:30)\n    at C:\\MY JAVA PROGRAM\\PDF\\node_modules\\pdf-parse\\lib\\pdf.js\\v1.10.100\\build\\pdf.js:88:18\n    at C:\\MY JAVA PROGRAM\\PDF\\node_modules\\pdf-parse\\lib\\pdf.js\\v1.10.100\\build\\pdf.js:91:10\n    at webpackUniversalModuleDefinition (C:\\MY JAVA PROGRAM\\PDF\\node_modules\\pdf-parse\\lib\\pdf.js\\v1.10.100\\build\\pdf.js:18:20)\n    at Object.<anonymous> (C:\\MY JAVA PROGRAM\\PDF\\node_modules\\pdf-parse\\lib\\pdf.js\\v1.10.100\\build\\pdf.js:25:3)\n    at Module._compile (node:internal/modules/cjs/loader:1830:14)\n    at Object..js (node:internal/modules/cjs/loader:1961:10)\n    at Module.load (node:internal/modules/cjs/loader:1553:32)\n    at Module._load (node:internal/modules/cjs/loader:1355:12)\n    at wrapModuleLoad (node:internal/modules/cjs/loader:255:19)\n    at Module.require (node:internal/modules/cjs/loader:1576:12)\n    at require (node:internal/modules/helpers:153:16)"}
[2026-08-19T04:14:10.707Z] [INFO] Saved extraction record to Supabase with ID 94 (candidate_id: C1073) for: resume_008_Neha_Kulkarni.pdf
[2026-08-19T04:14:10.708Z] [INFO] Performing magic-number verification for: resume_009_Vikram_Kulkarni.pdf
[2026-08-19T04:14:10.710Z] [INFO] Magic-number check passed for resume_009_Vikram_Kulkarni.pdf. Detected: pdf
[2026-08-19T04:14:10.718Z] [INFO] Cleaned up temporary file: C:\MY JAVA PROGRAM\PDF\uploads\documents-1787112847671-660753352.pdf
[2026-08-19T04:14:10.710Z] [INFO] Starting text extraction for type: pdf
[2026-08-19T04:14:10.720Z] [ERROR] Error processing file resume_009_Vikram_Kulkarni.pdf: bad XRef entry {"stack":"Error\n    at UnknownErrorExceptionClosure (C:\\MY JAVA PROGRAM\\PDF\\node_modules\\pdf-parse\\lib\\pdf.js\\v1.10.100\\build\\pdf.js:443:37)\n    at Object.<anonymous> (C:\\MY JAVA PROGRAM\\PDF\\node_modules\\pdf-parse\\lib\\pdf.js\\v1.10.100\\build\\pdf.js:446:2)\n    at __w_pdfjs_require__ (C:\\MY JAVA PROGRAM\\PDF\\node_modules\\pdf-parse\\lib\\pdf.js\\v1.10.100\\build\\pdf.js:45:30)\n    at Object.<anonymous> (C:\\MY JAVA PROGRAM\\PDF\\node_modules\\pdf-parse\\lib\\pdf.js\\v1.10.100\\build\\pdf.js:7939:23)\n    at __w_pdfjs_require__ (C:\\MY JAVA PROGRAM\\PDF\\node_modules\\pdf-parse\\lib\\pdf.js\\v1.10.100\\build\\pdf.js:45:30)\n    at C:\\MY JAVA PROGRAM\\PDF\\node_modules\\pdf-parse\\lib\\pdf.js\\v1.10.100\\build\\pdf.js:88:18\n    at C:\\MY JAVA PROGRAM\\PDF\\node_modules\\pdf-parse\\lib\\pdf.js\\v1.10.100\\build\\pdf.js:91:10\n    at webpackUniversalModuleDefinition (C:\\MY JAVA PROGRAM\\PDF\\node_modules\\pdf-parse\\lib\\pdf.js\\v1.10.100\\build\\pdf.js:18:20)\n    at Object.<anonymous> (C:\\MY JAVA PROGRAM\\PDF\\node_modules\\pdf-parse\\lib\\pdf.js\\v1.10.100\\build\\pdf.js:25:3)\n    at Module._compile (node:internal/modules/cjs/loader:1830:14)\n    at Object..js (node:internal/modules/cjs/loader:1961:10)\n    at Module.load (node:internal/modules/cjs/loader:1553:32)\n    at Module._load (node:internal/modules/cjs/loader:1355:12)\n    at wrapModuleLoad (node:internal/modules/cjs/loader:255:19)\n    at Module.require (node:internal/modules/cjs/loader:1576:12)\n    at require (node:internal/modules/helpers:153:16)"}
[2026-08-19T04:14:10.892Z] [INFO] Saved extraction record to Supabase with ID 95 (candidate_id: C1074) for: resume_009_Vikram_Kulkarni.pdf
[2026-08-19T04:14:10.893Z] [INFO] Performing magic-number verification for: resume_010_Meera_Deshmukh.pdf
[2026-08-19T04:14:10.896Z] [INFO] Magic-number check passed for resume_010_Meera_Deshmukh.pdf. Detected: pdf
[2026-08-19T04:14:10.900Z] [INFO] Starting text extraction for type: pdf
[2026-08-19T04:14:10.921Z] [INFO] Cleaned up temporary file: C:\MY JAVA PROGRAM\PDF\uploads\documents-1787112847672-656516158.pdf
[2026-08-19T04:14:10.922Z] [ERROR] Error processing file resume_010_Meera_Deshmukh.pdf: bad XRef entry {"stack":"Error\n    at UnknownErrorExceptionClosure (C:\\MY JAVA PROGRAM\\PDF\\node_modules\\pdf-parse\\lib\\pdf.js\\v1.10.100\\build\\pdf.js:443:37)\n    at Object.<anonymous> (C:\\MY JAVA PROGRAM\\PDF\\node_modules\\pdf-parse\\lib\\pdf.js\\v1.10.100\\build\\pdf.js:446:2)\n    at __w_pdfjs_require__ (C:\\MY JAVA PROGRAM\\PDF\\node_modules\\pdf-parse\\lib\\pdf.js\\v1.10.100\\build\\pdf.js:45:30)\n    at Object.<anonymous> (C:\\MY JAVA PROGRAM\\PDF\\node_modules\\pdf-parse\\lib\\pdf.js\\v1.10.100\\build\\pdf.js:7939:23)\n    at __w_pdfjs_require__ (C:\\MY JAVA PROGRAM\\PDF\\node_modules\\pdf-parse\\lib\\pdf.js\\v1.10.100\\build\\pdf.js:45:30)\n    at C:\\MY JAVA PROGRAM\\PDF\\node_modules\\pdf-parse\\lib\\pdf.js\\v1.10.100\\build\\pdf.js:88:18\n    at C:\\MY JAVA PROGRAM\\PDF\\node_modules\\pdf-parse\\lib\\pdf.js\\v1.10.100\\build\\pdf.js:91:10\n    at webpackUniversalModuleDefinition (C:\\MY JAVA PROGRAM\\PDF\\node_modules\\pdf-parse\\lib\\pdf.js\\v1.10.100\\build\\pdf.js:18:20)\n    at Object.<anonymous> (C:\\MY JAVA PROGRAM\\PDF\\node_modules\\pdf-parse\\lib\\pdf.js\\v1.10.100\\build\\pdf.js:25:3)\n    at Module._compile (node:internal/modules/cjs/loader:1830:14)\n    at Object..js (node:internal/modules/cjs/loader:1961:10)\n    at Module.load (node:internal/modules/cjs/loader:1553:32)\n    at Module._load (node:internal/modules/cjs/loader:1355:12)\n    at wrapModuleLoad (node:internal/modules/cjs/loader:255:19)\n    at Module.require (node:internal/modules/cjs/loader:1576:12)\n    at require (node:internal/modules/helpers:153:16)"}
[2026-08-19T04:14:11.094Z] [INFO] Saved extraction record to Supabase with ID 96 (candidate_id: C1075) for: resume_010_Meera_Deshmukh.pdf
[2026-08-19T04:14:11.094Z] [INFO] Performing magic-number verification for: resume_011_Sneha_Reddy.pdf
[2026-08-19T04:14:11.096Z] [INFO] Magic-number check passed for resume_011_Sneha_Reddy.pdf. Detected: pdf
[2026-08-19T04:14:11.096Z] [INFO] Starting text extraction for type: pdf
[2026-08-19T04:14:11.105Z] [INFO] Cleaned up temporary file: C:\MY JAVA PROGRAM\PDF\uploads\documents-1787112847673-450141721.pdf
[2026-08-19T04:14:11.106Z] [ERROR] Error processing file resume_011_Sneha_Reddy.pdf: bad XRef entry {"stack":"Error\n    at UnknownErrorExceptionClosure (C:\\MY JAVA PROGRAM\\PDF\\node_modules\\pdf-parse\\lib\\pdf.js\\v1.10.100\\build\\pdf.js:443:37)\n    at Object.<anonymous> (C:\\MY JAVA PROGRAM\\PDF\\node_modules\\pdf-parse\\lib\\pdf.js\\v1.10.100\\build\\pdf.js:446:2)\n    at __w_pdfjs_require__ (C:\\MY JAVA PROGRAM\\PDF\\node_modules\\pdf-parse\\lib\\pdf.js\\v1.10.100\\build\\pdf.js:45:30)\n    at Object.<anonymous> (C:\\MY JAVA PROGRAM\\PDF\\node_modules\\pdf-parse\\lib\\pdf.js\\v1.10.100\\build\\pdf.js:7939:23)\n    at __w_pdfjs_require__ (C:\\MY JAVA PROGRAM\\PDF\\node_modules\\pdf-parse\\lib\\pdf.js\\v1.10.100\\build\\pdf.js:45:30)\n    at C:\\MY JAVA PROGRAM\\PDF\\node_modules\\pdf-parse\\lib\\pdf.js\\v1.10.100\\build\\pdf.js:88:18\n    at C:\\MY JAVA PROGRAM\\PDF\\node_modules\\pdf-parse\\lib\\pdf.js\\v1.10.100\\build\\pdf.js:91:10\n    at webpackUniversalModuleDefinition (C:\\MY JAVA PROGRAM\\PDF\\node_modules\\pdf-parse\\lib\\pdf.js\\v1.10.100\\build\\pdf.js:18:20)\n    at Object.<anonymous> (C:\\MY JAVA PROGRAM\\PDF\\node_modules\\pdf-parse\\lib\\pdf.js\\v1.10.100\\build\\pdf.js:25:3)\n    at Module._compile (node:internal/modules/cjs/loader:1830:14)\n    at Object..js (node:internal/modules/cjs/loader:1961:10)\n    at Module.load (node:internal/modules/cjs/loader:1553:32)\n    at Module._load (node:internal/modules/cjs/loader:1355:12)\n    at wrapModuleLoad (node:internal/modules/cjs/loader:255:19)\n    at Module.require (node:internal/modules/cjs/loader:1576:12)\n    at require (node:internal/modules/helpers:153:16)"}
[2026-08-19T04:14:11.285Z] [INFO] Saved extraction record to Supabase with ID 97 (candidate_id: C1076) for: resume_011_Sneha_Reddy.pdf
[2026-08-19T04:14:11.286Z] [INFO] Performing magic-number verification for: resume_012_Ananya_Kulkarni.pdf
[2026-08-19T04:14:11.288Z] [INFO] Starting text extraction for type: pdf
[2026-08-19T04:14:11.287Z] [INFO] Magic-number check passed for resume_012_Ananya_Kulkarni.pdf. Detected: pdf
[2026-08-19T04:14:11.299Z] [INFO] Cleaned up temporary file: C:\MY JAVA PROGRAM\PDF\uploads\documents-1787112847674-703937701.pdf
[2026-08-19T04:14:11.302Z] [ERROR] Error processing file resume_012_Ananya_Kulkarni.pdf: bad XRef entry {"stack":"Error\n    at UnknownErrorExceptionClosure (C:\\MY JAVA PROGRAM\\PDF\\node_modules\\pdf-parse\\lib\\pdf.js\\v1.10.100\\build\\pdf.js:443:37)\n    at Object.<anonymous> (C:\\MY JAVA PROGRAM\\PDF\\node_modules\\pdf-parse\\lib\\pdf.js\\v1.10.100\\build\\pdf.js:446:2)\n    at __w_pdfjs_require__ (C:\\MY JAVA PROGRAM\\PDF\\node_modules\\pdf-parse\\lib\\pdf.js\\v1.10.100\\build\\pdf.js:45:30)\n    at Object.<anonymous> (C:\\MY JAVA PROGRAM\\PDF\\node_modules\\pdf-parse\\lib\\pdf.js\\v1.10.100\\build\\pdf.js:7939:23)\n    at __w_pdfjs_require__ (C:\\MY JAVA PROGRAM\\PDF\\node_modules\\pdf-parse\\lib\\pdf.js\\v1.10.100\\build\\pdf.js:45:30)\n    at C:\\MY JAVA PROGRAM\\PDF\\node_modules\\pdf-parse\\lib\\pdf.js\\v1.10.100\\build\\pdf.js:88:18\n    at C:\\MY JAVA PROGRAM\\PDF\\node_modules\\pdf-parse\\lib\\pdf.js\\v1.10.100\\build\\pdf.js:91:10\n    at webpackUniversalModuleDefinition (C:\\MY JAVA PROGRAM\\PDF\\node_modules\\pdf-parse\\lib\\pdf.js\\v1.10.100\\build\\pdf.js:18:20)\n    at Object.<anonymous> (C:\\MY JAVA PROGRAM\\PDF\\node_modules\\pdf-parse\\lib\\pdf.js\\v1.10.100\\build\\pdf.js:25:3)\n    at Module._compile (node:internal/modules/cjs/loader:1830:14)\n    at Object..js (node:internal/modules/cjs/loader:1961:10)\n    at Module.load (node:internal/modules/cjs/loader:1553:32)\n    at Module._load (node:internal/modules/cjs/loader:1355:12)\n    at wrapModuleLoad (node:internal/modules/cjs/loader:255:19)\n    at Module.require (node:internal/modules/cjs/loader:1576:12)\n    at require (node:internal/modules/helpers:153:16)"}
[2026-08-19T04:14:11.486Z] [INFO] Saved extraction record to Supabase with ID 98 (candidate_id: C1077) for: resume_012_Ananya_Kulkarni.pdf
[2026-08-19T04:14:11.487Z] [INFO] Performing magic-number verification for: resume_013_Sneha_Gupta.pdf
[2026-08-19T04:14:11.488Z] [INFO] Magic-number check passed for resume_013_Sneha_Gupta.pdf. Detected: pdf
[2026-08-19T04:14:11.495Z] [INFO] Cleaned up temporary file: C:\MY JAVA PROGRAM\PDF\uploads\documents-1787112847674-478498428.pdf
[2026-08-19T04:14:11.489Z] [INFO] Starting text extraction for type: pdf
[2026-08-19T04:14:11.497Z] [ERROR] Error processing file resume_013_Sneha_Gupta.pdf: bad XRef entry {"stack":"Error\n    at UnknownErrorExceptionClosure (C:\\MY JAVA PROGRAM\\PDF\\node_modules\\pdf-parse\\lib\\pdf.js\\v1.10.100\\build\\pdf.js:443:37)\n    at Object.<anonymous> (C:\\MY JAVA PROGRAM\\PDF\\node_modules\\pdf-parse\\lib\\pdf.js\\v1.10.100\\build\\pdf.js:446:2)\n    at __w_pdfjs_require__ (C:\\MY JAVA PROGRAM\\PDF\\node_modules\\pdf-parse\\lib\\pdf.js\\v1.10.100\\build\\pdf.js:45:30)\n    at Object.<anonymous> (C:\\MY JAVA PROGRAM\\PDF\\node_modules\\pdf-parse\\lib\\pdf.js\\v1.10.100\\build\\pdf.js:7939:23)\n    at __w_pdfjs_require__ (C:\\MY JAVA PROGRAM\\PDF\\node_modules\\pdf-parse\\lib\\pdf.js\\v1.10.100\\build\\pdf.js:45:30)\n    at C:\\MY JAVA PROGRAM\\PDF\\node_modules\\pdf-parse\\lib\\pdf.js\\v1.10.100\\build\\pdf.js:88:18\n    at C:\\MY JAVA PROGRAM\\PDF\\node_modules\\pdf-parse\\lib\\pdf.js\\v1.10.100\\build\\pdf.js:91:10\n    at webpackUniversalModuleDefinition (C:\\MY JAVA PROGRAM\\PDF\\node_modules\\pdf-parse\\lib\\pdf.js\\v1.10.100\\build\\pdf.js:18:20)\n    at Object.<anonymous> (C:\\MY JAVA PROGRAM\\PDF\\node_modules\\pdf-parse\\lib\\pdf.js\\v1.10.100\\build\\pdf.js:25:3)\n    at Module._compile (node:internal/modules/cjs/loader:1830:14)\n    at Object..js (node:internal/modules/cjs/loader:1961:10)\n    at Module.load (node:internal/modules/cjs/loader:1553:32)\n    at Module._load (node:internal/modules/cjs/loader:1355:12)\n    at wrapModuleLoad (node:internal/modules/cjs/loader:255:19)\n    at Module.require (node:internal/modules/cjs/loader:1576:12)\n    at require (node:internal/modules/helpers:153:16)"}
[2026-08-19T04:14:11.669Z] [INFO] Saved extraction record to Supabase with ID 99 (candidate_id: C1078) for: resume_013_Sneha_Gupta.pdf
[2026-08-19T04:14:11.669Z] [INFO] Performing magic-number verification for: resume_014_Aarav_Deshmukh.pdf
[2026-08-19T04:14:11.671Z] [INFO] Magic-number check passed for resume_014_Aarav_Deshmukh.pdf. Detected: pdf
[2026-08-19T04:14:11.673Z] [INFO] Starting text extraction for type: pdf
[2026-08-19T04:14:11.683Z] [INFO] Cleaned up temporary file: C:\MY JAVA PROGRAM\PDF\uploads\documents-1787112847674-610517898.pdf
[2026-08-19T04:14:11.685Z] [ERROR] Error processing file resume_014_Aarav_Deshmukh.pdf: bad XRef entry {"stack":"Error\n    at UnknownErrorExceptionClosure (C:\\MY JAVA PROGRAM\\PDF\\node_modules\\pdf-parse\\lib\\pdf.js\\v1.10.100\\build\\pdf.js:443:37)\n    at Object.<anonymous> (C:\\MY JAVA PROGRAM\\PDF\\node_modules\\pdf-parse\\lib\\pdf.js\\v1.10.100\\build\\pdf.js:446:2)\n    at __w_pdfjs_require__ (C:\\MY JAVA PROGRAM\\PDF\\node_modules\\pdf-parse\\lib\\pdf.js\\v1.10.100\\build\\pdf.js:45:30)\n    at Object.<anonymous> (C:\\MY JAVA PROGRAM\\PDF\\node_modules\\pdf-parse\\lib\\pdf.js\\v1.10.100\\build\\pdf.js:7939:23)\n    at __w_pdfjs_require__ (C:\\MY JAVA PROGRAM\\PDF\\node_modules\\pdf-parse\\lib\\pdf.js\\v1.10.100\\build\\pdf.js:45:30)\n    at C:\\MY JAVA PROGRAM\\PDF\\node_modules\\pdf-parse\\lib\\pdf.js\\v1.10.100\\build\\pdf.js:88:18\n    at C:\\MY JAVA PROGRAM\\PDF\\node_modules\\pdf-parse\\lib\\pdf.js\\v1.10.100\\build\\pdf.js:91:10\n    at webpackUniversalModuleDefinition (C:\\MY JAVA PROGRAM\\PDF\\node_modules\\pdf-parse\\lib\\pdf.js\\v1.10.100\\build\\pdf.js:18:20)\n    at Object.<anonymous> (C:\\MY JAVA PROGRAM\\PDF\\node_modules\\pdf-parse\\lib\\pdf.js\\v1.10.100\\build\\pdf.js:25:3)\n    at Module._compile (node:internal/modules/cjs/loader:1830:14)\n    at Object..js (node:internal/modules/cjs/loader:1961:10)\n    at Module.load (node:internal/modules/cjs/loader:1553:32)\n    at Module._load (node:internal/modules/cjs/loader:1355:12)\n    at wrapModuleLoad (node:internal/modules/cjs/loader:255:19)\n    at Module.require (node:internal/modules/cjs/loader:1576:12)\n    at require (node:internal/modules/helpers:153:16)"}
[2026-08-19T04:14:11.863Z] [INFO] Saved extraction record to Supabase with ID 100 (candidate_id: C1079) for: resume_014_Aarav_Deshmukh.pdf
[2026-08-19T05:30:12.177Z] [INFO] Server is running in production mode on http://localhost:3000
[2026-08-19T05:30:13.038Z] [INFO] Successfully connected to Supabase PostgreSQL database.
[2026-08-19T05:30:13.331Z] [INFO] Database extractions table initialized.
[2026-08-19T05:30:47.465Z] [INFO] Performing magic-number verification for: aditya_verma_resume.pdf
[2026-08-19T05:30:47.467Z] [INFO] Starting text extraction for type: pdf
[2026-08-19T05:30:47.467Z] [INFO] Magic-number check passed for aditya_verma_resume.pdf. Detected: pdf
[2026-08-19T05:30:49.558Z] [INFO] Extraction complete: 760 characters, 1 pages
[2026-08-19T05:30:49.574Z] [INFO] Cleaned up temporary file: C:\Users\admin\Downloads\PDF\uploads\documents-1787117444563-602402498.pdf
[2026-08-19T05:30:49.741Z] [INFO] Saved extraction record to Supabase with ID 101 (candidate_id: C1080) for: aditya_verma_resume.pdf
[2026-08-19T05:30:49.772Z] [INFO] Performing magic-number verification for: ananya_kapoor_resume.pdf
[2026-08-19T05:30:49.778Z] [INFO] Magic-number check passed for ananya_kapoor_resume.pdf. Detected: pdf
[2026-08-19T05:30:49.778Z] [INFO] Starting text extraction for type: pdf
[2026-08-19T05:30:49.780Z] [INFO] Cleaned up temporary file: C:\Users\admin\Downloads\PDF\uploads\documents-1787117444564-54060458.pdf
[2026-08-19T05:30:49.784Z] [ERROR] Error processing file ananya_kapoor_resume.pdf: bad XRef entry {"stack":"Error\n    at UnknownErrorExceptionClosure (C:\\Users\\admin\\Downloads\\PDF\\node_modules\\pdf-parse\\lib\\pdf.js\\v1.10.100\\build\\pdf.js:443:37)\n    at Object.<anonymous> (C:\\Users\\admin\\Downloads\\PDF\\node_modules\\pdf-parse\\lib\\pdf.js\\v1.10.100\\build\\pdf.js:446:2)\n    at __w_pdfjs_require__ (C:\\Users\\admin\\Downloads\\PDF\\node_modules\\pdf-parse\\lib\\pdf.js\\v1.10.100\\build\\pdf.js:45:30)\n    at Object.<anonymous> (C:\\Users\\admin\\Downloads\\PDF\\node_modules\\pdf-parse\\lib\\pdf.js\\v1.10.100\\build\\pdf.js:7939:23)\n    at __w_pdfjs_require__ (C:\\Users\\admin\\Downloads\\PDF\\node_modules\\pdf-parse\\lib\\pdf.js\\v1.10.100\\build\\pdf.js:45:30)\n    at C:\\Users\\admin\\Downloads\\PDF\\node_modules\\pdf-parse\\lib\\pdf.js\\v1.10.100\\build\\pdf.js:88:18\n    at C:\\Users\\admin\\Downloads\\PDF\\node_modules\\pdf-parse\\lib\\pdf.js\\v1.10.100\\build\\pdf.js:91:10\n    at webpackUniversalModuleDefinition (C:\\Users\\admin\\Downloads\\PDF\\node_modules\\pdf-parse\\lib\\pdf.js\\v1.10.100\\build\\pdf.js:18:20)\n    at Object.<anonymous> (C:\\Users\\admin\\Downloads\\PDF\\node_modules\\pdf-parse\\lib\\pdf.js\\v1.10.100\\build\\pdf.js:25:3)\n    at Module._compile (node:internal/modules/cjs/loader:1812:14)\n    at Object..js (node:internal/modules/cjs/loader:1943:10)\n    at Module.load (node:internal/modules/cjs/loader:1533:32)\n    at Module._load (node:internal/modules/cjs/loader:1335:12)\n    at wrapModuleLoad (node:internal/modules/cjs/loader:255:19)\n    at Module.require (node:internal/modules/cjs/loader:1556:12)\n    at require (node:internal/modules/helpers:152:16)"}
[2026-08-19T05:30:49.935Z] [INFO] Saved extraction record to Supabase with ID 102 (candidate_id: C1081) for: ananya_kapoor_resume.pdf
[2026-08-19T05:30:49.937Z] [INFO] Performing magic-number verification for: farhan_sheikh_resume.pdf
[2026-08-19T05:30:49.939Z] [INFO] Magic-number check passed for farhan_sheikh_resume.pdf. Detected: pdf
[2026-08-19T05:30:49.940Z] [INFO] Starting text extraction for type: pdf
[2026-08-19T05:30:49.949Z] [INFO] Cleaned up temporary file: C:\Users\admin\Downloads\PDF\uploads\documents-1787117444564-594251998.pdf
[2026-08-19T05:30:49.950Z] [ERROR] Error processing file farhan_sheikh_resume.pdf: bad XRef entry {"stack":"Error\n    at UnknownErrorExceptionClosure (C:\\Users\\admin\\Downloads\\PDF\\node_modules\\pdf-parse\\lib\\pdf.js\\v1.10.100\\build\\pdf.js:443:37)\n    at Object.<anonymous> (C:\\Users\\admin\\Downloads\\PDF\\node_modules\\pdf-parse\\lib\\pdf.js\\v1.10.100\\build\\pdf.js:446:2)\n    at __w_pdfjs_require__ (C:\\Users\\admin\\Downloads\\PDF\\node_modules\\pdf-parse\\lib\\pdf.js\\v1.10.100\\build\\pdf.js:45:30)\n    at Object.<anonymous> (C:\\Users\\admin\\Downloads\\PDF\\node_modules\\pdf-parse\\lib\\pdf.js\\v1.10.100\\build\\pdf.js:7939:23)\n    at __w_pdfjs_require__ (C:\\Users\\admin\\Downloads\\PDF\\node_modules\\pdf-parse\\lib\\pdf.js\\v1.10.100\\build\\pdf.js:45:30)\n    at C:\\Users\\admin\\Downloads\\PDF\\node_modules\\pdf-parse\\lib\\pdf.js\\v1.10.100\\build\\pdf.js:88:18\n    at C:\\Users\\admin\\Downloads\\PDF\\node_modules\\pdf-parse\\lib\\pdf.js\\v1.10.100\\build\\pdf.js:91:10\n    at webpackUniversalModuleDefinition (C:\\Users\\admin\\Downloads\\PDF\\node_modules\\pdf-parse\\lib\\pdf.js\\v1.10.100\\build\\pdf.js:18:20)\n    at Object.<anonymous> (C:\\Users\\admin\\Downloads\\PDF\\node_modules\\pdf-parse\\lib\\pdf.js\\v1.10.100\\build\\pdf.js:25:3)\n    at Module._compile (node:internal/modules/cjs/loader:1812:14)\n    at Object..js (node:internal/modules/cjs/loader:1943:10)\n    at Module.load (node:internal/modules/cjs/loader:1533:32)\n    at Module._load (node:internal/modules/cjs/loader:1335:12)\n    at wrapModuleLoad (node:internal/modules/cjs/loader:255:19)\n    at Module.require (node:internal/modules/cjs/loader:1556:12)\n    at require (node:internal/modules/helpers:152:16)"}
[2026-08-19T05:30:50.105Z] [INFO] Saved extraction record to Supabase with ID 103 (candidate_id: C1082) for: farhan_sheikh_resume.pdf
[2026-08-19T05:30:50.112Z] [INFO] Performing magic-number verification for: ishaan_bhatt_resume.pdf
[2026-08-19T05:30:50.113Z] [INFO] Magic-number check passed for ishaan_bhatt_resume.pdf. Detected: pdf
[2026-08-19T05:30:50.119Z] [INFO] Starting text extraction for type: pdf
[2026-08-19T05:30:50.121Z] [INFO] Cleaned up temporary file: C:\Users\admin\Downloads\PDF\uploads\documents-1787117444564-19761630.pdf
[2026-08-19T05:30:50.121Z] [ERROR] Error processing file ishaan_bhatt_resume.pdf: bad XRef entry {"stack":"Error\n    at UnknownErrorExceptionClosure (C:\\Users\\admin\\Downloads\\PDF\\node_modules\\pdf-parse\\lib\\pdf.js\\v1.10.100\\build\\pdf.js:443:37)\n    at Object.<anonymous> (C:\\Users\\admin\\Downloads\\PDF\\node_modules\\pdf-parse\\lib\\pdf.js\\v1.10.100\\build\\pdf.js:446:2)\n    at __w_pdfjs_require__ (C:\\Users\\admin\\Downloads\\PDF\\node_modules\\pdf-parse\\lib\\pdf.js\\v1.10.100\\build\\pdf.js:45:30)\n    at Object.<anonymous> (C:\\Users\\admin\\Downloads\\PDF\\node_modules\\pdf-parse\\lib\\pdf.js\\v1.10.100\\build\\pdf.js:7939:23)\n    at __w_pdfjs_require__ (C:\\Users\\admin\\Downloads\\PDF\\node_modules\\pdf-parse\\lib\\pdf.js\\v1.10.100\\build\\pdf.js:45:30)\n    at C:\\Users\\admin\\Downloads\\PDF\\node_modules\\pdf-parse\\lib\\pdf.js\\v1.10.100\\build\\pdf.js:88:18\n    at C:\\Users\\admin\\Downloads\\PDF\\node_modules\\pdf-parse\\lib\\pdf.js\\v1.10.100\\build\\pdf.js:91:10\n    at webpackUniversalModuleDefinition (C:\\Users\\admin\\Downloads\\PDF\\node_modules\\pdf-parse\\lib\\pdf.js\\v1.10.100\\build\\pdf.js:18:20)\n    at Object.<anonymous> (C:\\Users\\admin\\Downloads\\PDF\\node_modules\\pdf-parse\\lib\\pdf.js\\v1.10.100\\build\\pdf.js:25:3)\n    at Module._compile (node:internal/modules/cjs/loader:1812:14)\n    at Object..js (node:internal/modules/cjs/loader:1943:10)\n    at Module.load (node:internal/modules/cjs/loader:1533:32)\n    at Module._load (node:internal/modules/cjs/loader:1335:12)\n    at wrapModuleLoad (node:internal/modules/cjs/loader:255:19)\n    at Module.require (node:internal/modules/cjs/loader:1556:12)\n    at require (node:internal/modules/helpers:152:16)"}
[2026-08-19T05:30:50.271Z] [INFO] Saved extraction record to Supabase with ID 104 (candidate_id: C1083) for: ishaan_bhatt_resume.pdf
[2026-08-19T05:30:50.273Z] [INFO] Performing magic-number verification for: karan_desai_resume.pdf
[2026-08-19T05:30:50.274Z] [INFO] Magic-number check passed for karan_desai_resume.pdf. Detected: pdf
[2026-08-19T05:30:50.283Z] [INFO] Starting text extraction for type: pdf
[2026-08-19T05:30:50.285Z] [INFO] Cleaned up temporary file: C:\Users\admin\Downloads\PDF\uploads\documents-1787117444565-661829734.pdf
[2026-08-19T05:30:50.293Z] [ERROR] Error processing file karan_desai_resume.pdf: bad XRef entry {"stack":"Error\n    at UnknownErrorExceptionClosure (C:\\Users\\admin\\Downloads\\PDF\\node_modules\\pdf-parse\\lib\\pdf.js\\v1.10.100\\build\\pdf.js:443:37)\n    at Object.<anonymous> (C:\\Users\\admin\\Downloads\\PDF\\node_modules\\pdf-parse\\lib\\pdf.js\\v1.10.100\\build\\pdf.js:446:2)\n    at __w_pdfjs_require__ (C:\\Users\\admin\\Downloads\\PDF\\node_modules\\pdf-parse\\lib\\pdf.js\\v1.10.100\\build\\pdf.js:45:30)\n    at Object.<anonymous> (C:\\Users\\admin\\Downloads\\PDF\\node_modules\\pdf-parse\\lib\\pdf.js\\v1.10.100\\build\\pdf.js:7939:23)\n    at __w_pdfjs_require__ (C:\\Users\\admin\\Downloads\\PDF\\node_modules\\pdf-parse\\lib\\pdf.js\\v1.10.100\\build\\pdf.js:45:30)\n    at C:\\Users\\admin\\Downloads\\PDF\\node_modules\\pdf-parse\\lib\\pdf.js\\v1.10.100\\build\\pdf.js:88:18\n    at C:\\Users\\admin\\Downloads\\PDF\\node_modules\\pdf-parse\\lib\\pdf.js\\v1.10.100\\build\\pdf.js:91:10\n    at webpackUniversalModuleDefinition (C:\\Users\\admin\\Downloads\\PDF\\node_modules\\pdf-parse\\lib\\pdf.js\\v1.10.100\\build\\pdf.js:18:20)\n    at Object.<anonymous> (C:\\Users\\admin\\Downloads\\PDF\\node_modules\\pdf-parse\\lib\\pdf.js\\v1.10.100\\build\\pdf.js:25:3)\n    at Module._compile (node:internal/modules/cjs/loader:1812:14)\n    at Object..js (node:internal/modules/cjs/loader:1943:10)\n    at Module.load (node:internal/modules/cjs/loader:1533:32)\n    at Module._load (node:internal/modules/cjs/loader:1335:12)\n    at wrapModuleLoad (node:internal/modules/cjs/loader:255:19)\n    at Module.require (node:internal/modules/cjs/loader:1556:12)\n    at require (node:internal/modules/helpers:152:16)"}
[2026-08-19T05:30:50.441Z] [INFO] Saved extraction record to Supabase with ID 105 (candidate_id: C1084) for: karan_desai_resume.pdf
[2026-08-19T05:30:50.442Z] [INFO] Performing magic-number verification for: meera_iyer_resume.pdf
[2026-08-19T05:30:50.442Z] [INFO] Magic-number check passed for meera_iyer_resume.pdf. Detected: pdf
[2026-08-19T05:30:50.444Z] [INFO] Cleaned up temporary file: C:\Users\admin\Downloads\PDF\uploads\documents-1787117444565-390793655.pdf
[2026-08-19T05:30:50.449Z] [ERROR] Error processing file meera_iyer_resume.pdf: bad XRef entry {"stack":"Error\n    at UnknownErrorExceptionClosure (C:\\Users\\admin\\Downloads\\PDF\\node_modules\\pdf-parse\\lib\\pdf.js\\v1.10.100\\build\\pdf.js:443:37)\n    at Object.<anonymous> (C:\\Users\\admin\\Downloads\\PDF\\node_modules\\pdf-parse\\lib\\pdf.js\\v1.10.100\\build\\pdf.js:446:2)\n    at __w_pdfjs_require__ (C:\\Users\\admin\\Downloads\\PDF\\node_modules\\pdf-parse\\lib\\pdf.js\\v1.10.100\\build\\pdf.js:45:30)\n    at Object.<anonymous> (C:\\Users\\admin\\Downloads\\PDF\\node_modules\\pdf-parse\\lib\\pdf.js\\v1.10.100\\build\\pdf.js:7939:23)\n    at __w_pdfjs_require__ (C:\\Users\\admin\\Downloads\\PDF\\node_modules\\pdf-parse\\lib\\pdf.js\\v1.10.100\\build\\pdf.js:45:30)\n    at C:\\Users\\admin\\Downloads\\PDF\\node_modules\\pdf-parse\\lib\\pdf.js\\v1.10.100\\build\\pdf.js:88:18\n    at C:\\Users\\admin\\Downloads\\PDF\\node_modules\\pdf-parse\\lib\\pdf.js\\v1.10.100\\build\\pdf.js:91:10\n    at webpackUniversalModuleDefinition (C:\\Users\\admin\\Downloads\\PDF\\node_modules\\pdf-parse\\lib\\pdf.js\\v1.10.100\\build\\pdf.js:18:20)\n    at Object.<anonymous> (C:\\Users\\admin\\Downloads\\PDF\\node_modules\\pdf-parse\\lib\\pdf.js\\v1.10.100\\build\\pdf.js:25:3)\n    at Module._compile (node:internal/modules/cjs/loader:1812:14)\n    at Object..js (node:internal/modules/cjs/loader:1943:10)\n    at Module.load (node:internal/modules/cjs/loader:1533:32)\n    at Module._load (node:internal/modules/cjs/loader:1335:12)\n    at wrapModuleLoad (node:internal/modules/cjs/loader:255:19)\n    at Module.require (node:internal/modules/cjs/loader:1556:12)\n    at require (node:internal/modules/helpers:152:16)"}
[2026-08-19T05:30:50.443Z] [INFO] Starting text extraction for type: pdf
[2026-08-19T05:30:50.621Z] [INFO] Saved extraction record to Supabase with ID 106 (candidate_id: C1085) for: meera_iyer_resume.pdf
[2026-08-19T05:30:50.622Z] [INFO] Performing magic-number verification for: neha_choudhary_resume.pdf
[2026-08-19T05:30:50.623Z] [INFO] Magic-number check passed for neha_choudhary_resume.pdf. Detected: pdf
[2026-08-19T05:30:50.627Z] [INFO] Starting text extraction for type: pdf
[2026-08-19T05:30:50.628Z] [INFO] Cleaned up temporary file: C:\Users\admin\Downloads\PDF\uploads\documents-1787117444565-479755487.pdf
[2026-08-19T05:30:50.633Z] [ERROR] Error processing file neha_choudhary_resume.pdf: bad XRef entry {"stack":"Error\n    at UnknownErrorExceptionClosure (C:\\Users\\admin\\Downloads\\PDF\\node_modules\\pdf-parse\\lib\\pdf.js\\v1.10.100\\build\\pdf.js:443:37)\n    at Object.<anonymous> (C:\\Users\\admin\\Downloads\\PDF\\node_modules\\pdf-parse\\lib\\pdf.js\\v1.10.100\\build\\pdf.js:446:2)\n    at __w_pdfjs_require__ (C:\\Users\\admin\\Downloads\\PDF\\node_modules\\pdf-parse\\lib\\pdf.js\\v1.10.100\\build\\pdf.js:45:30)\n    at Object.<anonymous> (C:\\Users\\admin\\Downloads\\PDF\\node_modules\\pdf-parse\\lib\\pdf.js\\v1.10.100\\build\\pdf.js:7939:23)\n    at __w_pdfjs_require__ (C:\\Users\\admin\\Downloads\\PDF\\node_modules\\pdf-parse\\lib\\pdf.js\\v1.10.100\\build\\pdf.js:45:30)\n    at C:\\Users\\admin\\Downloads\\PDF\\node_modules\\pdf-parse\\lib\\pdf.js\\v1.10.100\\build\\pdf.js:88:18\n    at C:\\Users\\admin\\Downloads\\PDF\\node_modules\\pdf-parse\\lib\\pdf.js\\v1.10.100\\build\\pdf.js:91:10\n    at webpackUniversalModuleDefinition (C:\\Users\\admin\\Downloads\\PDF\\node_modules\\pdf-parse\\lib\\pdf.js\\v1.10.100\\build\\pdf.js:18:20)\n    at Object.<anonymous> (C:\\Users\\admin\\Downloads\\PDF\\node_modules\\pdf-parse\\lib\\pdf.js\\v1.10.100\\build\\pdf.js:25:3)\n    at Module._compile (node:internal/modules/cjs/loader:1812:14)\n    at Object..js (node:internal/modules/cjs/loader:1943:10)\n    at Module.load (node:internal/modules/cjs/loader:1533:32)\n    at Module._load (node:internal/modules/cjs/loader:1335:12)\n    at wrapModuleLoad (node:internal/modules/cjs/loader:255:19)\n    at Module.require (node:internal/modules/cjs/loader:1556:12)\n    at require (node:internal/modules/helpers:152:16)"}
[2026-08-19T05:30:50.780Z] [INFO] Saved extraction record to Supabase with ID 107 (candidate_id: C1086) for: neha_choudhary_resume.pdf
[2026-08-19T05:30:50.782Z] [INFO] Performing magic-number verification for: priya_nair_resume.pdf
[2026-08-19T05:30:50.789Z] [INFO] Starting text extraction for type: pdf
[2026-08-19T05:30:50.791Z] [INFO] Cleaned up temporary file: C:\Users\admin\Downloads\PDF\uploads\documents-1787117444565-206968327.pdf
[2026-08-19T05:30:50.783Z] [INFO] Magic-number check passed for priya_nair_resume.pdf. Detected: pdf
[2026-08-19T05:30:50.792Z] [ERROR] Error processing file priya_nair_resume.pdf: bad XRef entry {"stack":"Error\n    at UnknownErrorExceptionClosure (C:\\Users\\admin\\Downloads\\PDF\\node_modules\\pdf-parse\\lib\\pdf.js\\v1.10.100\\build\\pdf.js:443:37)\n    at Object.<anonymous> (C:\\Users\\admin\\Downloads\\PDF\\node_modules\\pdf-parse\\lib\\pdf.js\\v1.10.100\\build\\pdf.js:446:2)\n    at __w_pdfjs_require__ (C:\\Users\\admin\\Downloads\\PDF\\node_modules\\pdf-parse\\lib\\pdf.js\\v1.10.100\\build\\pdf.js:45:30)\n    at Object.<anonymous> (C:\\Users\\admin\\Downloads\\PDF\\node_modules\\pdf-parse\\lib\\pdf.js\\v1.10.100\\build\\pdf.js:7939:23)\n    at __w_pdfjs_require__ (C:\\Users\\admin\\Downloads\\PDF\\node_modules\\pdf-parse\\lib\\pdf.js\\v1.10.100\\build\\pdf.js:45:30)\n    at C:\\Users\\admin\\Downloads\\PDF\\node_modules\\pdf-parse\\lib\\pdf.js\\v1.10.100\\build\\pdf.js:88:18\n    at C:\\Users\\admin\\Downloads\\PDF\\node_modules\\pdf-parse\\lib\\pdf.js\\v1.10.100\\build\\pdf.js:91:10\n    at webpackUniversalModuleDefinition (C:\\Users\\admin\\Downloads\\PDF\\node_modules\\pdf-parse\\lib\\pdf.js\\v1.10.100\\build\\pdf.js:18:20)\n    at Object.<anonymous> (C:\\Users\\admin\\Downloads\\PDF\\node_modules\\pdf-parse\\lib\\pdf.js\\v1.10.100\\build\\pdf.js:25:3)\n    at Module._compile (node:internal/modules/cjs/loader:1812:14)\n    at Object..js (node:internal/modules/cjs/loader:1943:10)\n    at Module.load (node:internal/modules/cjs/loader:1533:32)\n    at Module._load (node:internal/modules/cjs/loader:1335:12)\n    at wrapModuleLoad (node:internal/modules/cjs/loader:255:19)\n    at Module.require (node:internal/modules/cjs/loader:1556:12)\n    at require (node:internal/modules/helpers:152:16)"}
[2026-08-19T05:30:50.955Z] [INFO] Saved extraction record to Supabase with ID 108 (candidate_id: C1087) for: priya_nair_resume.pdf
[2026-08-19T05:30:50.956Z] [INFO] Performing magic-number verification for: ritu_sharma_resume.pdf
[2026-08-19T05:30:50.957Z] [INFO] Magic-number check passed for ritu_sharma_resume.pdf. Detected: pdf
[2026-08-19T05:30:50.958Z] [INFO] Starting text extraction for type: pdf
[2026-08-19T05:30:50.960Z] [INFO] Cleaned up temporary file: C:\Users\admin\Downloads\PDF\uploads\documents-1787117444566-759458011.pdf
[2026-08-19T05:30:50.962Z] [ERROR] Error processing file ritu_sharma_resume.pdf: Illegal character: 41 {"stack":"Error\n    at UnknownErrorExceptionClosure (C:\\Users\\admin\\Downloads\\PDF\\node_modules\\pdf-parse\\lib\\pdf.js\\v1.10.100\\build\\pdf.js:443:37)\n    at Object.<anonymous> (C:\\Users\\admin\\Downloads\\PDF\\node_modules\\pdf-parse\\lib\\pdf.js\\v1.10.100\\build\\pdf.js:446:2)\n    at __w_pdfjs_require__ (C:\\Users\\admin\\Downloads\\PDF\\node_modules\\pdf-parse\\lib\\pdf.js\\v1.10.100\\build\\pdf.js:45:30)\n    at Object.<anonymous> (C:\\Users\\admin\\Downloads\\PDF\\node_modules\\pdf-parse\\lib\\pdf.js\\v1.10.100\\build\\pdf.js:7939:23)\n    at __w_pdfjs_require__ (C:\\Users\\admin\\Downloads\\PDF\\node_modules\\pdf-parse\\lib\\pdf.js\\v1.10.100\\build\\pdf.js:45:30)\n    at C:\\Users\\admin\\Downloads\\PDF\\node_modules\\pdf-parse\\lib\\pdf.js\\v1.10.100\\build\\pdf.js:88:18\n    at C:\\Users\\admin\\Downloads\\PDF\\node_modules\\pdf-parse\\lib\\pdf.js\\v1.10.100\\build\\pdf.js:91:10\n    at webpackUniversalModuleDefinition (C:\\Users\\admin\\Downloads\\PDF\\node_modules\\pdf-parse\\lib\\pdf.js\\v1.10.100\\build\\pdf.js:18:20)\n    at Object.<anonymous> (C:\\Users\\admin\\Downloads\\PDF\\node_modules\\pdf-parse\\lib\\pdf.js\\v1.10.100\\build\\pdf.js:25:3)\n    at Module._compile (node:internal/modules/cjs/loader:1812:14)\n    at Object..js (node:internal/modules/cjs/loader:1943:10)\n    at Module.load (node:internal/modules/cjs/loader:1533:32)\n    at Module._load (node:internal/modules/cjs/loader:1335:12)\n    at wrapModuleLoad (node:internal/modules/cjs/loader:255:19)\n    at Module.require (node:internal/modules/cjs/loader:1556:12)\n    at require (node:internal/modules/helpers:152:16)"}
[2026-08-19T05:30:51.111Z] [INFO] Saved extraction record to Supabase with ID 109 (candidate_id: C1088) for: ritu_sharma_resume.pdf
[2026-08-19T05:30:51.111Z] [INFO] Performing magic-number verification for: rohan_mehta_resume.pdf
[2026-08-19T05:30:51.112Z] [INFO] Magic-number check passed for rohan_mehta_resume.pdf. Detected: pdf
[2026-08-19T05:30:51.113Z] [INFO] Starting text extraction for type: pdf
[2026-08-19T05:30:51.114Z] [INFO] Cleaned up temporary file: C:\Users\admin\Downloads\PDF\uploads\documents-1787117444566-388107846.pdf
[2026-08-19T05:30:51.115Z] [ERROR] Error processing file rohan_mehta_resume.pdf: bad XRef entry {"stack":"Error\n    at UnknownErrorExceptionClosure (C:\\Users\\admin\\Downloads\\PDF\\node_modules\\pdf-parse\\lib\\pdf.js\\v1.10.100\\build\\pdf.js:443:37)\n    at Object.<anonymous> (C:\\Users\\admin\\Downloads\\PDF\\node_modules\\pdf-parse\\lib\\pdf.js\\v1.10.100\\build\\pdf.js:446:2)\n    at __w_pdfjs_require__ (C:\\Users\\admin\\Downloads\\PDF\\node_modules\\pdf-parse\\lib\\pdf.js\\v1.10.100\\build\\pdf.js:45:30)\n    at Object.<anonymous> (C:\\Users\\admin\\Downloads\\PDF\\node_modules\\pdf-parse\\lib\\pdf.js\\v1.10.100\\build\\pdf.js:7939:23)\n    at __w_pdfjs_require__ (C:\\Users\\admin\\Downloads\\PDF\\node_modules\\pdf-parse\\lib\\pdf.js\\v1.10.100\\build\\pdf.js:45:30)\n    at C:\\Users\\admin\\Downloads\\PDF\\node_modules\\pdf-parse\\lib\\pdf.js\\v1.10.100\\build\\pdf.js:88:18\n    at C:\\Users\\admin\\Downloads\\PDF\\node_modules\\pdf-parse\\lib\\pdf.js\\v1.10.100\\build\\pdf.js:91:10\n    at webpackUniversalModuleDefinition (C:\\Users\\admin\\Downloads\\PDF\\node_modules\\pdf-parse\\lib\\pdf.js\\v1.10.100\\build\\pdf.js:18:20)\n    at Object.<anonymous> (C:\\Users\\admin\\Downloads\\PDF\\node_modules\\pdf-parse\\lib\\pdf.js\\v1.10.100\\build\\pdf.js:25:3)\n    at Module._compile (node:internal/modules/cjs/loader:1812:14)\n    at Object..js (node:internal/modules/cjs/loader:1943:10)\n    at Module.load (node:internal/modules/cjs/loader:1533:32)\n    at Module._load (node:internal/modules/cjs/loader:1335:12)\n    at wrapModuleLoad (node:internal/modules/cjs/loader:255:19)\n    at Module.require (node:internal/modules/cjs/loader:1556:12)\n    at require (node:internal/modules/helpers:152:16)"}
[2026-08-19T05:30:51.261Z] [INFO] Saved extraction record to Supabase with ID 110 (candidate_id: C1089) for: rohan_mehta_resume.pdf
[2026-08-19T05:30:51.299Z] [INFO] Performing magic-number verification for: sunita_rao_resume.pdf
[2026-08-19T05:30:51.301Z] [INFO] Magic-number check passed for sunita_rao_resume.pdf. Detected: pdf
[2026-08-19T05:30:51.303Z] [INFO] Starting text extraction for type: pdf
[2026-08-19T05:30:51.305Z] [INFO] Cleaned up temporary file: C:\Users\admin\Downloads\PDF\uploads\documents-1787117444566-34684618.pdf
[2026-08-19T05:30:51.306Z] [ERROR] Error processing file sunita_rao_resume.pdf: bad XRef entry {"stack":"Error\n    at UnknownErrorExceptionClosure (C:\\Users\\admin\\Downloads\\PDF\\node_modules\\pdf-parse\\lib\\pdf.js\\v1.10.100\\build\\pdf.js:443:37)\n    at Object.<anonymous> (C:\\Users\\admin\\Downloads\\PDF\\node_modules\\pdf-parse\\lib\\pdf.js\\v1.10.100\\build\\pdf.js:446:2)\n    at __w_pdfjs_require__ (C:\\Users\\admin\\Downloads\\PDF\\node_modules\\pdf-parse\\lib\\pdf.js\\v1.10.100\\build\\pdf.js:45:30)\n    at Object.<anonymous> (C:\\Users\\admin\\Downloads\\PDF\\node_modules\\pdf-parse\\lib\\pdf.js\\v1.10.100\\build\\pdf.js:7939:23)\n    at __w_pdfjs_require__ (C:\\Users\\admin\\Downloads\\PDF\\node_modules\\pdf-parse\\lib\\pdf.js\\v1.10.100\\build\\pdf.js:45:30)\n    at C:\\Users\\admin\\Downloads\\PDF\\node_modules\\pdf-parse\\lib\\pdf.js\\v1.10.100\\build\\pdf.js:88:18\n    at C:\\Users\\admin\\Downloads\\PDF\\node_modules\\pdf-parse\\lib\\pdf.js\\v1.10.100\\build\\pdf.js:91:10\n    at webpackUniversalModuleDefinition (C:\\Users\\admin\\Downloads\\PDF\\node_modules\\pdf-parse\\lib\\pdf.js\\v1.10.100\\build\\pdf.js:18:20)\n    at Object.<anonymous> (C:\\Users\\admin\\Downloads\\PDF\\node_modules\\pdf-parse\\lib\\pdf.js\\v1.10.100\\build\\pdf.js:25:3)\n    at Module._compile (node:internal/modules/cjs/loader:1812:14)\n    at Object..js (node:internal/modules/cjs/loader:1943:10)\n    at Module.load (node:internal/modules/cjs/loader:1533:32)\n    at Module._load (node:internal/modules/cjs/loader:1335:12)\n    at wrapModuleLoad (node:internal/modules/cjs/loader:255:19)\n    at Module.require (node:internal/modules/cjs/loader:1556:12)\n    at require (node:internal/modules/helpers:152:16)"}
[2026-08-19T05:30:51.455Z] [INFO] Saved extraction record to Supabase with ID 111 (candidate_id: C1090) for: sunita_rao_resume.pdf
[2026-08-19T05:30:51.456Z] [INFO] Performing magic-number verification for: vikram_chauhan_resume.pdf
[2026-08-19T05:30:51.457Z] [INFO] Magic-number check passed for vikram_chauhan_resume.pdf. Detected: pdf
[2026-08-19T05:30:51.457Z] [INFO] Starting text extraction for type: pdf
[2026-08-19T05:30:51.460Z] [INFO] Cleaned up temporary file: C:\Users\admin\Downloads\PDF\uploads\documents-1787117444566-320060519.pdf
[2026-08-19T05:30:51.461Z] [ERROR] Error processing file vikram_chauhan_resume.pdf: bad XRef entry {"stack":"Error\n    at UnknownErrorExceptionClosure (C:\\Users\\admin\\Downloads\\PDF\\node_modules\\pdf-parse\\lib\\pdf.js\\v1.10.100\\build\\pdf.js:443:37)\n    at Object.<anonymous> (C:\\Users\\admin\\Downloads\\PDF\\node_modules\\pdf-parse\\lib\\pdf.js\\v1.10.100\\build\\pdf.js:446:2)\n    at __w_pdfjs_require__ (C:\\Users\\admin\\Downloads\\PDF\\node_modules\\pdf-parse\\lib\\pdf.js\\v1.10.100\\build\\pdf.js:45:30)\n    at Object.<anonymous> (C:\\Users\\admin\\Downloads\\PDF\\node_modules\\pdf-parse\\lib\\pdf.js\\v1.10.100\\build\\pdf.js:7939:23)\n    at __w_pdfjs_require__ (C:\\Users\\admin\\Downloads\\PDF\\node_modules\\pdf-parse\\lib\\pdf.js\\v1.10.100\\build\\pdf.js:45:30)\n    at C:\\Users\\admin\\Downloads\\PDF\\node_modules\\pdf-parse\\lib\\pdf.js\\v1.10.100\\build\\pdf.js:88:18\n    at C:\\Users\\admin\\Downloads\\PDF\\node_modules\\pdf-parse\\lib\\pdf.js\\v1.10.100\\build\\pdf.js:91:10\n    at webpackUniversalModuleDefinition (C:\\Users\\admin\\Downloads\\PDF\\node_modules\\pdf-parse\\lib\\pdf.js\\v1.10.100\\build\\pdf.js:18:20)\n    at Object.<anonymous> (C:\\Users\\admin\\Downloads\\PDF\\node_modules\\pdf-parse\\lib\\pdf.js\\v1.10.100\\build\\pdf.js:25:3)\n    at Module._compile (node:internal/modules/cjs/loader:1812:14)\n    at Object..js (node:internal/modules/cjs/loader:1943:10)\n    at Module.load (node:internal/modules/cjs/loader:1533:32)\n    at Module._load (node:internal/modules/cjs/loader:1335:12)\n    at wrapModuleLoad (node:internal/modules/cjs/loader:255:19)\n    at Module.require (node:internal/modules/cjs/loader:1556:12)\n    at require (node:internal/modules/helpers:152:16)"}
[2026-08-19T05:30:51.609Z] [INFO] Saved extraction record to Supabase with ID 112 (candidate_id: C1091) for: vikram_chauhan_resume.pdf
[2026-08-19T05:42:21.985Z] [INFO] Server is running in production mode on http://localhost:3000
[2026-08-19T05:42:22.758Z] [INFO] Successfully connected to Supabase PostgreSQL database.
[2026-08-19T05:42:23.021Z] [INFO] Database extractions table initialized.
[2026-08-19T05:43:31.897Z] [INFO] Server is running in production mode on http://localhost:3000
[2026-08-19T05:43:32.691Z] [INFO] Successfully connected to Supabase PostgreSQL database.
[2026-08-19T05:43:32.950Z] [INFO] Database extractions table initialized.
[2026-08-19T05:43:57.186Z] [INFO] Server is running in production mode on http://localhost:3000
[2026-08-19T05:43:57.978Z] [INFO] Successfully connected to Supabase PostgreSQL database.
[2026-08-19T05:43:58.242Z] [INFO] Database extractions table initialized.
[2026-08-19T05:44:29.637Z] [INFO] Performing magic-number verification for: aditya_verma_resume.pdf
[2026-08-19T05:44:29.638Z] [INFO] Magic-number check passed for aditya_verma_resume.pdf. Detected: pdf
[2026-08-19T05:44:29.638Z] [INFO] Starting text extraction for type: pdf
[2026-08-19T05:44:29.645Z] [WARN] qpdf repair skipped for C:\Users\admin\Downloads\PDF\uploads\documents-1787118268701-244836223.pdf: spawnSync qpdf ENOENT
[2026-08-19T05:44:29.808Z] [INFO] Extraction complete: 760 characters, 1 pages
[2026-08-19T05:44:29.809Z] [INFO] Cleaned up temporary file: C:\Users\admin\Downloads\PDF\uploads\documents-1787118268701-244836223.pdf
[2026-08-19T05:44:29.939Z] [INFO] Saved extraction record to Supabase with ID 113 (candidate_id: C1092) for: aditya_verma_resume.pdf
[2026-08-19T05:44:29.940Z] [INFO] Performing magic-number verification for: ananya_kapoor_resume.pdf
[2026-08-19T05:44:29.940Z] [INFO] Magic-number check passed for ananya_kapoor_resume.pdf. Detected: pdf
[2026-08-19T05:44:29.940Z] [INFO] Starting text extraction for type: pdf
[2026-08-19T05:44:29.944Z] [WARN] qpdf repair skipped for C:\Users\admin\Downloads\PDF\uploads\documents-1787118268704-587565526.pdf: spawnSync qpdf ENOENT
[2026-08-19T05:44:29.946Z] [WARN] pdf-parse failed for C:\Users\admin\Downloads\PDF\uploads\documents-1787118268704-587565526.pdf (bad XRef entry). Falling back to pdfjs-dist...
[2026-08-19T05:44:29.948Z] [INFO] Cleaned up temporary file: C:\Users\admin\Downloads\PDF\uploads\documents-1787118268704-587565526.pdf
[2026-08-19T05:44:29.949Z] [ERROR] Error processing file ananya_kapoor_resume.pdf: Cannot find module 'pdfjs-dist/legacy/build/pdf.js'
Require stack:
- C:\Users\admin\Downloads\PDF\services\extractionService.js
- C:\Users\admin\Downloads\PDF\controllers\uploadController.js
- C:\Users\admin\Downloads\PDF\routes\api.js
- C:\Users\admin\Downloads\PDF\server.js {"stack":"Error: Cannot find module 'pdfjs-dist/legacy/build/pdf.js'\nRequire stack:\n- C:\\Users\\admin\\Downloads\\PDF\\services\\extractionService.js\n- C:\\Users\\admin\\Downloads\\PDF\\controllers\\uploadController.js\n- C:\\Users\\admin\\Downloads\\PDF\\routes\\api.js\n- C:\\Users\\admin\\Downloads\\PDF\\server.js\n    at Module._resolveFilename (node:internal/modules/cjs/loader:1456:15)\n    at defaultResolveImpl (node:internal/modules/cjs/loader:1066:19)\n    at resolveForCJSWithHooks (node:internal/modules/cjs/loader:1071:22)\n    at Module._load (node:internal/modules/cjs/loader:1242:25)\n    at wrapModuleLoad (node:internal/modules/cjs/loader:255:19)\n    at Module.require (node:internal/modules/cjs/loader:1556:12)\n    at require (node:internal/modules/helpers:152:16)\n    at extractWithPdfjsDist (C:\\Users\\admin\\Downloads\\PDF\\services\\extractionService.js:40:20)\n    at extractTextFromPdf (C:\\Users\\admin\\Downloads\\PDF\\services\\extractionService.js:171:18)\n    at async extractText (C:\\Users\\admin\\Downloads\\PDF\\services\\extractionService.js:282:14)\n    at async uploadDocument (C:\\Users\\admin\\Downloads\\PDF\\controllers\\uploadController.js:117:26)"}
[2026-08-19T05:44:30.084Z] [INFO] Saved extraction record to Supabase with ID 114 (candidate_id: C1093) for: ananya_kapoor_resume.pdf
[2026-08-19T05:44:30.084Z] [INFO] Performing magic-number verification for: farhan_sheikh_resume.pdf
[2026-08-19T05:44:30.087Z] [INFO] Magic-number check passed for farhan_sheikh_resume.pdf. Detected: pdf
[2026-08-19T05:44:30.091Z] [WARN] qpdf repair skipped for C:\Users\admin\Downloads\PDF\uploads\documents-1787118268704-479832866.pdf: spawnSync qpdf ENOENT
[2026-08-19T05:44:30.124Z] [INFO] Cleaned up temporary file: C:\Users\admin\Downloads\PDF\uploads\documents-1787118268704-479832866.pdf
[2026-08-19T05:44:30.098Z] [INFO] Extraction complete: 741 characters, 1 pages
[2026-08-19T05:44:30.087Z] [INFO] Starting text extraction for type: pdf
[2026-08-19T05:44:30.256Z] [INFO] Saved extraction record to Supabase with ID 115 (candidate_id: C1094) for: farhan_sheikh_resume.pdf
[2026-08-19T05:44:30.256Z] [INFO] Performing magic-number verification for: ishaan_bhatt_resume.pdf
[2026-08-19T05:44:30.256Z] [INFO] Magic-number check passed for ishaan_bhatt_resume.pdf. Detected: pdf
[2026-08-19T05:44:30.256Z] [INFO] Starting text extraction for type: pdf
[2026-08-19T05:44:30.261Z] [WARN] qpdf repair skipped for C:\Users\admin\Downloads\PDF\uploads\documents-1787118268704-297084526.pdf: spawnSync qpdf ENOENT
[2026-08-19T05:44:30.262Z] [WARN] pdf-parse failed for C:\Users\admin\Downloads\PDF\uploads\documents-1787118268704-297084526.pdf (bad XRef entry). Falling back to pdfjs-dist...
[2026-08-19T05:44:30.263Z] [INFO] Cleaned up temporary file: C:\Users\admin\Downloads\PDF\uploads\documents-1787118268704-297084526.pdf
[2026-08-19T05:44:30.263Z] [ERROR] Error processing file ishaan_bhatt_resume.pdf: Cannot find module 'pdfjs-dist/legacy/build/pdf.js'
Require stack:
- C:\Users\admin\Downloads\PDF\services\extractionService.js
- C:\Users\admin\Downloads\PDF\controllers\uploadController.js
- C:\Users\admin\Downloads\PDF\routes\api.js
- C:\Users\admin\Downloads\PDF\server.js {"stack":"Error: Cannot find module 'pdfjs-dist/legacy/build/pdf.js'\nRequire stack:\n- C:\\Users\\admin\\Downloads\\PDF\\services\\extractionService.js\n- C:\\Users\\admin\\Downloads\\PDF\\controllers\\uploadController.js\n- C:\\Users\\admin\\Downloads\\PDF\\routes\\api.js\n- C:\\Users\\admin\\Downloads\\PDF\\server.js\n    at Module._resolveFilename (node:internal/modules/cjs/loader:1456:15)\n    at defaultResolveImpl (node:internal/modules/cjs/loader:1066:19)\n    at resolveForCJSWithHooks (node:internal/modules/cjs/loader:1071:22)\n    at Module._load (node:internal/modules/cjs/loader:1242:25)\n    at wrapModuleLoad (node:internal/modules/cjs/loader:255:19)\n    at Module.require (node:internal/modules/cjs/loader:1556:12)\n    at require (node:internal/modules/helpers:152:16)\n    at extractWithPdfjsDist (C:\\Users\\admin\\Downloads\\PDF\\services\\extractionService.js:40:20)\n    at extractTextFromPdf (C:\\Users\\admin\\Downloads\\PDF\\services\\extractionService.js:171:18)\n    at async extractText (C:\\Users\\admin\\Downloads\\PDF\\services\\extractionService.js:282:14)\n    at async uploadDocument (C:\\Users\\admin\\Downloads\\PDF\\controllers\\uploadController.js:117:26)"}
[2026-08-19T05:44:30.391Z] [INFO] Saved extraction record to Supabase with ID 116 (candidate_id: C1095) for: ishaan_bhatt_resume.pdf
[2026-08-19T05:44:30.391Z] [INFO] Performing magic-number verification for: karan_desai_resume.pdf
[2026-08-19T05:44:30.391Z] [INFO] Magic-number check passed for karan_desai_resume.pdf. Detected: pdf
[2026-08-19T05:44:30.392Z] [INFO] Starting text extraction for type: pdf
[2026-08-19T05:44:30.396Z] [WARN] qpdf repair skipped for C:\Users\admin\Downloads\PDF\uploads\documents-1787118268704-512171592.pdf: spawnSync qpdf ENOENT
[2026-08-19T05:44:30.404Z] [INFO] Extraction complete: 690 characters, 1 pages
[2026-08-19T05:44:30.405Z] [INFO] Cleaned up temporary file: C:\Users\admin\Downloads\PDF\uploads\documents-1787118268704-512171592.pdf
[2026-08-19T05:44:30.532Z] [INFO] Saved extraction record to Supabase with ID 117 (candidate_id: C1096) for: karan_desai_resume.pdf
[2026-08-19T05:44:30.533Z] [INFO] Magic-number check passed for meera_iyer_resume.pdf. Detected: pdf
[2026-08-19T05:44:30.533Z] [INFO] Starting text extraction for type: pdf
[2026-08-19T05:44:30.537Z] [WARN] qpdf repair skipped for C:\Users\admin\Downloads\PDF\uploads\documents-1787118268705-430402116.pdf: spawnSync qpdf ENOENT
[2026-08-19T05:44:30.538Z] [WARN] pdf-parse failed for C:\Users\admin\Downloads\PDF\uploads\documents-1787118268705-430402116.pdf (bad XRef entry). Falling back to pdfjs-dist...
[2026-08-19T05:44:30.540Z] [INFO] Cleaned up temporary file: C:\Users\admin\Downloads\PDF\uploads\documents-1787118268705-430402116.pdf
[2026-08-19T05:44:30.540Z] [ERROR] Error processing file meera_iyer_resume.pdf: Cannot find module 'pdfjs-dist/legacy/build/pdf.js'
Require stack:
- C:\Users\admin\Downloads\PDF\services\extractionService.js
- C:\Users\admin\Downloads\PDF\controllers\uploadController.js
- C:\Users\admin\Downloads\PDF\routes\api.js
- C:\Users\admin\Downloads\PDF\server.js {"stack":"Error: Cannot find module 'pdfjs-dist/legacy/build/pdf.js'\nRequire stack:\n- C:\\Users\\admin\\Downloads\\PDF\\services\\extractionService.js\n- C:\\Users\\admin\\Downloads\\PDF\\controllers\\uploadController.js\n- C:\\Users\\admin\\Downloads\\PDF\\routes\\api.js\n- C:\\Users\\admin\\Downloads\\PDF\\server.js\n    at Module._resolveFilename (node:internal/modules/cjs/loader:1456:15)\n    at defaultResolveImpl (node:internal/modules/cjs/loader:1066:19)\n    at resolveForCJSWithHooks (node:internal/modules/cjs/loader:1071:22)\n    at Module._load (node:internal/modules/cjs/loader:1242:25)\n    at wrapModuleLoad (node:internal/modules/cjs/loader:255:19)\n    at Module.require (node:internal/modules/cjs/loader:1556:12)\n    at require (node:internal/modules/helpers:152:16)\n    at extractWithPdfjsDist (C:\\Users\\admin\\Downloads\\PDF\\services\\extractionService.js:40:20)\n    at extractTextFromPdf (C:\\Users\\admin\\Downloads\\PDF\\services\\extractionService.js:171:18)\n    at async extractText (C:\\Users\\admin\\Downloads\\PDF\\services\\extractionService.js:282:14)\n    at async uploadDocument (C:\\Users\\admin\\Downloads\\PDF\\controllers\\uploadController.js:117:26)"}
[2026-08-19T05:44:30.533Z] [INFO] Performing magic-number verification for: meera_iyer_resume.pdf
[2026-08-19T05:44:30.675Z] [INFO] Saved extraction record to Supabase with ID 118 (candidate_id: C1097) for: meera_iyer_resume.pdf
[2026-08-19T05:44:30.675Z] [INFO] Performing magic-number verification for: neha_choudhary_resume.pdf
[2026-08-19T05:44:30.675Z] [INFO] Magic-number check passed for neha_choudhary_resume.pdf. Detected: pdf
[2026-08-19T05:44:30.676Z] [INFO] Starting text extraction for type: pdf
[2026-08-19T05:44:30.679Z] [WARN] qpdf repair skipped for C:\Users\admin\Downloads\PDF\uploads\documents-1787118268705-544521618.pdf: spawnSync qpdf ENOENT
[2026-08-19T05:44:30.688Z] [INFO] Extraction complete: 828 characters, 1 pages
[2026-08-19T05:44:30.688Z] [INFO] Cleaned up temporary file: C:\Users\admin\Downloads\PDF\uploads\documents-1787118268705-544521618.pdf
[2026-08-19T05:44:30.831Z] [INFO] Saved extraction record to Supabase with ID 119 (candidate_id: C1098) for: neha_choudhary_resume.pdf
[2026-08-19T05:44:30.831Z] [INFO] Performing magic-number verification for: priya_nair_resume.pdf
[2026-08-19T05:44:30.831Z] [INFO] Magic-number check passed for priya_nair_resume.pdf. Detected: pdf
[2026-08-19T05:44:30.831Z] [INFO] Starting text extraction for type: pdf
[2026-08-19T05:44:30.836Z] [WARN] qpdf repair skipped for C:\Users\admin\Downloads\PDF\uploads\documents-1787118268705-288192233.pdf: spawnSync qpdf ENOENT
[2026-08-19T05:44:30.843Z] [INFO] Cleaned up temporary file: C:\Users\admin\Downloads\PDF\uploads\documents-1787118268705-288192233.pdf
[2026-08-19T05:44:30.843Z] [INFO] Extraction complete: 980 characters, 1 pages
[2026-08-19T05:44:30.985Z] [INFO] Saved extraction record to Supabase with ID 120 (candidate_id: C1099) for: priya_nair_resume.pdf
[2026-08-19T05:44:30.985Z] [INFO] Performing magic-number verification for: ritu_sharma_resume.pdf
[2026-08-19T05:44:30.986Z] [INFO] Magic-number check passed for ritu_sharma_resume.pdf. Detected: pdf
[2026-08-19T05:44:30.986Z] [INFO] Starting text extraction for type: pdf
[2026-08-19T05:44:30.990Z] [WARN] pdf-parse failed for C:\Users\admin\Downloads\PDF\uploads\documents-1787118268705-39816354.pdf (bad XRef entry). Falling back to pdfjs-dist...
[2026-08-19T05:44:30.991Z] [INFO] Cleaned up temporary file: C:\Users\admin\Downloads\PDF\uploads\documents-1787118268705-39816354.pdf
[2026-08-19T05:44:30.989Z] [WARN] qpdf repair skipped for C:\Users\admin\Downloads\PDF\uploads\documents-1787118268705-39816354.pdf: spawnSync qpdf ENOENT
[2026-08-19T05:44:30.992Z] [ERROR] Error processing file ritu_sharma_resume.pdf: Cannot find module 'pdfjs-dist/legacy/build/pdf.js'
Require stack:
- C:\Users\admin\Downloads\PDF\services\extractionService.js
- C:\Users\admin\Downloads\PDF\controllers\uploadController.js
- C:\Users\admin\Downloads\PDF\routes\api.js
- C:\Users\admin\Downloads\PDF\server.js {"stack":"Error: Cannot find module 'pdfjs-dist/legacy/build/pdf.js'\nRequire stack:\n- C:\\Users\\admin\\Downloads\\PDF\\services\\extractionService.js\n- C:\\Users\\admin\\Downloads\\PDF\\controllers\\uploadController.js\n- C:\\Users\\admin\\Downloads\\PDF\\routes\\api.js\n- C:\\Users\\admin\\Downloads\\PDF\\server.js\n    at Module._resolveFilename (node:internal/modules/cjs/loader:1456:15)\n    at defaultResolveImpl (node:internal/modules/cjs/loader:1066:19)\n    at resolveForCJSWithHooks (node:internal/modules/cjs/loader:1071:22)\n    at Module._load (node:internal/modules/cjs/loader:1242:25)\n    at wrapModuleLoad (node:internal/modules/cjs/loader:255:19)\n    at Module.require (node:internal/modules/cjs/loader:1556:12)\n    at require (node:internal/modules/helpers:152:16)\n    at extractWithPdfjsDist (C:\\Users\\admin\\Downloads\\PDF\\services\\extractionService.js:40:20)\n    at extractTextFromPdf (C:\\Users\\admin\\Downloads\\PDF\\services\\extractionService.js:171:18)\n    at async extractText (C:\\Users\\admin\\Downloads\\PDF\\services\\extractionService.js:282:14)\n    at async uploadDocument (C:\\Users\\admin\\Downloads\\PDF\\controllers\\uploadController.js:117:26)"}
[2026-08-19T05:44:31.125Z] [INFO] Saved extraction record to Supabase with ID 121 (candidate_id: C1100) for: ritu_sharma_resume.pdf
[2026-08-19T05:44:31.125Z] [INFO] Performing magic-number verification for: rohan_mehta_resume.pdf
[2026-08-19T05:44:31.125Z] [INFO] Magic-number check passed for rohan_mehta_resume.pdf. Detected: pdf
[2026-08-19T05:44:31.125Z] [INFO] Starting text extraction for type: pdf
[2026-08-19T05:44:31.129Z] [WARN] qpdf repair skipped for C:\Users\admin\Downloads\PDF\uploads\documents-1787118268705-18874202.pdf: spawnSync qpdf ENOENT
[2026-08-19T05:44:31.135Z] [INFO] Extraction complete: 865 characters, 1 pages
[2026-08-19T05:44:31.135Z] [INFO] Cleaned up temporary file: C:\Users\admin\Downloads\PDF\uploads\documents-1787118268705-18874202.pdf
[2026-08-19T05:44:31.264Z] [INFO] Performing magic-number verification for: sunita_rao_resume.pdf
[2026-08-19T05:44:31.264Z] [INFO] Saved extraction record to Supabase with ID 122 (candidate_id: C1101) for: rohan_mehta_resume.pdf
[2026-08-19T05:44:31.264Z] [INFO] Magic-number check passed for sunita_rao_resume.pdf. Detected: pdf
[2026-08-19T05:44:31.264Z] [INFO] Starting text extraction for type: pdf
[2026-08-19T05:44:31.268Z] [WARN] qpdf repair skipped for C:\Users\admin\Downloads\PDF\uploads\documents-1787118268706-873075583.pdf: spawnSync qpdf ENOENT
[2026-08-19T05:44:31.273Z] [INFO] Extraction complete: 947 characters, 1 pages
[2026-08-19T05:44:31.274Z] [INFO] Cleaned up temporary file: C:\Users\admin\Downloads\PDF\uploads\documents-1787118268706-873075583.pdf
[2026-08-19T05:44:31.747Z] [INFO] Performing magic-number verification for: vikram_chauhan_resume.pdf
[2026-08-19T05:44:31.747Z] [INFO] Magic-number check passed for vikram_chauhan_resume.pdf. Detected: pdf
[2026-08-19T05:44:31.751Z] [WARN] qpdf repair skipped for C:\Users\admin\Downloads\PDF\uploads\documents-1787118268706-606031209.pdf: spawnSync qpdf ENOENT
[2026-08-19T05:44:31.752Z] [WARN] pdf-parse failed for C:\Users\admin\Downloads\PDF\uploads\documents-1787118268706-606031209.pdf (bad XRef entry). Falling back to pdfjs-dist...
[2026-08-19T05:44:31.753Z] [INFO] Cleaned up temporary file: C:\Users\admin\Downloads\PDF\uploads\documents-1787118268706-606031209.pdf
[2026-08-19T05:44:31.753Z] [ERROR] Error processing file vikram_chauhan_resume.pdf: Cannot find module 'pdfjs-dist/legacy/build/pdf.js'
Require stack:
- C:\Users\admin\Downloads\PDF\services\extractionService.js
- C:\Users\admin\Downloads\PDF\controllers\uploadController.js
- C:\Users\admin\Downloads\PDF\routes\api.js
- C:\Users\admin\Downloads\PDF\server.js {"stack":"Error: Cannot find module 'pdfjs-dist/legacy/build/pdf.js'\nRequire stack:\n- C:\\Users\\admin\\Downloads\\PDF\\services\\extractionService.js\n- C:\\Users\\admin\\Downloads\\PDF\\controllers\\uploadController.js\n- C:\\Users\\admin\\Downloads\\PDF\\routes\\api.js\n- C:\\Users\\admin\\Downloads\\PDF\\server.js\n    at Module._resolveFilename (node:internal/modules/cjs/loader:1456:15)\n    at defaultResolveImpl (node:internal/modules/cjs/loader:1066:19)\n    at resolveForCJSWithHooks (node:internal/modules/cjs/loader:1071:22)\n    at Module._load (node:internal/modules/cjs/loader:1242:25)\n    at wrapModuleLoad (node:internal/modules/cjs/loader:255:19)\n    at Module.require (node:internal/modules/cjs/loader:1556:12)\n    at require (node:internal/modules/helpers:152:16)\n    at extractWithPdfjsDist (C:\\Users\\admin\\Downloads\\PDF\\services\\extractionService.js:40:20)\n    at extractTextFromPdf (C:\\Users\\admin\\Downloads\\PDF\\services\\extractionService.js:171:18)\n    at async extractText (C:\\Users\\admin\\Downloads\\PDF\\services\\extractionService.js:282:14)\n    at async uploadDocument (C:\\Users\\admin\\Downloads\\PDF\\controllers\\uploadController.js:117:26)"}
[2026-08-19T05:44:31.747Z] [INFO] Saved extraction record to Supabase with ID 123 (candidate_id: C1102) for: sunita_rao_resume.pdf
[2026-08-19T05:44:31.747Z] [INFO] Starting text extraction for type: pdf
[2026-08-19T05:44:31.882Z] [INFO] Saved extraction record to Supabase with ID 124 (candidate_id: C1103) for: vikram_chauhan_resume.pdf
[2026-08-19T05:50:33.415Z] [INFO] Server is running in production mode on http://localhost:3000
[2026-08-19T05:50:34.243Z] [INFO] Successfully connected to Supabase PostgreSQL database.
[2026-08-19T05:50:34.514Z] [INFO] Database extractions table initialized.
[2026-08-19T05:52:27.751Z] [INFO] Performing magic-number verification for: aditya_verma_resume.pdf
[2026-08-19T05:52:27.751Z] [INFO] Performing magic-number verification for: ananya_kapoor_resume.pdf
[2026-08-19T05:52:27.752Z] [INFO] Performing magic-number verification for: farhan_sheikh_resume.pdf
[2026-08-19T05:52:27.752Z] [INFO] Performing magic-number verification for: ishaan_bhatt_resume.pdf
[2026-08-19T05:52:27.752Z] [INFO] Performing magic-number verification for: karan_desai_resume.pdf
[2026-08-19T05:52:27.752Z] [INFO] Performing magic-number verification for: meera_iyer_resume.pdf
[2026-08-19T05:52:27.752Z] [INFO] Performing magic-number verification for: neha_choudhary_resume.pdf
[2026-08-19T05:52:27.752Z] [INFO] Performing magic-number verification for: priya_nair_resume.pdf
[2026-08-19T05:52:27.752Z] [INFO] Performing magic-number verification for: ritu_sharma_resume.pdf
[2026-08-19T05:52:27.752Z] [INFO] Performing magic-number verification for: rohan_mehta_resume.pdf
[2026-08-19T05:52:27.752Z] [INFO] Performing magic-number verification for: sunita_rao_resume.pdf
[2026-08-19T05:52:27.752Z] [INFO] Performing magic-number verification for: vikram_chauhan_resume.pdf
[2026-08-19T05:52:27.754Z] [INFO] Magic-number check passed for aditya_verma_resume.pdf. Detected: pdf
[2026-08-19T05:52:27.754Z] [INFO] Starting text extraction for type: pdf
[2026-08-19T05:52:27.760Z] [WARN] qpdf repair skipped for C:\Users\admin\Downloads\PDF\uploads\documents-1787118746795-690190212.pdf: spawnSync qpdf ENOENT
[2026-08-19T05:52:27.799Z] [INFO] Magic-number check passed for ananya_kapoor_resume.pdf. Detected: pdf
[2026-08-19T05:52:27.799Z] [INFO] Starting text extraction for type: pdf
[2026-08-19T05:52:27.803Z] [WARN] qpdf repair skipped for C:\Users\admin\Downloads\PDF\uploads\documents-1787118746796-915208163.pdf: spawnSync qpdf ENOENT
[2026-08-19T05:52:27.804Z] [INFO] Magic-number check passed for farhan_sheikh_resume.pdf. Detected: pdf
[2026-08-19T05:52:27.804Z] [INFO] Starting text extraction for type: pdf
[2026-08-19T05:52:27.808Z] [WARN] qpdf repair skipped for C:\Users\admin\Downloads\PDF\uploads\documents-1787118746796-739832271.pdf: spawnSync qpdf ENOENT
[2026-08-19T05:52:27.808Z] [INFO] Magic-number check passed for karan_desai_resume.pdf. Detected: pdf
[2026-08-19T05:52:27.809Z] [INFO] Starting text extraction for type: pdf
[2026-08-19T05:52:27.813Z] [WARN] qpdf repair skipped for C:\Users\admin\Downloads\PDF\uploads\documents-1787118746797-984826618.pdf: spawnSync qpdf ENOENT
[2026-08-19T05:52:27.813Z] [INFO] Magic-number check passed for ishaan_bhatt_resume.pdf. Detected: pdf
[2026-08-19T05:52:27.827Z] [INFO] Starting text extraction for type: pdf
[2026-08-19T05:52:27.831Z] [WARN] qpdf repair skipped for C:\Users\admin\Downloads\PDF\uploads\documents-1787118746797-645345380.pdf: spawnSync qpdf ENOENT
[2026-08-19T05:52:27.831Z] [INFO] Magic-number check passed for neha_choudhary_resume.pdf. Detected: pdf
[2026-08-19T05:52:27.826Z] [WARN] qpdf repair skipped for C:\Users\admin\Downloads\PDF\uploads\documents-1787118746796-201710033.pdf: spawnSync qpdf ENOENT
[2026-08-19T05:52:27.836Z] [INFO] Magic-number check passed for priya_nair_resume.pdf. Detected: pdf
[2026-08-19T05:52:27.836Z] [INFO] Starting text extraction for type: pdf
[2026-08-19T05:52:27.835Z] [WARN] qpdf repair skipped for C:\Users\admin\Downloads\PDF\uploads\documents-1787118746797-793521472.pdf: spawnSync qpdf ENOENT
[2026-08-19T05:52:27.840Z] [WARN] qpdf repair skipped for C:\Users\admin\Downloads\PDF\uploads\documents-1787118746797-673703642.pdf: spawnSync qpdf ENOENT
[2026-08-19T05:52:27.840Z] [INFO] Magic-number check passed for ritu_sharma_resume.pdf. Detected: pdf
[2026-08-19T05:52:27.840Z] [INFO] Starting text extraction for type: pdf
[2026-08-19T05:52:27.831Z] [INFO] Starting text extraction for type: pdf
[2026-08-19T05:52:27.826Z] [INFO] Magic-number check passed for meera_iyer_resume.pdf. Detected: pdf
[2026-08-19T05:52:27.813Z] [INFO] Starting text extraction for type: pdf
[2026-08-19T05:52:27.849Z] [WARN] qpdf repair skipped for C:\Users\admin\Downloads\PDF\uploads\documents-1787118746797-726142629.pdf: spawnSync qpdf ENOENT
[2026-08-19T05:52:27.922Z] [INFO] Magic-number check passed for rohan_mehta_resume.pdf. Detected: pdf
[2026-08-19T05:52:27.922Z] [INFO] Starting text extraction for type: pdf
[2026-08-19T05:52:27.926Z] [WARN] qpdf repair skipped for C:\Users\admin\Downloads\PDF\uploads\documents-1787118746798-907020329.pdf: spawnSync qpdf ENOENT
[2026-08-19T05:52:27.927Z] [INFO] Magic-number check passed for sunita_rao_resume.pdf. Detected: pdf
[2026-08-19T05:52:27.927Z] [INFO] Starting text extraction for type: pdf
[2026-08-19T05:52:27.931Z] [WARN] qpdf repair skipped for C:\Users\admin\Downloads\PDF\uploads\documents-1787118746798-619109727.pdf: spawnSync qpdf ENOENT
[2026-08-19T05:52:28.134Z] [WARN] pdf-parse failed for C:\Users\admin\Downloads\PDF\uploads\documents-1787118746797-984826618.pdf (Illegal character: 41). Falling back to pdfjs-dist...
[2026-08-19T05:52:28.136Z] [WARN] pdf-parse failed for C:\Users\admin\Downloads\PDF\uploads\documents-1787118746796-201710033.pdf (Illegal character: 41). Falling back to pdfjs-dist...
[2026-08-19T05:52:28.137Z] [WARN] pdf-parse failed for C:\Users\admin\Downloads\PDF\uploads\documents-1787118746797-793521472.pdf (Illegal character: 41). Falling back to pdfjs-dist...
[2026-08-19T05:52:28.137Z] [WARN] pdf-parse failed for C:\Users\admin\Downloads\PDF\uploads\documents-1787118746797-673703642.pdf (Illegal character: 41). Falling back to pdfjs-dist...
[2026-08-19T05:52:28.138Z] [WARN] pdf-parse failed for C:\Users\admin\Downloads\PDF\uploads\documents-1787118746798-907020329.pdf (bad XRef entry). Falling back to pdfjs-dist...
[2026-08-19T05:52:28.168Z] [WARN] pdf-parse failed for C:\Users\admin\Downloads\PDF\uploads\documents-1787118746798-619109727.pdf (bad XRef entry). Falling back to pdfjs-dist...
[2026-08-19T05:52:28.171Z] [ERROR] Extraction failed for karan_desai_resume.pdf [candidateId=C1108, path=C:\Users\admin\Downloads\PDF\uploads\documents-1787118746797-984826618.pdf, sizeAtFailure=2483 bytes]: Cannot find module 'pdfjs-dist/legacy/build/pdf.js'
Require stack:
- C:\Users\admin\Downloads\PDF\services\extractionService.js
- C:\Users\admin\Downloads\PDF\controllers\uploadController.js
- C:\Users\admin\Downloads\PDF\routes\api.js
- C:\Users\admin\Downloads\PDF\server.js {"stack":"Error: Cannot find module 'pdfjs-dist/legacy/build/pdf.js'\nRequire stack:\n- C:\\Users\\admin\\Downloads\\PDF\\services\\extractionService.js\n- C:\\Users\\admin\\Downloads\\PDF\\controllers\\uploadController.js\n- C:\\Users\\admin\\Downloads\\PDF\\routes\\api.js\n- C:\\Users\\admin\\Downloads\\PDF\\server.js\n    at Module._resolveFilename (node:internal/modules/cjs/loader:1456:15)\n    at defaultResolveImpl (node:internal/modules/cjs/loader:1066:19)\n    at resolveForCJSWithHooks (node:internal/modules/cjs/loader:1071:22)\n    at Module._load (node:internal/modules/cjs/loader:1242:25)\n    at wrapModuleLoad (node:internal/modules/cjs/loader:255:19)\n    at Module.require (node:internal/modules/cjs/loader:1556:12)\n    at require (node:internal/modules/helpers:152:16)\n    at extractWithPdfjsDist (C:\\Users\\admin\\Downloads\\PDF\\services\\extractionService.js:40:20)\n    at extractTextFromPdf (C:\\Users\\admin\\Downloads\\PDF\\services\\extractionService.js:171:18)\n    at async extractText (C:\\Users\\admin\\Downloads\\PDF\\services\\extractionService.js:282:14)\n    at async processOneFile (C:\\Users\\admin\\Downloads\\PDF\\controllers\\uploadController.js:177:20)\n    at async Promise.allSettled (index 4)\n    at async uploadDocument (C:\\Users\\admin\\Downloads\\PDF\\controllers\\uploadController.js:75:19)"}
[2026-08-19T05:52:28.171Z] [ERROR] Extraction failed for ishaan_bhatt_resume.pdf [candidateId=C1107, path=C:\Users\admin\Downloads\PDF\uploads\documents-1787118746796-201710033.pdf, sizeAtFailure=2436 bytes]: Cannot find module 'pdfjs-dist/legacy/build/pdf.js'
Require stack:
- C:\Users\admin\Downloads\PDF\services\extractionService.js
- C:\Users\admin\Downloads\PDF\controllers\uploadController.js
- C:\Users\admin\Downloads\PDF\routes\api.js
- C:\Users\admin\Downloads\PDF\server.js {"stack":"Error: Cannot find module 'pdfjs-dist/legacy/build/pdf.js'\nRequire stack:\n- C:\\Users\\admin\\Downloads\\PDF\\services\\extractionService.js\n- C:\\Users\\admin\\Downloads\\PDF\\controllers\\uploadController.js\n- C:\\Users\\admin\\Downloads\\PDF\\routes\\api.js\n- C:\\Users\\admin\\Downloads\\PDF\\server.js\n    at Module._resolveFilename (node:internal/modules/cjs/loader:1456:15)\n    at defaultResolveImpl (node:internal/modules/cjs/loader:1066:19)\n    at resolveForCJSWithHooks (node:internal/modules/cjs/loader:1071:22)\n    at Module._load (node:internal/modules/cjs/loader:1242:25)\n    at wrapModuleLoad (node:internal/modules/cjs/loader:255:19)\n    at Module.require (node:internal/modules/cjs/loader:1556:12)\n    at require (node:internal/modules/helpers:152:16)\n    at extractWithPdfjsDist (C:\\Users\\admin\\Downloads\\PDF\\services\\extractionService.js:40:20)\n    at extractTextFromPdf (C:\\Users\\admin\\Downloads\\PDF\\services\\extractionService.js:171:18)\n    at async extractText (C:\\Users\\admin\\Downloads\\PDF\\services\\extractionService.js:282:14)\n    at async processOneFile (C:\\Users\\admin\\Downloads\\PDF\\controllers\\uploadController.js:177:20)\n    at async Promise.allSettled (index 3)\n    at async uploadDocument (C:\\Users\\admin\\Downloads\\PDF\\controllers\\uploadController.js:75:19)"}
[2026-08-19T05:52:28.173Z] [ERROR] Extraction failed for neha_choudhary_resume.pdf [candidateId=C1110, path=C:\Users\admin\Downloads\PDF\uploads\documents-1787118746797-793521472.pdf, sizeAtFailure=2594 bytes]: Cannot find module 'pdfjs-dist/legacy/build/pdf.js'
Require stack:
- C:\Users\admin\Downloads\PDF\services\extractionService.js
- C:\Users\admin\Downloads\PDF\controllers\uploadController.js
- C:\Users\admin\Downloads\PDF\routes\api.js
- C:\Users\admin\Downloads\PDF\server.js {"stack":"Error: Cannot find module 'pdfjs-dist/legacy/build/pdf.js'\nRequire stack:\n- C:\\Users\\admin\\Downloads\\PDF\\services\\extractionService.js\n- C:\\Users\\admin\\Downloads\\PDF\\controllers\\uploadController.js\n- C:\\Users\\admin\\Downloads\\PDF\\routes\\api.js\n- C:\\Users\\admin\\Downloads\\PDF\\server.js\n    at Module._resolveFilename (node:internal/modules/cjs/loader:1456:15)\n    at defaultResolveImpl (node:internal/modules/cjs/loader:1066:19)\n    at resolveForCJSWithHooks (node:internal/modules/cjs/loader:1071:22)\n    at Module._load (node:internal/modules/cjs/loader:1242:25)\n    at wrapModuleLoad (node:internal/modules/cjs/loader:255:19)\n    at Module.require (node:internal/modules/cjs/loader:1556:12)\n    at require (node:internal/modules/helpers:152:16)\n    at extractWithPdfjsDist (C:\\Users\\admin\\Downloads\\PDF\\services\\extractionService.js:40:20)\n    at extractTextFromPdf (C:\\Users\\admin\\Downloads\\PDF\\services\\extractionService.js:171:18)\n    at async extractText (C:\\Users\\admin\\Downloads\\PDF\\services\\extractionService.js:282:14)\n    at async processOneFile (C:\\Users\\admin\\Downloads\\PDF\\controllers\\uploadController.js:177:20)\n    at async Promise.allSettled (index 6)\n    at async uploadDocument (C:\\Users\\admin\\Downloads\\PDF\\controllers\\uploadController.js:75:19)"}
[2026-08-19T05:52:28.174Z] [ERROR] Extraction failed for priya_nair_resume.pdf [candidateId=C1111, path=C:\Users\admin\Downloads\PDF\uploads\documents-1787118746797-673703642.pdf, sizeAtFailure=2734 bytes]: Cannot find module 'pdfjs-dist/legacy/build/pdf.js'
Require stack:
- C:\Users\admin\Downloads\PDF\services\extractionService.js
- C:\Users\admin\Downloads\PDF\controllers\uploadController.js
- C:\Users\admin\Downloads\PDF\routes\api.js
- C:\Users\admin\Downloads\PDF\server.js {"stack":"Error: Cannot find module 'pdfjs-dist/legacy/build/pdf.js'\nRequire stack:\n- C:\\Users\\admin\\Downloads\\PDF\\services\\extractionService.js\n- C:\\Users\\admin\\Downloads\\PDF\\controllers\\uploadController.js\n- C:\\Users\\admin\\Downloads\\PDF\\routes\\api.js\n- C:\\Users\\admin\\Downloads\\PDF\\server.js\n    at Module._resolveFilename (node:internal/modules/cjs/loader:1456:15)\n    at defaultResolveImpl (node:internal/modules/cjs/loader:1066:19)\n    at resolveForCJSWithHooks (node:internal/modules/cjs/loader:1071:22)\n    at Module._load (node:internal/modules/cjs/loader:1242:25)\n    at wrapModuleLoad (node:internal/modules/cjs/loader:255:19)\n    at Module.require (node:internal/modules/cjs/loader:1556:12)\n    at require (node:internal/modules/helpers:152:16)\n    at extractWithPdfjsDist (C:\\Users\\admin\\Downloads\\PDF\\services\\extractionService.js:40:20)\n    at extractTextFromPdf (C:\\Users\\admin\\Downloads\\PDF\\services\\extractionService.js:171:18)\n    at async extractText (C:\\Users\\admin\\Downloads\\PDF\\services\\extractionService.js:282:14)\n    at async processOneFile (C:\\Users\\admin\\Downloads\\PDF\\controllers\\uploadController.js:177:20)\n    at async Promise.allSettled (index 7)\n    at async uploadDocument (C:\\Users\\admin\\Downloads\\PDF\\controllers\\uploadController.js:75:19)"}
[2026-08-19T05:52:28.175Z] [ERROR] Extraction failed for rohan_mehta_resume.pdf [candidateId=C1113, path=C:\Users\admin\Downloads\PDF\uploads\documents-1787118746798-907020329.pdf, sizeAtFailure=2537 bytes]: Cannot find module 'pdfjs-dist/legacy/build/pdf.js'
Require stack:
- C:\Users\admin\Downloads\PDF\services\extractionService.js
- C:\Users\admin\Downloads\PDF\controllers\uploadController.js
- C:\Users\admin\Downloads\PDF\routes\api.js
- C:\Users\admin\Downloads\PDF\server.js {"stack":"Error: Cannot find module 'pdfjs-dist/legacy/build/pdf.js'\nRequire stack:\n- C:\\Users\\admin\\Downloads\\PDF\\services\\extractionService.js\n- C:\\Users\\admin\\Downloads\\PDF\\controllers\\uploadController.js\n- C:\\Users\\admin\\Downloads\\PDF\\routes\\api.js\n- C:\\Users\\admin\\Downloads\\PDF\\server.js\n    at Module._resolveFilename (node:internal/modules/cjs/loader:1456:15)\n    at defaultResolveImpl (node:internal/modules/cjs/loader:1066:19)\n    at resolveForCJSWithHooks (node:internal/modules/cjs/loader:1071:22)\n    at Module._load (node:internal/modules/cjs/loader:1242:25)\n    at wrapModuleLoad (node:internal/modules/cjs/loader:255:19)\n    at Module.require (node:internal/modules/cjs/loader:1556:12)\n    at require (node:internal/modules/helpers:152:16)\n    at extractWithPdfjsDist (C:\\Users\\admin\\Downloads\\PDF\\services\\extractionService.js:40:20)\n    at extractTextFromPdf (C:\\Users\\admin\\Downloads\\PDF\\services\\extractionService.js:171:18)\n    at async extractText (C:\\Users\\admin\\Downloads\\PDF\\services\\extractionService.js:282:14)\n    at async processOneFile (C:\\Users\\admin\\Downloads\\PDF\\controllers\\uploadController.js:177:20)\n    at async Promise.allSettled (index 9)\n    at async uploadDocument (C:\\Users\\admin\\Downloads\\PDF\\controllers\\uploadController.js:75:19)"}
[2026-08-19T05:52:28.177Z] [ERROR] Extraction failed for sunita_rao_resume.pdf [candidateId=C1114, path=C:\Users\admin\Downloads\PDF\uploads\documents-1787118746798-619109727.pdf, sizeAtFailure=2560 bytes]: Cannot find module 'pdfjs-dist/legacy/build/pdf.js'
Require stack:
- C:\Users\admin\Downloads\PDF\services\extractionService.js
- C:\Users\admin\Downloads\PDF\controllers\uploadController.js
- C:\Users\admin\Downloads\PDF\routes\api.js
- C:\Users\admin\Downloads\PDF\server.js {"stack":"Error: Cannot find module 'pdfjs-dist/legacy/build/pdf.js'\nRequire stack:\n- C:\\Users\\admin\\Downloads\\PDF\\services\\extractionService.js\n- C:\\Users\\admin\\Downloads\\PDF\\controllers\\uploadController.js\n- C:\\Users\\admin\\Downloads\\PDF\\routes\\api.js\n- C:\\Users\\admin\\Downloads\\PDF\\server.js\n    at Module._resolveFilename (node:internal/modules/cjs/loader:1456:15)\n    at defaultResolveImpl (node:internal/modules/cjs/loader:1066:19)\n    at resolveForCJSWithHooks (node:internal/modules/cjs/loader:1071:22)\n    at Module._load (node:internal/modules/cjs/loader:1242:25)\n    at wrapModuleLoad (node:internal/modules/cjs/loader:255:19)\n    at Module.require (node:internal/modules/cjs/loader:1556:12)\n    at require (node:internal/modules/helpers:152:16)\n    at extractWithPdfjsDist (C:\\Users\\admin\\Downloads\\PDF\\services\\extractionService.js:40:20)\n    at extractTextFromPdf (C:\\Users\\admin\\Downloads\\PDF\\services\\extractionService.js:171:18)\n    at async extractText (C:\\Users\\admin\\Downloads\\PDF\\services\\extractionService.js:282:14)\n    at async processOneFile (C:\\Users\\admin\\Downloads\\PDF\\controllers\\uploadController.js:177:20)\n    at async Promise.allSettled (index 10)\n    at async uploadDocument (C:\\Users\\admin\\Downloads\\PDF\\controllers\\uploadController.js:75:19)"}
[2026-08-19T05:52:28.260Z] [INFO] Extraction complete: 741 characters, 1 pages
[2026-08-19T05:52:28.258Z] [INFO] Extraction complete: 599 characters, 1 pages
[2026-08-19T05:52:28.261Z] [INFO] Extraction complete: 947 characters, 1 pages
[2026-08-19T05:52:28.261Z] [INFO] Extraction complete: 947 characters, 1 pages
[2026-08-19T05:52:28.261Z] [INFO] Extraction complete: 830 characters, 1 pages
[2026-08-19T05:52:28.270Z] [INFO] Magic-number check passed for vikram_chauhan_resume.pdf. Detected: pdf
[2026-08-19T05:52:28.270Z] [INFO] Starting text extraction for type: pdf
[2026-08-19T05:52:28.274Z] [WARN] qpdf repair skipped for C:\Users\admin\Downloads\PDF\uploads\documents-1787118746798-757806029.pdf: spawnSync qpdf ENOENT
[2026-08-19T05:52:28.282Z] [INFO] Extraction complete: 672 characters, 1 pages
[2026-08-19T05:52:28.394Z] [INFO] Saved extraction record to Supabase with ID 125 (candidate_id: C1108) for: karan_desai_resume.pdf
[2026-08-19T05:52:28.394Z] [INFO] Cleaned up temporary file: C:\Users\admin\Downloads\PDF\uploads\documents-1787118746797-984826618.pdf
[2026-08-19T05:52:28.522Z] [INFO] Saved extraction record to Supabase with ID 126 (candidate_id: C1112) for: ritu_sharma_resume.pdf
[2026-08-19T05:52:28.522Z] [INFO] Cleaned up temporary file: C:\Users\admin\Downloads\PDF\uploads\documents-1787118746797-726142629.pdf
[2026-08-19T05:52:28.656Z] [INFO] Saved extraction record to Supabase with ID 127 (candidate_id: C1115) for: vikram_chauhan_resume.pdf
[2026-08-19T05:52:28.656Z] [INFO] Cleaned up temporary file: C:\Users\admin\Downloads\PDF\uploads\documents-1787118746798-757806029.pdf
[2026-08-19T05:52:29.182Z] [INFO] Saved extraction record to Supabase with ID 128 (candidate_id: C1105) for: ananya_kapoor_resume.pdf
[2026-08-19T05:52:29.183Z] [INFO] Cleaned up temporary file: C:\Users\admin\Downloads\PDF\uploads\documents-1787118746796-915208163.pdf
[2026-08-19T05:52:29.196Z] [INFO] Cleaned up temporary file: C:\Users\admin\Downloads\PDF\uploads\documents-1787118746798-907020329.pdf
[2026-08-19T05:52:29.195Z] [INFO] Saved extraction record to Supabase with ID 129 (candidate_id: C1113) for: rohan_mehta_resume.pdf
[2026-08-19T05:52:29.213Z] [INFO] Saved extraction record to Supabase with ID 130 (candidate_id: C1111) for: priya_nair_resume.pdf
[2026-08-19T05:52:29.214Z] [INFO] Cleaned up temporary file: C:\Users\admin\Downloads\PDF\uploads\documents-1787118746797-673703642.pdf
[2026-08-19T05:52:29.228Z] [INFO] Saved extraction record to Supabase with ID 131 (candidate_id: C1114) for: sunita_rao_resume.pdf
[2026-08-19T05:52:29.229Z] [INFO] Cleaned up temporary file: C:\Users\admin\Downloads\PDF\uploads\documents-1787118746798-619109727.pdf
[2026-08-19T05:52:29.229Z] [INFO] Saved extraction record to Supabase with ID 132 (candidate_id: C1104) for: aditya_verma_resume.pdf
[2026-08-19T05:52:29.229Z] [INFO] Cleaned up temporary file: C:\Users\admin\Downloads\PDF\uploads\documents-1787118746795-690190212.pdf
[2026-08-19T05:52:29.230Z] [INFO] Saved extraction record to Supabase with ID 135 (candidate_id: C1106) for: farhan_sheikh_resume.pdf
[2026-08-19T05:52:29.230Z] [INFO] Cleaned up temporary file: C:\Users\admin\Downloads\PDF\uploads\documents-1787118746796-739832271.pdf
[2026-08-19T05:52:29.230Z] [INFO] Saved extraction record to Supabase with ID 133 (candidate_id: C1110) for: neha_choudhary_resume.pdf
[2026-08-19T05:52:29.231Z] [INFO] Cleaned up temporary file: C:\Users\admin\Downloads\PDF\uploads\documents-1787118746797-793521472.pdf
[2026-08-19T05:52:29.243Z] [INFO] Saved extraction record to Supabase with ID 134 (candidate_id: C1107) for: ishaan_bhatt_resume.pdf
[2026-08-19T05:52:29.244Z] [INFO] Cleaned up temporary file: C:\Users\admin\Downloads\PDF\uploads\documents-1787118746796-201710033.pdf
[2026-08-19T05:52:29.258Z] [INFO] Saved extraction record to Supabase with ID 136 (candidate_id: C1109) for: meera_iyer_resume.pdf
[2026-08-19T05:52:29.259Z] [INFO] Cleaned up temporary file: C:\Users\admin\Downloads\PDF\uploads\documents-1787118746797-645345380.pdf
[2026-08-19T05:54:59.628Z] [INFO] Server is running in production mode on http://localhost:3000
[2026-08-19T05:55:00.426Z] [INFO] Successfully connected to Supabase PostgreSQL database.
[2026-08-19T05:55:00.687Z] [INFO] Database extractions table initialized.
[2026-08-19T05:56:09.922Z] [INFO] Performing magic-number verification for: aditya_verma_resume.pdf
[2026-08-19T05:56:09.922Z] [INFO] Performing magic-number verification for: ananya_kapoor_resume.pdf
[2026-08-19T05:56:09.922Z] [INFO] Performing magic-number verification for: farhan_sheikh_resume.pdf
[2026-08-19T05:56:09.922Z] [INFO] Performing magic-number verification for: ishaan_bhatt_resume.pdf
[2026-08-19T05:56:09.922Z] [INFO] Performing magic-number verification for: karan_desai_resume.pdf
[2026-08-19T05:56:09.923Z] [INFO] Performing magic-number verification for: meera_iyer_resume.pdf
[2026-08-19T05:56:09.923Z] [INFO] Performing magic-number verification for: neha_choudhary_resume.pdf
[2026-08-19T05:56:09.923Z] [INFO] Performing magic-number verification for: priya_nair_resume.pdf
[2026-08-19T05:56:09.923Z] [INFO] Performing magic-number verification for: ritu_sharma_resume.pdf
[2026-08-19T05:56:09.923Z] [INFO] Performing magic-number verification for: rohan_mehta_resume.pdf
[2026-08-19T05:56:09.923Z] [INFO] Performing magic-number verification for: sunita_rao_resume.pdf
[2026-08-19T05:56:09.923Z] [INFO] Performing magic-number verification for: vikram_chauhan_resume.pdf
[2026-08-19T05:56:09.924Z] [INFO] Magic-number check passed for aditya_verma_resume.pdf. Detected: pdf
[2026-08-19T05:56:09.924Z] [INFO] Starting text extraction for type: pdf
[2026-08-19T05:56:09.930Z] [WARN] qpdf repair skipped for C:\Users\admin\Downloads\PDF\uploads\documents-1787118968940-837455917.pdf: spawnSync qpdf ENOENT
[2026-08-19T05:56:09.969Z] [INFO] Magic-number check passed for ananya_kapoor_resume.pdf. Detected: pdf
[2026-08-19T05:56:09.969Z] [INFO] Starting text extraction for type: pdf
[2026-08-19T05:56:09.973Z] [WARN] qpdf repair skipped for C:\Users\admin\Downloads\PDF\uploads\documents-1787118968941-293428086.pdf: spawnSync qpdf ENOENT
[2026-08-19T05:56:09.974Z] [INFO] Magic-number check passed for farhan_sheikh_resume.pdf. Detected: pdf
[2026-08-19T05:56:09.974Z] [INFO] Starting text extraction for type: pdf
[2026-08-19T05:56:09.978Z] [WARN] qpdf repair skipped for C:\Users\admin\Downloads\PDF\uploads\documents-1787118968941-882754145.pdf: spawnSync qpdf ENOENT
[2026-08-19T05:56:09.978Z] [INFO] Magic-number check passed for ishaan_bhatt_resume.pdf. Detected: pdf
[2026-08-19T05:56:09.978Z] [INFO] Starting text extraction for type: pdf
[2026-08-19T05:56:09.983Z] [WARN] qpdf repair skipped for C:\Users\admin\Downloads\PDF\uploads\documents-1787118968941-975132981.pdf: spawnSync qpdf ENOENT
[2026-08-19T05:56:09.983Z] [INFO] Magic-number check passed for karan_desai_resume.pdf. Detected: pdf
[2026-08-19T05:56:09.983Z] [INFO] Starting text extraction for type: pdf
[2026-08-19T05:56:10.000Z] [WARN] qpdf repair skipped for C:\Users\admin\Downloads\PDF\uploads\documents-1787118968941-151029616.pdf: spawnSync qpdf ENOENT
[2026-08-19T05:56:10.001Z] [INFO] Magic-number check passed for meera_iyer_resume.pdf. Detected: pdf
[2026-08-19T05:56:10.001Z] [INFO] Starting text extraction for type: pdf
[2026-08-19T05:56:10.007Z] [WARN] qpdf repair skipped for C:\Users\admin\Downloads\PDF\uploads\documents-1787118968941-206124654.pdf: spawnSync qpdf ENOENT
[2026-08-19T05:56:10.008Z] [INFO] Magic-number check passed for neha_choudhary_resume.pdf. Detected: pdf
[2026-08-19T05:56:10.008Z] [INFO] Starting text extraction for type: pdf
[2026-08-19T05:56:10.012Z] [WARN] qpdf repair skipped for C:\Users\admin\Downloads\PDF\uploads\documents-1787118968942-382641846.pdf: spawnSync qpdf ENOENT
[2026-08-19T05:56:10.013Z] [INFO] Magic-number check passed for priya_nair_resume.pdf. Detected: pdf
[2026-08-19T05:56:10.013Z] [INFO] Starting text extraction for type: pdf
[2026-08-19T05:56:10.018Z] [WARN] qpdf repair skipped for C:\Users\admin\Downloads\PDF\uploads\documents-1787118968942-894168817.pdf: spawnSync qpdf ENOENT
[2026-08-19T05:56:10.019Z] [INFO] Magic-number check passed for ritu_sharma_resume.pdf. Detected: pdf
[2026-08-19T05:56:10.019Z] [INFO] Starting text extraction for type: pdf
[2026-08-19T05:56:10.025Z] [WARN] qpdf repair skipped for C:\Users\admin\Downloads\PDF\uploads\documents-1787118968942-773206383.pdf: spawnSync qpdf ENOENT
[2026-08-19T05:56:10.025Z] [INFO] Magic-number check passed for rohan_mehta_resume.pdf. Detected: pdf
[2026-08-19T05:56:10.026Z] [INFO] Starting text extraction for type: pdf
[2026-08-19T05:56:10.030Z] [WARN] qpdf repair skipped for C:\Users\admin\Downloads\PDF\uploads\documents-1787118968942-483777923.pdf: spawnSync qpdf ENOENT
[2026-08-19T05:56:10.395Z] [WARN] pdf-parse failed for C:\Users\admin\Downloads\PDF\uploads\documents-1787118968940-837455917.pdf (bad XRef entry). Falling back to pdfjs-dist...
[2026-08-19T05:56:10.442Z] [WARN] pdf-parse failed for C:\Users\admin\Downloads\PDF\uploads\documents-1787118968941-975132981.pdf (Illegal character: 41). Falling back to pdfjs-dist...
[2026-08-19T05:56:10.443Z] [WARN] pdf-parse failed for C:\Users\admin\Downloads\PDF\uploads\documents-1787118968941-206124654.pdf (bad XRef entry). Falling back to pdfjs-dist...
[2026-08-19T05:56:10.443Z] [WARN] pdf-parse failed for C:\Users\admin\Downloads\PDF\uploads\documents-1787118968942-483777923.pdf (bad XRef entry). Falling back to pdfjs-dist...
[2026-08-19T05:56:10.926Z] [ERROR] Extraction failed for aditya_verma_resume.pdf [candidateId=C1116, path=C:\Users\admin\Downloads\PDF\uploads\documents-1787118968940-837455917.pdf, sizeAtFailure=2396 bytes]: Setting up fake worker failed: "No "GlobalWorkerOptions.workerSrc" specified.". {"stack":"Error: Setting up fake worker failed: \"No \"GlobalWorkerOptions.workerSrc\" specified.\".\n    at file:///C:/Users/admin/Downloads/PDF/node_modules/pdfjs-dist/legacy/build/pdf.mjs:22504:31"}
[2026-08-19T05:56:10.926Z] [ERROR] Extraction failed for ishaan_bhatt_resume.pdf [candidateId=C1119, path=C:\Users\admin\Downloads\PDF\uploads\documents-1787118968941-975132981.pdf, sizeAtFailure=2436 bytes]: Setting up fake worker failed: "No "GlobalWorkerOptions.workerSrc" specified.". {"stack":"Error: Setting up fake worker failed: \"No \"GlobalWorkerOptions.workerSrc\" specified.\".\n    at file:///C:/Users/admin/Downloads/PDF/node_modules/pdfjs-dist/legacy/build/pdf.mjs:22504:31"}
[2026-08-19T05:56:10.927Z] [ERROR] Extraction failed for meera_iyer_resume.pdf [candidateId=C1121, path=C:\Users\admin\Downloads\PDF\uploads\documents-1787118968941-206124654.pdf, sizeAtFailure=2264 bytes]: Setting up fake worker failed: "No "GlobalWorkerOptions.workerSrc" specified.". {"stack":"Error: Setting up fake worker failed: \"No \"GlobalWorkerOptions.workerSrc\" specified.\".\n    at file:///C:/Users/admin/Downloads/PDF/node_modules/pdfjs-dist/legacy/build/pdf.mjs:22504:31"}
[2026-08-19T05:56:10.927Z] [ERROR] Extraction failed for rohan_mehta_resume.pdf [candidateId=C1125, path=C:\Users\admin\Downloads\PDF\uploads\documents-1787118968942-483777923.pdf, sizeAtFailure=2537 bytes]: Setting up fake worker failed: "No "GlobalWorkerOptions.workerSrc" specified.". {"stack":"Error: Setting up fake worker failed: \"No \"GlobalWorkerOptions.workerSrc\" specified.\".\n    at file:///C:/Users/admin/Downloads/PDF/node_modules/pdfjs-dist/legacy/build/pdf.mjs:22504:31"}
[2026-08-19T05:56:10.993Z] [INFO] Extraction complete: 690 characters, 1 pages
[2026-08-19T05:56:10.993Z] [INFO] Extraction complete: 690 characters, 1 pages
[2026-08-19T05:56:10.995Z] [INFO] Extraction complete: 1082 characters, 1 pages
[2026-08-19T05:56:10.995Z] [INFO] Extraction complete: 1082 characters, 1 pages
[2026-08-19T05:56:10.997Z] [INFO] Extraction complete: 980 characters, 1 pages
[2026-08-19T05:56:10.997Z] [INFO] Extraction complete: 980 characters, 1 pages
[2026-08-19T05:56:11.007Z] [INFO] Magic-number check passed for sunita_rao_resume.pdf. Detected: pdf
[2026-08-19T05:56:11.012Z] [INFO] Starting text extraction for type: pdf
[2026-08-19T05:56:11.017Z] [WARN] qpdf repair skipped for C:\Users\admin\Downloads\PDF\uploads\documents-1787118968942-211903755.pdf: spawnSync qpdf ENOENT
[2026-08-19T05:56:11.020Z] [WARN] pdf-parse failed for C:\Users\admin\Downloads\PDF\uploads\documents-1787118968942-211903755.pdf (bad XRef entry). Falling back to pdfjs-dist...
[2026-08-19T05:56:11.021Z] [ERROR] Extraction failed for sunita_rao_resume.pdf [candidateId=C1126, path=C:\Users\admin\Downloads\PDF\uploads\documents-1787118968942-211903755.pdf, sizeAtFailure=2560 bytes]: Setting up fake worker failed: "No "GlobalWorkerOptions.workerSrc" specified.". {"stack":"Error: Setting up fake worker failed: \"No \"GlobalWorkerOptions.workerSrc\" specified.\".\n    at file:///C:/Users/admin/Downloads/PDF/node_modules/pdfjs-dist/legacy/build/pdf.mjs:22504:31"}
[2026-08-19T05:56:11.024Z] [INFO] Magic-number check passed for vikram_chauhan_resume.pdf. Detected: pdf
[2026-08-19T05:56:11.025Z] [INFO] Starting text extraction for type: pdf
[2026-08-19T05:56:11.029Z] [WARN] qpdf repair skipped for C:\Users\admin\Downloads\PDF\uploads\documents-1787118968943-303611040.pdf: spawnSync qpdf ENOENT
[2026-08-19T05:56:11.043Z] [INFO] Extraction complete: 672 characters, 1 pages
[2026-08-19T05:56:11.139Z] [INFO] Saved extraction record to Supabase with ID 137 (candidate_id: C1116) for: aditya_verma_resume.pdf
[2026-08-19T05:56:11.140Z] [INFO] Cleaned up temporary file: C:\Users\admin\Downloads\PDF\uploads\documents-1787118968940-837455917.pdf
[2026-08-19T05:56:11.277Z] [INFO] Saved extraction record to Supabase with ID 138 (candidate_id: C1126) for: sunita_rao_resume.pdf
[2026-08-19T05:56:11.278Z] [INFO] Cleaned up temporary file: C:\Users\admin\Downloads\PDF\uploads\documents-1787118968942-211903755.pdf
[2026-08-19T05:56:11.413Z] [INFO] Saved extraction record to Supabase with ID 139 (candidate_id: C1127) for: vikram_chauhan_resume.pdf
[2026-08-19T05:56:11.414Z] [INFO] Cleaned up temporary file: C:\Users\admin\Downloads\PDF\uploads\documents-1787118968943-303611040.pdf
[2026-08-19T05:56:11.934Z] [INFO] Saved extraction record to Supabase with ID 140 (candidate_id: C1123) for: priya_nair_resume.pdf
[2026-08-19T05:56:11.935Z] [INFO] Cleaned up temporary file: C:\Users\admin\Downloads\PDF\uploads\documents-1787118968942-894168817.pdf
[2026-08-19T05:56:11.948Z] [INFO] Saved extraction record to Supabase with ID 141 (candidate_id: C1118) for: farhan_sheikh_resume.pdf
[2026-08-19T05:56:11.949Z] [INFO] Cleaned up temporary file: C:\Users\admin\Downloads\PDF\uploads\documents-1787118968941-882754145.pdf
[2026-08-19T05:56:11.957Z] [INFO] Saved extraction record to Supabase with ID 142 (candidate_id: C1119) for: ishaan_bhatt_resume.pdf
[2026-08-19T05:56:11.958Z] [INFO] Cleaned up temporary file: C:\Users\admin\Downloads\PDF\uploads\documents-1787118968941-975132981.pdf
[2026-08-19T05:56:11.977Z] [INFO] Saved extraction record to Supabase with ID 143 (candidate_id: C1121) for: meera_iyer_resume.pdf
[2026-08-19T05:56:11.977Z] [INFO] Cleaned up temporary file: C:\Users\admin\Downloads\PDF\uploads\documents-1787118968941-206124654.pdf
[2026-08-19T05:56:12.002Z] [INFO] Saved extraction record to Supabase with ID 145 (candidate_id: C1124) for: ritu_sharma_resume.pdf
[2026-08-19T05:56:12.003Z] [INFO] Cleaned up temporary file: C:\Users\admin\Downloads\PDF\uploads\documents-1787118968942-773206383.pdf
[2026-08-19T05:56:12.003Z] [INFO] Saved extraction record to Supabase with ID 146 (candidate_id: C1120) for: karan_desai_resume.pdf
[2026-08-19T05:56:12.003Z] [INFO] Cleaned up temporary file: C:\Users\admin\Downloads\PDF\uploads\documents-1787118968941-151029616.pdf
[2026-08-19T05:56:12.005Z] [INFO] Cleaned up temporary file: C:\Users\admin\Downloads\PDF\uploads\documents-1787118968942-382641846.pdf
[2026-08-19T05:56:12.004Z] [INFO] Saved extraction record to Supabase with ID 144 (candidate_id: C1122) for: neha_choudhary_resume.pdf
[2026-08-19T05:56:12.020Z] [INFO] Saved extraction record to Supabase with ID 147 (candidate_id: C1125) for: rohan_mehta_resume.pdf
[2026-08-19T05:56:12.020Z] [INFO] Cleaned up temporary file: C:\Users\admin\Downloads\PDF\uploads\documents-1787118968942-483777923.pdf
[2026-08-19T05:56:12.048Z] [INFO] Saved extraction record to Supabase with ID 148 (candidate_id: C1117) for: ananya_kapoor_resume.pdf
[2026-08-19T05:56:12.048Z] [INFO] Cleaned up temporary file: C:\Users\admin\Downloads\PDF\uploads\documents-1787118968941-293428086.pdf
[2026-08-19T05:58:33.479Z] [INFO] Server is running in production mode on http://localhost:3000
[2026-08-19T05:58:34.274Z] [INFO] Successfully connected to Supabase PostgreSQL database.
[2026-08-19T05:58:34.545Z] [INFO] Database extractions table initialized.
[2026-08-19T05:59:21.177Z] [INFO] Performing magic-number verification for: aditya_verma_resume.pdf
[2026-08-19T05:59:21.177Z] [INFO] Performing magic-number verification for: ananya_kapoor_resume.pdf
[2026-08-19T05:59:21.178Z] [INFO] Performing magic-number verification for: farhan_sheikh_resume.pdf
[2026-08-19T05:59:21.178Z] [INFO] Performing magic-number verification for: ishaan_bhatt_resume.pdf
[2026-08-19T05:59:21.178Z] [INFO] Performing magic-number verification for: karan_desai_resume.pdf
[2026-08-19T05:59:21.179Z] [INFO] Performing magic-number verification for: meera_iyer_resume.pdf
[2026-08-19T05:59:21.180Z] [INFO] Magic-number check passed for aditya_verma_resume.pdf. Detected: pdf
[2026-08-19T05:59:21.183Z] [INFO] Starting text extraction for type: pdf
[2026-08-19T05:59:21.190Z] [WARN] qpdf repair skipped for C:\Users\admin\Downloads\PDF\uploads\documents-1787119160224-554657874.pdf: spawnSync qpdf ENOENT
[2026-08-19T05:59:21.240Z] [INFO] Magic-number check passed for ananya_kapoor_resume.pdf. Detected: pdf
[2026-08-19T05:59:21.243Z] [INFO] Starting text extraction for type: pdf
[2026-08-19T05:59:21.286Z] [WARN] qpdf repair skipped for C:\Users\admin\Downloads\PDF\uploads\documents-1787119160226-974104966.pdf: spawnSync qpdf ENOENT
[2026-08-19T05:59:21.324Z] [INFO] Magic-number check passed for farhan_sheikh_resume.pdf. Detected: pdf
[2026-08-19T05:59:21.384Z] [INFO] Starting text extraction for type: pdf
[2026-08-19T05:59:21.404Z] [WARN] qpdf repair skipped for C:\Users\admin\Downloads\PDF\uploads\documents-1787119160226-165957614.pdf: spawnSync qpdf ENOENT
[2026-08-19T05:59:21.436Z] [INFO] Magic-number check passed for ishaan_bhatt_resume.pdf. Detected: pdf
[2026-08-19T05:59:21.445Z] [INFO] Starting text extraction for type: pdf
[2026-08-19T05:59:21.461Z] [WARN] qpdf repair skipped for C:\Users\admin\Downloads\PDF\uploads\documents-1787119160226-704453755.pdf: spawnSync qpdf ENOENT
[2026-08-19T05:59:21.576Z] [WARN] pdf-parse failed for C:\Users\admin\Downloads\PDF\uploads\documents-1787119160226-704453755.pdf (Illegal character: 41). Falling back to pdfjs-dist...
[2026-08-19T05:59:21.872Z] [ERROR] Extraction failed for ishaan_bhatt_resume.pdf [candidateId=C1131, path=C:\Users\admin\Downloads\PDF\uploads\documents-1787119160226-704453755.pdf, sizeAtFailure=2436 bytes]: Setting up fake worker failed: "Only URLs with a scheme in: file, data, and node are supported by the default ESM loader. On Windows, absolute paths must be valid file:// URLs. Received protocol 'c:'". {"stack":"Error: Setting up fake worker failed: \"Only URLs with a scheme in: file, data, and node are supported by the default ESM loader. On Windows, absolute paths must be valid file:// URLs. Received protocol 'c:'\".\n    at file:///C:/Users/admin/Downloads/PDF/node_modules/pdfjs-dist/legacy/build/pdf.mjs:22504:31"}
[2026-08-19T05:59:22.004Z] [INFO] Extraction complete: 741 characters, 1 pages
[2026-08-19T05:59:22.021Z] [INFO] Extraction complete: 1082 characters, 1 pages
[2026-08-19T05:59:22.021Z] [INFO] Extraction complete: 1082 characters, 1 pages
[2026-08-19T05:59:22.025Z] [INFO] Magic-number check passed for karan_desai_resume.pdf. Detected: pdf
[2026-08-19T05:59:22.028Z] [INFO] Starting text extraction for type: pdf
[2026-08-19T05:59:22.038Z] [WARN] qpdf repair skipped for C:\Users\admin\Downloads\PDF\uploads\documents-1787119160226-932503753.pdf: spawnSync qpdf ENOENT
[2026-08-19T05:59:22.052Z] [INFO] Extraction complete: 690 characters, 1 pages
[2026-08-19T05:59:22.056Z] [INFO] Magic-number check passed for meera_iyer_resume.pdf. Detected: pdf
[2026-08-19T05:59:22.057Z] [INFO] Starting text extraction for type: pdf
[2026-08-19T05:59:22.061Z] [WARN] qpdf repair skipped for C:\Users\admin\Downloads\PDF\uploads\documents-1787119160226-19323631.pdf: spawnSync qpdf ENOENT
[2026-08-19T05:59:22.069Z] [WARN] pdf-parse failed for C:\Users\admin\Downloads\PDF\uploads\documents-1787119160226-19323631.pdf (bad XRef entry). Falling back to pdfjs-dist...
[2026-08-19T05:59:22.072Z] [ERROR] Extraction failed for meera_iyer_resume.pdf [candidateId=C1133, path=C:\Users\admin\Downloads\PDF\uploads\documents-1787119160226-19323631.pdf, sizeAtFailure=2264 bytes]: Setting up fake worker failed: "Only URLs with a scheme in: file, data, and node are supported by the default ESM loader. On Windows, absolute paths must be valid file:// URLs. Received protocol 'c:'". {"stack":"Error: Setting up fake worker failed: \"Only URLs with a scheme in: file, data, and node are supported by the default ESM loader. On Windows, absolute paths must be valid file:// URLs. Received protocol 'c:'\".\n    at file:///C:/Users/admin/Downloads/PDF/node_modules/pdfjs-dist/legacy/build/pdf.mjs:22504:31"}
[2026-08-19T05:59:22.156Z] [INFO] Saved extraction record to Supabase with ID 149 (candidate_id: C1131) for: ishaan_bhatt_resume.pdf
[2026-08-19T05:59:22.159Z] [INFO] Cleaned up temporary file: C:\Users\admin\Downloads\PDF\uploads\documents-1787119160226-704453755.pdf
[2026-08-19T05:59:22.955Z] [INFO] Saved extraction record to Supabase with ID 150 (candidate_id: C1129) for: ananya_kapoor_resume.pdf
[2026-08-19T05:59:22.955Z] [INFO] Cleaned up temporary file: C:\Users\admin\Downloads\PDF\uploads\documents-1787119160226-974104966.pdf
[2026-08-19T05:59:22.959Z] [INFO] Saved extraction record to Supabase with ID 151 (candidate_id: C1132) for: karan_desai_resume.pdf
[2026-08-19T05:59:22.966Z] [INFO] Cleaned up temporary file: C:\Users\admin\Downloads\PDF\uploads\documents-1787119160226-932503753.pdf
[2026-08-19T05:59:23.004Z] [INFO] Saved extraction record to Supabase with ID 152 (candidate_id: C1128) for: aditya_verma_resume.pdf
[2026-08-19T05:59:23.005Z] [INFO] Cleaned up temporary file: C:\Users\admin\Downloads\PDF\uploads\documents-1787119160224-554657874.pdf
[2026-08-19T05:59:23.020Z] [INFO] Saved extraction record to Supabase with ID 153 (candidate_id: C1133) for: meera_iyer_resume.pdf
[2026-08-19T05:59:23.022Z] [INFO] Cleaned up temporary file: C:\Users\admin\Downloads\PDF\uploads\documents-1787119160226-19323631.pdf
[2026-08-19T05:59:23.027Z] [INFO] Saved extraction record to Supabase with ID 154 (candidate_id: C1130) for: farhan_sheikh_resume.pdf
[2026-08-19T05:59:23.029Z] [INFO] Cleaned up temporary file: C:\Users\admin\Downloads\PDF\uploads\documents-1787119160226-165957614.pdf
[2026-08-19T06:08:40.716Z] [INFO] Server is running in production mode on http://localhost:3000
[2026-08-19T06:08:41.522Z] [INFO] Successfully connected to Supabase PostgreSQL database.
[2026-08-19T06:08:41.799Z] [INFO] Database extractions table initialized.
[2026-08-19T06:08:57.562Z] [INFO] Server is running in production mode on http://localhost:3000
[2026-08-19T06:08:58.336Z] [INFO] Successfully connected to Supabase PostgreSQL database.
[2026-08-19T06:08:58.596Z] [INFO] Database extractions table initialized.
[2026-08-19T06:10:05.914Z] [INFO] Server is running in production mode on http://localhost:3000
[2026-08-19T06:10:06.689Z] [INFO] Successfully connected to Supabase PostgreSQL database.
[2026-08-19T06:10:06.944Z] [INFO] Database extractions table initialized.
[2026-08-19T06:10:32.481Z] [INFO] Server is running in production mode on http://localhost:3000
[2026-08-19T06:10:33.354Z] [INFO] Successfully connected to Supabase PostgreSQL database.
[2026-08-19T06:10:33.841Z] [INFO] Database extractions table initialized.
[2026-08-19T06:10:54.114Z] [INFO] Server is running in production mode on http://localhost:3000
[2026-08-19T06:10:54.941Z] [INFO] Successfully connected to Supabase PostgreSQL database.
[2026-08-19T06:10:55.210Z] [INFO] Database extractions table initialized.
[2026-08-19T06:13:27.540Z] [INFO] Performing magic-number verification for: aditya_verma_resume.pdf
[2026-08-19T06:13:27.541Z] [INFO] Performing magic-number verification for: ananya_kapoor_resume.pdf
[2026-08-19T06:13:27.541Z] [INFO] Performing magic-number verification for: farhan_sheikh_resume.pdf
[2026-08-19T06:13:27.541Z] [INFO] Performing magic-number verification for: ishaan_bhatt_resume.pdf
[2026-08-19T06:13:27.541Z] [INFO] Performing magic-number verification for: karan_desai_resume.pdf
[2026-08-19T06:13:27.542Z] [INFO] Performing magic-number verification for: meera_iyer_resume.pdf
[2026-08-19T06:13:27.543Z] [INFO] Magic-number check passed for ananya_kapoor_resume.pdf. Detected: pdf
[2026-08-19T06:13:27.544Z] [INFO] Starting text extraction for type: pdf
[2026-08-19T06:13:27.600Z] [INFO] Magic-number check passed for aditya_verma_resume.pdf. Detected: pdf
[2026-08-19T06:13:27.550Z] [WARN] qpdf repair skipped for C:\Users\admin\Downloads\PDF\uploads\documents-1787120006528-222425293.pdf: spawnSync qpdf ENOENT
[2026-08-19T06:13:27.604Z] [INFO] Starting text extraction for type: pdf
[2026-08-19T06:13:27.608Z] [WARN] qpdf repair skipped for C:\Users\admin\Downloads\PDF\uploads\documents-1787120006526-304088466.pdf: spawnSync qpdf ENOENT
[2026-08-19T06:13:27.609Z] [INFO] Starting text extraction for type: pdf
[2026-08-19T06:13:27.613Z] [WARN] qpdf repair skipped for C:\Users\admin\Downloads\PDF\uploads\documents-1787120006528-645110227.pdf: spawnSync qpdf ENOENT
[2026-08-19T06:13:27.614Z] [INFO] Magic-number check passed for ishaan_bhatt_resume.pdf. Detected: pdf
[2026-08-19T06:13:27.616Z] [INFO] Starting text extraction for type: pdf
[2026-08-19T06:13:27.623Z] [WARN] qpdf repair skipped for C:\Users\admin\Downloads\PDF\uploads\documents-1787120006528-489009366.pdf: spawnSync qpdf ENOENT
[2026-08-19T06:13:27.626Z] [INFO] Magic-number check passed for karan_desai_resume.pdf. Detected: pdf
[2026-08-19T06:13:27.608Z] [INFO] Magic-number check passed for farhan_sheikh_resume.pdf. Detected: pdf
[2026-08-19T06:13:28.028Z] [INFO] Extraction complete: 692 characters, 1 pages
[2026-08-19T06:13:27.631Z] [WARN] qpdf repair skipped for C:\Users\admin\Downloads\PDF\uploads\documents-1787120006528-797031173.pdf: spawnSync qpdf ENOENT
[2026-08-19T06:13:28.032Z] [INFO] Extraction complete: 1082 characters, 1 pages
[2026-08-19T06:13:27.626Z] [INFO] Starting text extraction for type: pdf
[2026-08-19T06:13:28.033Z] [INFO] Extraction complete: 1082 characters, 1 pages
[2026-08-19T06:13:28.033Z] [INFO] Extraction complete: 1082 characters, 1 pages
[2026-08-19T06:13:28.029Z] [INFO] Extraction complete: 692 characters, 1 pages
[2026-08-19T06:13:28.047Z] [INFO] Magic-number check passed for meera_iyer_resume.pdf. Detected: pdf
[2026-08-19T06:13:28.048Z] [INFO] Starting text extraction for type: pdf
[2026-08-19T06:13:28.059Z] [WARN] qpdf repair skipped for C:\Users\admin\Downloads\PDF\uploads\documents-1787120006529-228355711.pdf: spawnSync qpdf ENOENT
[2026-08-19T06:13:28.065Z] [WARN] pdf-parse failed for C:\Users\admin\Downloads\PDF\uploads\documents-1787120006529-228355711.pdf (bad XRef entry). Falling back to pdfjs-dist...
[2026-08-19T06:13:28.584Z] [WARN] pdfjs-dist failed for C:\Users\admin\Downloads\PDF\uploads\documents-1787120006529-228355711.pdf (Setting up fake worker failed: "Only URLs with a scheme in: file, data, and node are supported by the default ESM loader. On Windows, absolute paths must be valid file:// URLs. Received protocol 'c:'".). Falling back to OCR...
[2026-08-19T06:13:28.613Z] [INFO] Cleaned up temporary file: C:\Users\admin\Downloads\PDF\uploads\documents-1787120006528-489009366.pdf
[2026-08-19T06:13:28.591Z] [INFO] Saved extraction record to Supabase with ID 155 (candidate_id: C1137) for: ishaan_bhatt_resume.pdf
[2026-08-19T06:13:28.731Z] [ERROR] Extraction failed for meera_iyer_resume.pdf [candidateId=C1139, path=C:\Users\admin\Downloads\PDF\uploads\documents-1787120006529-228355711.pdf, sizeAtFailure=2264 bytes]: OCR fallback failed: Could not execute GraphicsMagick/ImageMagick: gm "identify" "-ping" "-format" "%p" "-" this most likely means the gm/convert binaries can't be found {"stack":"Error: OCR fallback failed: Could not execute GraphicsMagick/ImageMagick: gm \"identify\" \"-ping\" \"-format\" \"%p\" \"-\" this most likely means the gm/convert binaries can't be found\n    at extractWithOcr (C:\\Users\\admin\\Downloads\\PDF\\services\\extractionService.js:237:11)\n    at process.processTicksAndRejections (node:internal/process/task_queues:104:5)\n    at async extractTextFromPdf (C:\\Users\\admin\\Downloads\\PDF\\services\\extractionService.js:190:14)\n    at async extractText (C:\\Users\\admin\\Downloads\\PDF\\services\\extractionService.js:418:14)\n    at async processOneFile (C:\\Users\\admin\\Downloads\\PDF\\controllers\\uploadController.js:186:20)\n    at async Promise.allSettled (index 5)\n    at async uploadDocument (C:\\Users\\admin\\Downloads\\PDF\\controllers\\uploadController.js:75:19)"}
[2026-08-19T06:13:28.868Z] [INFO] Saved extraction record to Supabase with ID 156 (candidate_id: C1139) for: meera_iyer_resume.pdf
[2026-08-19T06:13:28.869Z] [INFO] Cleaned up temporary file: C:\Users\admin\Downloads\PDF\uploads\documents-1787120006529-228355711.pdf
[2026-08-19T06:13:29.457Z] [INFO] Saved extraction record to Supabase with ID 157 (candidate_id: C1135) for: ananya_kapoor_resume.pdf
[2026-08-19T06:13:29.458Z] [INFO] Cleaned up temporary file: C:\Users\admin\Downloads\PDF\uploads\documents-1787120006528-222425293.pdf
[2026-08-19T06:13:29.468Z] [INFO] Saved extraction record to Supabase with ID 158 (candidate_id: C1138) for: karan_desai_resume.pdf
[2026-08-19T06:13:29.469Z] [INFO] Cleaned up temporary file: C:\Users\admin\Downloads\PDF\uploads\documents-1787120006528-797031173.pdf
[2026-08-19T06:13:29.483Z] [INFO] Saved extraction record to Supabase with ID 159 (candidate_id: C1136) for: farhan_sheikh_resume.pdf
[2026-08-19T06:13:29.484Z] [INFO] Cleaned up temporary file: C:\Users\admin\Downloads\PDF\uploads\documents-1787120006528-645110227.pdf
[2026-08-19T06:13:29.583Z] [INFO] Saved extraction record to Supabase with ID 160 (candidate_id: C1134) for: aditya_verma_resume.pdf
[2026-08-19T06:13:29.584Z] [INFO] Cleaned up temporary file: C:\Users\admin\Downloads\PDF\uploads\documents-1787120006526-304088466.pdf
[2026-08-19T06:13:48.826Z] [INFO] Performing magic-number verification for: aditya_verma_resume.pdf
[2026-08-19T06:13:48.827Z] [INFO] Performing magic-number verification for: ananya_kapoor_resume.pdf
[2026-08-19T06:13:48.827Z] [INFO] Performing magic-number verification for: farhan_sheikh_resume.pdf
[2026-08-19T06:13:48.827Z] [INFO] Performing magic-number verification for: ishaan_bhatt_resume.pdf
[2026-08-19T06:13:48.828Z] [INFO] Performing magic-number verification for: karan_desai_resume.pdf
[2026-08-19T06:13:48.828Z] [INFO] Performing magic-number verification for: meera_iyer_resume.pdf
[2026-08-19T06:13:48.828Z] [INFO] Performing magic-number verification for: neha_choudhary_resume.pdf
[2026-08-19T06:13:48.829Z] [INFO] Performing magic-number verification for: priya_nair_resume.pdf
[2026-08-19T06:13:48.829Z] [INFO] Performing magic-number verification for: ritu_sharma_resume.pdf
[2026-08-19T06:13:48.829Z] [INFO] Performing magic-number verification for: rohan_mehta_resume.pdf
[2026-08-19T06:13:48.830Z] [INFO] Performing magic-number verification for: sunita_rao_resume.pdf
[2026-08-19T06:13:48.830Z] [INFO] Performing magic-number verification for: vikram_chauhan_resume.pdf
[2026-08-19T06:13:48.831Z] [INFO] Magic-number check passed for aditya_verma_resume.pdf. Detected: pdf
[2026-08-19T06:13:48.832Z] [INFO] Starting text extraction for type: pdf
[2026-08-19T06:13:48.836Z] [WARN] qpdf repair skipped for C:\Users\admin\Downloads\PDF\uploads\documents-1787120027699-608851132.pdf: spawnSync qpdf ENOENT
[2026-08-19T06:13:48.844Z] [INFO] Extraction complete: 760 characters, 1 pages
[2026-08-19T06:13:48.856Z] [INFO] Magic-number check passed for ananya_kapoor_resume.pdf. Detected: pdf
[2026-08-19T06:13:48.859Z] [INFO] Starting text extraction for type: pdf
[2026-08-19T06:13:48.864Z] [WARN] qpdf repair skipped for C:\Users\admin\Downloads\PDF\uploads\documents-1787120027700-307664921.pdf: spawnSync qpdf ENOENT
[2026-08-19T06:13:48.895Z] [INFO] Extraction complete: 1082 characters, 1 pages
[2026-08-19T06:13:48.897Z] [INFO] Magic-number check passed for farhan_sheikh_resume.pdf. Detected: pdf
[2026-08-19T06:13:48.897Z] [INFO] Starting text extraction for type: pdf
[2026-08-19T06:13:48.905Z] [WARN] qpdf repair skipped for C:\Users\admin\Downloads\PDF\uploads\documents-1787120027700-624955689.pdf: spawnSync qpdf ENOENT
[2026-08-19T06:13:48.940Z] [INFO] Extraction complete: 741 characters, 1 pages
[2026-08-19T06:13:48.966Z] [WARN] qpdf repair skipped for C:\Users\admin\Downloads\PDF\uploads\documents-1787120027700-973760981.pdf: spawnSync qpdf ENOENT
[2026-08-19T06:13:48.983Z] [INFO] Extraction complete: 692 characters, 1 pages
[2026-08-19T06:13:48.954Z] [INFO] Magic-number check passed for ishaan_bhatt_resume.pdf. Detected: pdf
[2026-08-19T06:13:48.956Z] [INFO] Starting text extraction for type: pdf
[2026-08-19T06:13:48.996Z] [INFO] Magic-number check passed for karan_desai_resume.pdf. Detected: pdf
[2026-08-19T06:13:49.011Z] [INFO] Magic-number check passed for meera_iyer_resume.pdf. Detected: pdf
[2026-08-19T06:13:49.002Z] [WARN] qpdf repair skipped for C:\Users\admin\Downloads\PDF\uploads\documents-1787120027700-670763469.pdf: spawnSync qpdf ENOENT
[2026-08-19T06:13:49.009Z] [INFO] Extraction complete: 692 characters, 1 pages
[2026-08-19T06:13:48.997Z] [INFO] Starting text extraction for type: pdf
[2026-08-19T06:13:49.011Z] [INFO] Starting text extraction for type: pdf
[2026-08-19T06:13:49.016Z] [WARN] qpdf repair skipped for C:\Users\admin\Downloads\PDF\uploads\documents-1787120027702-858958666.pdf: spawnSync qpdf ENOENT
[2026-08-19T06:13:49.019Z] [WARN] pdfjs-dist failed for C:\Users\admin\Downloads\PDF\uploads\documents-1787120027702-858958666.pdf (Setting up fake worker failed: "Only URLs with a scheme in: file, data, and node are supported by the default ESM loader. On Windows, absolute paths must be valid file:// URLs. Received protocol 'c:'".). Falling back to OCR...
[2026-08-19T06:13:49.017Z] [WARN] pdf-parse failed for C:\Users\admin\Downloads\PDF\uploads\documents-1787120027702-858958666.pdf (bad XRef entry). Falling back to pdfjs-dist...
[2026-08-19T06:13:49.020Z] [INFO] Magic-number check passed for neha_choudhary_resume.pdf. Detected: pdf
[2026-08-19T06:13:49.028Z] [WARN] qpdf repair skipped for C:\Users\admin\Downloads\PDF\uploads\documents-1787120027702-445570828.pdf: spawnSync qpdf ENOENT
[2026-08-19T06:13:49.022Z] [INFO] Starting text extraction for type: pdf
[2026-08-19T06:13:49.037Z] [INFO] Extraction complete: 828 characters, 1 pages
[2026-08-19T06:13:49.038Z] [INFO] Magic-number check passed for priya_nair_resume.pdf. Detected: pdf
[2026-08-19T06:13:49.038Z] [INFO] Starting text extraction for type: pdf
[2026-08-19T06:13:49.051Z] [INFO] Extraction complete: 980 characters, 1 pages
[2026-08-19T06:13:49.056Z] [INFO] Magic-number check passed for ritu_sharma_resume.pdf. Detected: pdf
[2026-08-19T06:13:49.057Z] [INFO] Starting text extraction for type: pdf
[2026-08-19T06:13:49.061Z] [WARN] qpdf repair skipped for C:\Users\admin\Downloads\PDF\uploads\documents-1787120027702-268753297.pdf: spawnSync qpdf ENOENT
[2026-08-19T06:13:49.068Z] [INFO] Extraction complete: 830 characters, 1 pages
[2026-08-19T06:13:49.070Z] [INFO] Magic-number check passed for rohan_mehta_resume.pdf. Detected: pdf
[2026-08-19T06:13:49.072Z] [INFO] Starting text extraction for type: pdf
[2026-08-19T06:13:49.076Z] [WARN] qpdf repair skipped for C:\Users\admin\Downloads\PDF\uploads\documents-1787120027703-604360926.pdf: spawnSync qpdf ENOENT
[2026-08-19T06:13:49.091Z] [INFO] Extraction complete: 865 characters, 1 pages
[2026-08-19T06:13:49.092Z] [INFO] Magic-number check passed for sunita_rao_resume.pdf. Detected: pdf
[2026-08-19T06:13:49.093Z] [INFO] Starting text extraction for type: pdf
[2026-08-19T06:13:49.097Z] [WARN] qpdf repair skipped for C:\Users\admin\Downloads\PDF\uploads\documents-1787120027703-904239681.pdf: spawnSync qpdf ENOENT
[2026-08-19T06:13:49.104Z] [INFO] Extraction complete: 865 characters, 1 pages
[2026-08-19T06:13:49.042Z] [WARN] qpdf repair skipped for C:\Users\admin\Downloads\PDF\uploads\documents-1787120027702-221995660.pdf: spawnSync qpdf ENOENT
[2026-08-19T06:13:49.106Z] [INFO] Magic-number check passed for vikram_chauhan_resume.pdf. Detected: pdf
[2026-08-19T06:13:49.107Z] [INFO] Starting text extraction for type: pdf
[2026-08-19T06:13:49.112Z] [WARN] qpdf repair skipped for C:\Users\admin\Downloads\PDF\uploads\documents-1787120027703-500472068.pdf: spawnSync qpdf ENOENT
[2026-08-19T06:13:49.113Z] [WARN] pdf-parse failed for C:\Users\admin\Downloads\PDF\uploads\documents-1787120027703-500472068.pdf (bad XRef entry). Falling back to pdfjs-dist...
[2026-08-19T06:13:49.114Z] [WARN] pdfjs-dist failed for C:\Users\admin\Downloads\PDF\uploads\documents-1787120027703-500472068.pdf (Setting up fake worker failed: "Only URLs with a scheme in: file, data, and node are supported by the default ESM loader. On Windows, absolute paths must be valid file:// URLs. Received protocol 'c:'".). Falling back to OCR...
[2026-08-19T06:13:49.125Z] [INFO] Saved extraction record to Supabase with ID 161 (candidate_id: C1140) for: aditya_verma_resume.pdf
[2026-08-19T06:13:49.148Z] [INFO] Cleaned up temporary file: C:\Users\admin\Downloads\PDF\uploads\documents-1787120027699-608851132.pdf
[2026-08-19T06:13:49.417Z] [ERROR] Extraction failed for vikram_chauhan_resume.pdf [candidateId=C1151, path=C:\Users\admin\Downloads\PDF\uploads\documents-1787120027703-500472068.pdf, sizeAtFailure=2317 bytes]: OCR fallback failed: Could not execute GraphicsMagick/ImageMagick: gm "identify" "-ping" "-format" "%p" "-" this most likely means the gm/convert binaries can't be found {"stack":"Error: OCR fallback failed: Could not execute GraphicsMagick/ImageMagick: gm \"identify\" \"-ping\" \"-format\" \"%p\" \"-\" this most likely means the gm/convert binaries can't be found\n    at extractWithOcr (C:\\Users\\admin\\Downloads\\PDF\\services\\extractionService.js:237:11)\n    at process.processTicksAndRejections (node:internal/process/task_queues:104:5)\n    at async extractTextFromPdf (C:\\Users\\admin\\Downloads\\PDF\\services\\extractionService.js:190:14)\n    at async extractText (C:\\Users\\admin\\Downloads\\PDF\\services\\extractionService.js:418:14)\n    at async processOneFile (C:\\Users\\admin\\Downloads\\PDF\\controllers\\uploadController.js:186:20)\n    at async Promise.allSettled (index 11)\n    at async uploadDocument (C:\\Users\\admin\\Downloads\\PDF\\controllers\\uploadController.js:75:19)"}
[2026-08-19T06:13:49.424Z] [ERROR] Extraction failed for meera_iyer_resume.pdf [candidateId=C1145, path=C:\Users\admin\Downloads\PDF\uploads\documents-1787120027702-858958666.pdf, sizeAtFailure=2264 bytes]: OCR fallback failed: Could not execute GraphicsMagick/ImageMagick: gm "identify" "-ping" "-format" "%p" "-" this most likely means the gm/convert binaries can't be found {"stack":"Error: OCR fallback failed: Could not execute GraphicsMagick/ImageMagick: gm \"identify\" \"-ping\" \"-format\" \"%p\" \"-\" this most likely means the gm/convert binaries can't be found\n    at extractWithOcr (C:\\Users\\admin\\Downloads\\PDF\\services\\extractionService.js:237:11)\n    at process.processTicksAndRejections (node:internal/process/task_queues:104:5)\n    at async extractTextFromPdf (C:\\Users\\admin\\Downloads\\PDF\\services\\extractionService.js:190:14)\n    at async extractText (C:\\Users\\admin\\Downloads\\PDF\\services\\extractionService.js:418:14)\n    at async processOneFile (C:\\Users\\admin\\Downloads\\PDF\\controllers\\uploadController.js:186:20)\n    at async Promise.allSettled (index 5)\n    at async uploadDocument (C:\\Users\\admin\\Downloads\\PDF\\controllers\\uploadController.js:75:19)"}
[2026-08-19T06:13:49.557Z] [INFO] Saved extraction record to Supabase with ID 162 (candidate_id: C1151) for: vikram_chauhan_resume.pdf
[2026-08-19T06:13:49.558Z] [INFO] Cleaned up temporary file: C:\Users\admin\Downloads\PDF\uploads\documents-1787120027703-500472068.pdf
[2026-08-19T06:13:49.689Z] [INFO] Saved extraction record to Supabase with ID 163 (candidate_id: C1145) for: meera_iyer_resume.pdf
[2026-08-19T06:13:49.690Z] [INFO] Cleaned up temporary file: C:\Users\admin\Downloads\PDF\uploads\documents-1787120027702-858958666.pdf
[2026-08-19T06:13:50.056Z] [INFO] Saved extraction record to Supabase with ID 164 (candidate_id: C1144) for: karan_desai_resume.pdf
[2026-08-19T06:13:50.056Z] [INFO] Cleaned up temporary file: C:\Users\admin\Downloads\PDF\uploads\documents-1787120027700-670763469.pdf
[2026-08-19T06:13:50.060Z] [INFO] Saved extraction record to Supabase with ID 165 (candidate_id: C1147) for: priya_nair_resume.pdf
[2026-08-19T06:13:50.062Z] [INFO] Cleaned up temporary file: C:\Users\admin\Downloads\PDF\uploads\documents-1787120027702-221995660.pdf
[2026-08-19T06:13:50.076Z] [INFO] Saved extraction record to Supabase with ID 166 (candidate_id: C1146) for: neha_choudhary_resume.pdf
[2026-08-19T06:13:50.077Z] [INFO] Cleaned up temporary file: C:\Users\admin\Downloads\PDF\uploads\documents-1787120027702-445570828.pdf
[2026-08-19T06:13:50.079Z] [INFO] Saved extraction record to Supabase with ID 167 (candidate_id: C1143) for: ishaan_bhatt_resume.pdf
[2026-08-19T06:13:50.082Z] [INFO] Cleaned up temporary file: C:\Users\admin\Downloads\PDF\uploads\documents-1787120027700-973760981.pdf
[2026-08-19T06:13:50.102Z] [INFO] Saved extraction record to Supabase with ID 169 (candidate_id: C1142) for: farhan_sheikh_resume.pdf
[2026-08-19T06:13:50.135Z] [INFO] Cleaned up temporary file: C:\Users\admin\Downloads\PDF\uploads\documents-1787120027700-624955689.pdf
[2026-08-19T06:13:50.137Z] [INFO] Saved extraction record to Supabase with ID 168 (candidate_id: C1148) for: ritu_sharma_resume.pdf
[2026-08-19T06:13:50.139Z] [INFO] Cleaned up temporary file: C:\Users\admin\Downloads\PDF\uploads\documents-1787120027702-268753297.pdf
[2026-08-19T06:13:50.140Z] [INFO] Saved extraction record to Supabase with ID 170 (candidate_id: C1149) for: rohan_mehta_resume.pdf
[2026-08-19T06:13:50.142Z] [INFO] Cleaned up temporary file: C:\Users\admin\Downloads\PDF\uploads\documents-1787120027703-604360926.pdf
[2026-08-19T06:13:50.144Z] [INFO] Saved extraction record to Supabase with ID 171 (candidate_id: C1150) for: sunita_rao_resume.pdf
[2026-08-19T06:13:50.145Z] [INFO] Cleaned up temporary file: C:\Users\admin\Downloads\PDF\uploads\documents-1787120027703-904239681.pdf
[2026-08-19T06:13:50.584Z] [INFO] Saved extraction record to Supabase with ID 172 (candidate_id: C1141) for: ananya_kapoor_resume.pdf
[2026-08-19T06:13:50.585Z] [INFO] Cleaned up temporary file: C:\Users\admin\Downloads\PDF\uploads\documents-1787120027700-307664921.pdf
[2026-08-19T06:14:11.357Z] [INFO] Performing magic-number verification for: aditya_verma_resume.pdf
[2026-08-19T06:14:11.358Z] [INFO] Performing magic-number verification for: ananya_kapoor_resume.pdf
[2026-08-19T06:14:11.358Z] [INFO] Performing magic-number verification for: farhan_sheikh_resume.pdf
[2026-08-19T06:14:11.359Z] [INFO] Performing magic-number verification for: karan_desai_resume.pdf
[2026-08-19T06:14:11.359Z] [INFO] Performing magic-number verification for: meera_iyer_resume.pdf
[2026-08-19T06:14:11.359Z] [INFO] Performing magic-number verification for: neha_choudhary_resume.pdf
[2026-08-19T06:14:11.360Z] [INFO] Performing magic-number verification for: priya_nair_resume.pdf
[2026-08-19T06:14:11.360Z] [INFO] Performing magic-number verification for: ritu_sharma_resume.pdf
[2026-08-19T06:14:11.360Z] [INFO] Performing magic-number verification for: rohan_mehta_resume.pdf
[2026-08-19T06:14:11.360Z] [INFO] Performing magic-number verification for: sunita_rao_resume.pdf
[2026-08-19T06:14:11.361Z] [INFO] Performing magic-number verification for: vikram_chauhan_resume.pdf
[2026-08-19T06:14:11.359Z] [INFO] Performing magic-number verification for: ishaan_bhatt_resume.pdf
[2026-08-19T06:14:11.361Z] [INFO] Magic-number check passed for aditya_verma_resume.pdf. Detected: pdf
[2026-08-19T06:14:11.362Z] [INFO] Starting text extraction for type: pdf
[2026-08-19T06:14:11.366Z] [WARN] qpdf repair skipped for C:\Users\admin\Downloads\PDF\uploads\documents-1787120050452-867354018.pdf: spawnSync qpdf ENOENT
[2026-08-19T06:14:11.372Z] [INFO] Extraction complete: 760 characters, 1 pages
[2026-08-19T06:14:11.373Z] [INFO] Magic-number check passed for ananya_kapoor_resume.pdf. Detected: pdf
[2026-08-19T06:14:11.374Z] [INFO] Starting text extraction for type: pdf
[2026-08-19T06:14:11.378Z] [WARN] qpdf repair skipped for C:\Users\admin\Downloads\PDF\uploads\documents-1787120050452-670327176.pdf: spawnSync qpdf ENOENT
[2026-08-19T06:14:11.383Z] [INFO] Extraction complete: 1082 characters, 1 pages
[2026-08-19T06:14:11.390Z] [INFO] Magic-number check passed for farhan_sheikh_resume.pdf. Detected: pdf
[2026-08-19T06:14:11.390Z] [INFO] Starting text extraction for type: pdf
[2026-08-19T06:14:11.394Z] [WARN] qpdf repair skipped for C:\Users\admin\Downloads\PDF\uploads\documents-1787120050452-908424212.pdf: spawnSync qpdf ENOENT
[2026-08-19T06:14:11.401Z] [INFO] Extraction complete: 741 characters, 1 pages
[2026-08-19T06:14:11.406Z] [INFO] Magic-number check passed for ishaan_bhatt_resume.pdf. Detected: pdf
[2026-08-19T06:14:11.406Z] [INFO] Starting text extraction for type: pdf
[2026-08-19T06:14:11.410Z] [WARN] qpdf repair skipped for C:\Users\admin\Downloads\PDF\uploads\documents-1787120050452-900450784.pdf: spawnSync qpdf ENOENT
[2026-08-19T06:14:11.415Z] [INFO] Extraction complete: 692 characters, 1 pages
[2026-08-19T06:14:11.416Z] [INFO] Magic-number check passed for karan_desai_resume.pdf. Detected: pdf
[2026-08-19T06:14:11.416Z] [INFO] Starting text extraction for type: pdf
[2026-08-19T06:14:11.423Z] [WARN] qpdf repair skipped for C:\Users\admin\Downloads\PDF\uploads\documents-1787120050453-646494230.pdf: spawnSync qpdf ENOENT
[2026-08-19T06:14:11.427Z] [INFO] Extraction complete: 692 characters, 1 pages
[2026-08-19T06:14:11.428Z] [INFO] Magic-number check passed for meera_iyer_resume.pdf. Detected: pdf
[2026-08-19T06:14:11.429Z] [INFO] Starting text extraction for type: pdf
[2026-08-19T06:14:11.433Z] [WARN] qpdf repair skipped for C:\Users\admin\Downloads\PDF\uploads\documents-1787120050453-332866679.pdf: spawnSync qpdf ENOENT
[2026-08-19T06:14:11.435Z] [WARN] pdf-parse failed for C:\Users\admin\Downloads\PDF\uploads\documents-1787120050453-332866679.pdf (bad XRef entry). Falling back to pdfjs-dist...
[2026-08-19T06:14:11.435Z] [WARN] pdfjs-dist failed for C:\Users\admin\Downloads\PDF\uploads\documents-1787120050453-332866679.pdf (Setting up fake worker failed: "Only URLs with a scheme in: file, data, and node are supported by the default ESM loader. On Windows, absolute paths must be valid file:// URLs. Received protocol 'c:'".). Falling back to OCR...
[2026-08-19T06:14:11.436Z] [INFO] Magic-number check passed for neha_choudhary_resume.pdf. Detected: pdf
[2026-08-19T06:14:11.437Z] [INFO] Starting text extraction for type: pdf
[2026-08-19T06:14:11.443Z] [WARN] qpdf repair skipped for C:\Users\admin\Downloads\PDF\uploads\documents-1787120050453-56126832.pdf: spawnSync qpdf ENOENT
[2026-08-19T06:14:11.449Z] [INFO] Extraction complete: 828 characters, 1 pages
[2026-08-19T06:14:11.453Z] [INFO] Magic-number check passed for priya_nair_resume.pdf. Detected: pdf
[2026-08-19T06:14:11.454Z] [INFO] Starting text extraction for type: pdf
[2026-08-19T06:14:11.458Z] [WARN] qpdf repair skipped for C:\Users\admin\Downloads\PDF\uploads\documents-1787120050453-194665362.pdf: spawnSync qpdf ENOENT
[2026-08-19T06:14:11.465Z] [INFO] Extraction complete: 980 characters, 1 pages
[2026-08-19T06:14:11.466Z] [INFO] Magic-number check passed for ritu_sharma_resume.pdf. Detected: pdf
[2026-08-19T06:14:11.473Z] [INFO] Starting text extraction for type: pdf
[2026-08-19T06:14:11.477Z] [WARN] qpdf repair skipped for C:\Users\admin\Downloads\PDF\uploads\documents-1787120050453-226256731.pdf: spawnSync qpdf ENOENT
[2026-08-19T06:14:11.482Z] [INFO] Extraction complete: 830 characters, 1 pages
[2026-08-19T06:14:11.483Z] [INFO] Magic-number check passed for rohan_mehta_resume.pdf. Detected: pdf
[2026-08-19T06:14:11.485Z] [INFO] Starting text extraction for type: pdf
[2026-08-19T06:14:11.488Z] [WARN] qpdf repair skipped for C:\Users\admin\Downloads\PDF\uploads\documents-1787120050453-240797783.pdf: spawnSync qpdf ENOENT
[2026-08-19T06:14:11.501Z] [INFO] Extraction complete: 865 characters, 1 pages
[2026-08-19T06:14:11.508Z] [INFO] Magic-number check passed for sunita_rao_resume.pdf. Detected: pdf
[2026-08-19T06:14:11.512Z] [INFO] Starting text extraction for type: pdf
[2026-08-19T06:14:11.524Z] [WARN] qpdf repair skipped for C:\Users\admin\Downloads\PDF\uploads\documents-1787120050453-126532691.pdf: spawnSync qpdf ENOENT
[2026-08-19T06:14:11.532Z] [INFO] Extraction complete: 865 characters, 1 pages
[2026-08-19T06:14:11.538Z] [INFO] Magic-number check passed for vikram_chauhan_resume.pdf. Detected: pdf
[2026-08-19T06:14:11.538Z] [INFO] Starting text extraction for type: pdf
[2026-08-19T06:14:11.543Z] [WARN] qpdf repair skipped for C:\Users\admin\Downloads\PDF\uploads\documents-1787120050453-409356053.pdf: spawnSync qpdf ENOENT
[2026-08-19T06:14:11.544Z] [WARN] pdf-parse failed for C:\Users\admin\Downloads\PDF\uploads\documents-1787120050453-409356053.pdf (bad XRef entry). Falling back to pdfjs-dist...
[2026-08-19T06:14:11.545Z] [WARN] pdfjs-dist failed for C:\Users\admin\Downloads\PDF\uploads\documents-1787120050453-409356053.pdf (Setting up fake worker failed: "Only URLs with a scheme in: file, data, and node are supported by the default ESM loader. On Windows, absolute paths must be valid file:// URLs. Received protocol 'c:'".). Falling back to OCR...
[2026-08-19T06:14:11.593Z] [INFO] Saved extraction record to Supabase with ID 173 (candidate_id: C1152) for: aditya_verma_resume.pdf
[2026-08-19T06:14:11.606Z] [INFO] Cleaned up temporary file: C:\Users\admin\Downloads\PDF\uploads\documents-1787120050452-867354018.pdf
[2026-08-19T06:14:11.760Z] [ERROR] Extraction failed for meera_iyer_resume.pdf [candidateId=C1157, path=C:\Users\admin\Downloads\PDF\uploads\documents-1787120050453-332866679.pdf, sizeAtFailure=2264 bytes]: OCR fallback failed: Could not execute GraphicsMagick/ImageMagick: gm "identify" "-ping" "-format" "%p" "-" this most likely means the gm/convert binaries can't be found {"stack":"Error: OCR fallback failed: Could not execute GraphicsMagick/ImageMagick: gm \"identify\" \"-ping\" \"-format\" \"%p\" \"-\" this most likely means the gm/convert binaries can't be found\n    at extractWithOcr (C:\\Users\\admin\\Downloads\\PDF\\services\\extractionService.js:237:11)\n    at process.processTicksAndRejections (node:internal/process/task_queues:104:5)\n    at async extractTextFromPdf (C:\\Users\\admin\\Downloads\\PDF\\services\\extractionService.js:190:14)\n    at async extractText (C:\\Users\\admin\\Downloads\\PDF\\services\\extractionService.js:418:14)\n    at async processOneFile (C:\\Users\\admin\\Downloads\\PDF\\controllers\\uploadController.js:186:20)\n    at async Promise.allSettled (index 5)\n    at async uploadDocument (C:\\Users\\admin\\Downloads\\PDF\\controllers\\uploadController.js:75:19)"}
[2026-08-19T06:14:11.804Z] [ERROR] Extraction failed for vikram_chauhan_resume.pdf [candidateId=C1163, path=C:\Users\admin\Downloads\PDF\uploads\documents-1787120050453-409356053.pdf, sizeAtFailure=2317 bytes]: OCR fallback failed: Could not execute GraphicsMagick/ImageMagick: gm "identify" "-ping" "-format" "%p" "-" this most likely means the gm/convert binaries can't be found {"stack":"Error: OCR fallback failed: Could not execute GraphicsMagick/ImageMagick: gm \"identify\" \"-ping\" \"-format\" \"%p\" \"-\" this most likely means the gm/convert binaries can't be found\n    at extractWithOcr (C:\\Users\\admin\\Downloads\\PDF\\services\\extractionService.js:237:11)\n    at process.processTicksAndRejections (node:internal/process/task_queues:104:5)\n    at async extractTextFromPdf (C:\\Users\\admin\\Downloads\\PDF\\services\\extractionService.js:190:14)\n    at async extractText (C:\\Users\\admin\\Downloads\\PDF\\services\\extractionService.js:418:14)\n    at async processOneFile (C:\\Users\\admin\\Downloads\\PDF\\controllers\\uploadController.js:186:20)\n    at async Promise.allSettled (index 11)\n    at async uploadDocument (C:\\Users\\admin\\Downloads\\PDF\\controllers\\uploadController.js:75:19)"}
[2026-08-19T06:14:11.891Z] [INFO] Saved extraction record to Supabase with ID 174 (candidate_id: C1157) for: meera_iyer_resume.pdf
[2026-08-19T06:14:11.894Z] [INFO] Cleaned up temporary file: C:\Users\admin\Downloads\PDF\uploads\documents-1787120050453-332866679.pdf
[2026-08-19T06:14:12.024Z] [INFO] Saved extraction record to Supabase with ID 175 (candidate_id: C1163) for: vikram_chauhan_resume.pdf
[2026-08-19T06:14:12.040Z] [INFO] Cleaned up temporary file: C:\Users\admin\Downloads\PDF\uploads\documents-1787120050453-409356053.pdf
[2026-08-19T06:14:12.524Z] [INFO] Saved extraction record to Supabase with ID 176 (candidate_id: C1156) for: karan_desai_resume.pdf
[2026-08-19T06:14:12.525Z] [INFO] Cleaned up temporary file: C:\Users\admin\Downloads\PDF\uploads\documents-1787120050453-646494230.pdf
[2026-08-19T06:14:12.548Z] [INFO] Cleaned up temporary file: C:\Users\admin\Downloads\PDF\uploads\documents-1787120050453-226256731.pdf
[2026-08-19T06:14:12.577Z] [INFO] Saved extraction record to Supabase with ID 179 (candidate_id: C1153) for: ananya_kapoor_resume.pdf
[2026-08-19T06:14:12.545Z] [INFO] Saved extraction record to Supabase with ID 177 (candidate_id: C1160) for: ritu_sharma_resume.pdf
[2026-08-19T06:14:12.578Z] [INFO] Cleaned up temporary file: C:\Users\admin\Downloads\PDF\uploads\documents-1787120050452-670327176.pdf
[2026-08-19T06:14:12.584Z] [INFO] Saved extraction record to Supabase with ID 178 (candidate_id: C1161) for: rohan_mehta_resume.pdf
[2026-08-19T06:14:12.588Z] [INFO] Cleaned up temporary file: C:\Users\admin\Downloads\PDF\uploads\documents-1787120050453-240797783.pdf
[2026-08-19T06:14:12.602Z] [INFO] Saved extraction record to Supabase with ID 181 (candidate_id: C1159) for: priya_nair_resume.pdf
[2026-08-19T06:14:12.594Z] [INFO] Cleaned up temporary file: C:\Users\admin\Downloads\PDF\uploads\documents-1787120050453-126532691.pdf
[2026-08-19T06:14:12.589Z] [INFO] Saved extraction record to Supabase with ID 180 (candidate_id: C1162) for: sunita_rao_resume.pdf
[2026-08-19T06:14:12.610Z] [INFO] Saved extraction record to Supabase with ID 182 (candidate_id: C1155) for: ishaan_bhatt_resume.pdf
[2026-08-19T06:14:12.603Z] [INFO] Cleaned up temporary file: C:\Users\admin\Downloads\PDF\uploads\documents-1787120050453-194665362.pdf
[2026-08-19T06:14:12.612Z] [INFO] Cleaned up temporary file: C:\Users\admin\Downloads\PDF\uploads\documents-1787120050452-900450784.pdf
[2026-08-19T06:14:12.618Z] [INFO] Saved extraction record to Supabase with ID 183 (candidate_id: C1154) for: farhan_sheikh_resume.pdf
[2026-08-19T06:14:12.626Z] [INFO] Cleaned up temporary file: C:\Users\admin\Downloads\PDF\uploads\documents-1787120050452-908424212.pdf
[2026-08-19T06:14:12.639Z] [INFO] Saved extraction record to Supabase with ID 184 (candidate_id: C1158) for: neha_choudhary_resume.pdf
[2026-08-19T06:14:12.643Z] [INFO] Cleaned up temporary file: C:\Users\admin\Downloads\PDF\uploads\documents-1787120050453-56126832.pdf
[2026-08-19T06:17:59.384Z] [INFO] Server is running in production mode on http://localhost:3000
[2026-08-19T06:18:00.225Z] [INFO] Successfully connected to Supabase PostgreSQL database.
[2026-08-19T06:18:00.498Z] [INFO] Database extractions table initialized.
[2026-08-19T06:22:49.949Z] [INFO] Performing magic-number verification for: aditya_verma_resume.pdf
[2026-08-19T06:22:49.949Z] [INFO] Performing magic-number verification for: ananya_kapoor_resume.pdf
[2026-08-19T06:22:49.949Z] [INFO] Performing magic-number verification for: farhan_sheikh_resume.pdf
[2026-08-19T06:22:49.949Z] [INFO] Performing magic-number verification for: ishaan_bhatt_resume.pdf
[2026-08-19T06:22:49.949Z] [INFO] Performing magic-number verification for: karan_desai_resume.pdf
[2026-08-19T06:22:49.949Z] [INFO] Performing magic-number verification for: meera_iyer_resume.pdf
[2026-08-19T06:22:49.950Z] [INFO] Performing magic-number verification for: neha_choudhary_resume.pdf
[2026-08-19T06:22:49.950Z] [INFO] Performing magic-number verification for: priya_nair_resume.pdf
[2026-08-19T06:22:49.950Z] [INFO] Performing magic-number verification for: ritu_sharma_resume.pdf
[2026-08-19T06:22:49.950Z] [INFO] Performing magic-number verification for: rohan_mehta_resume.pdf
[2026-08-19T06:22:49.950Z] [INFO] Performing magic-number verification for: sunita_rao_resume.pdf
[2026-08-19T06:22:49.950Z] [INFO] Performing magic-number verification for: vikram_chauhan_resume.pdf
[2026-08-19T06:22:49.951Z] [INFO] Magic-number check passed for aditya_verma_resume.pdf. Detected: pdf
[2026-08-19T06:22:49.952Z] [INFO] Starting text extraction for type: pdf
[2026-08-19T06:22:49.958Z] [WARN] qpdf repair skipped for C:\Users\admin\Downloads\PDF\uploads\documents-1787120569004-55716444.pdf: spawnSync qpdf ENOENT
[2026-08-19T06:22:50.075Z] [WARN] pdf-parse failed for C:\Users\admin\Downloads\PDF\uploads\documents-1787120569004-55716444.pdf (bad XRef entry). Falling back to pdfjs-dist...
[2026-08-19T06:22:50.422Z] [WARN] pdfjs-dist failed for C:\Users\admin\Downloads\PDF\uploads\documents-1787120569004-55716444.pdf (Setting up fake worker failed: "Only URLs with a scheme in: file, data, and node are supported by the default ESM loader. On Windows, absolute paths must be valid file:// URLs. Received protocol 'c:'".). Falling back to OCR...
[2026-08-19T06:22:50.427Z] [INFO] Magic-number check passed for ananya_kapoor_resume.pdf. Detected: pdf
[2026-08-19T06:22:50.427Z] [INFO] Starting text extraction for type: pdf
[2026-08-19T06:22:50.432Z] [WARN] qpdf repair skipped for C:\Users\admin\Downloads\PDF\uploads\documents-1787120569005-208793535.pdf: spawnSync qpdf ENOENT
[2026-08-19T06:22:50.433Z] [WARN] pdf-parse failed for C:\Users\admin\Downloads\PDF\uploads\documents-1787120569005-208793535.pdf (bad XRef entry). Falling back to pdfjs-dist...
[2026-08-19T06:22:50.434Z] [WARN] pdfjs-dist failed for C:\Users\admin\Downloads\PDF\uploads\documents-1787120569005-208793535.pdf (Setting up fake worker failed: "Only URLs with a scheme in: file, data, and node are supported by the default ESM loader. On Windows, absolute paths must be valid file:// URLs. Received protocol 'c:'".). Falling back to OCR...
[2026-08-19T06:22:50.434Z] [INFO] Magic-number check passed for farhan_sheikh_resume.pdf. Detected: pdf
[2026-08-19T06:22:50.437Z] [INFO] Starting text extraction for type: pdf
[2026-08-19T06:22:50.441Z] [WARN] qpdf repair skipped for C:\Users\admin\Downloads\PDF\uploads\documents-1787120569005-905234797.pdf: spawnSync qpdf ENOENT
[2026-08-19T06:22:50.442Z] [WARN] pdf-parse failed for C:\Users\admin\Downloads\PDF\uploads\documents-1787120569005-905234797.pdf (bad XRef entry). Falling back to pdfjs-dist...
[2026-08-19T06:22:50.442Z] [WARN] pdfjs-dist failed for C:\Users\admin\Downloads\PDF\uploads\documents-1787120569005-905234797.pdf (Setting up fake worker failed: "Only URLs with a scheme in: file, data, and node are supported by the default ESM loader. On Windows, absolute paths must be valid file:// URLs. Received protocol 'c:'".). Falling back to OCR...
[2026-08-19T06:22:50.443Z] [INFO] Magic-number check passed for ishaan_bhatt_resume.pdf. Detected: pdf
[2026-08-19T06:22:50.445Z] [INFO] Starting text extraction for type: pdf
[2026-08-19T06:22:50.450Z] [WARN] qpdf repair skipped for C:\Users\admin\Downloads\PDF\uploads\documents-1787120569005-968612450.pdf: spawnSync qpdf ENOENT
[2026-08-19T06:22:50.451Z] [WARN] pdf-parse failed for C:\Users\admin\Downloads\PDF\uploads\documents-1787120569005-968612450.pdf (bad XRef entry). Falling back to pdfjs-dist...
[2026-08-19T06:22:50.451Z] [WARN] pdfjs-dist failed for C:\Users\admin\Downloads\PDF\uploads\documents-1787120569005-968612450.pdf (Setting up fake worker failed: "Only URLs with a scheme in: file, data, and node are supported by the default ESM loader. On Windows, absolute paths must be valid file:// URLs. Received protocol 'c:'".). Falling back to OCR...
[2026-08-19T06:22:50.453Z] [INFO] Magic-number check passed for karan_desai_resume.pdf. Detected: pdf
[2026-08-19T06:22:50.453Z] [INFO] Starting text extraction for type: pdf
[2026-08-19T06:22:50.458Z] [WARN] qpdf repair skipped for C:\Users\admin\Downloads\PDF\uploads\documents-1787120569005-388801629.pdf: spawnSync qpdf ENOENT
[2026-08-19T06:22:50.522Z] [INFO] Extraction complete: 690 characters, 1 pages
[2026-08-19T06:22:50.529Z] [INFO] Magic-number check passed for meera_iyer_resume.pdf. Detected: pdf
[2026-08-19T06:22:50.536Z] [WARN] pdfjs-dist failed for C:\Users\admin\Downloads\PDF\uploads\documents-1787120569005-318299981.pdf (Setting up fake worker failed: "Only URLs with a scheme in: file, data, and node are supported by the default ESM loader. On Windows, absolute paths must be valid file:// URLs. Received protocol 'c:'".). Falling back to OCR...
[2026-08-19T06:22:50.536Z] [WARN] pdf-parse failed for C:\Users\admin\Downloads\PDF\uploads\documents-1787120569005-318299981.pdf (bad XRef entry). Falling back to pdfjs-dist...
[2026-08-19T06:22:50.537Z] [INFO] Magic-number check passed for neha_choudhary_resume.pdf. Detected: pdf
[2026-08-19T06:22:50.537Z] [INFO] Starting text extraction for type: pdf
[2026-08-19T06:22:50.541Z] [WARN] qpdf repair skipped for C:\Users\admin\Downloads\PDF\uploads\documents-1787120569006-994086242.pdf: spawnSync qpdf ENOENT
[2026-08-19T06:22:50.557Z] [INFO] Extraction complete: 828 characters, 1 pages
[2026-08-19T06:22:50.559Z] [INFO] Magic-number check passed for priya_nair_resume.pdf. Detected: pdf
[2026-08-19T06:22:50.559Z] [INFO] Starting text extraction for type: pdf
[2026-08-19T06:22:50.564Z] [WARN] qpdf repair skipped for C:\Users\admin\Downloads\PDF\uploads\documents-1787120569006-370952957.pdf: spawnSync qpdf ENOENT
[2026-08-19T06:22:50.598Z] [INFO] Extraction complete: 980 characters, 1 pages
[2026-08-19T06:22:50.600Z] [INFO] Magic-number check passed for ritu_sharma_resume.pdf. Detected: pdf
[2026-08-19T06:22:50.601Z] [INFO] Starting text extraction for type: pdf
[2026-08-19T06:22:50.608Z] [WARN] qpdf repair skipped for C:\Users\admin\Downloads\PDF\uploads\documents-1787120569006-30298430.pdf: spawnSync qpdf ENOENT
[2026-08-19T06:22:50.624Z] [INFO] Extraction complete: 830 characters, 1 pages
[2026-08-19T06:22:50.626Z] [INFO] Magic-number check passed for rohan_mehta_resume.pdf. Detected: pdf
[2026-08-19T06:22:50.627Z] [INFO] Starting text extraction for type: pdf
[2026-08-19T06:22:50.632Z] [WARN] qpdf repair skipped for C:\Users\admin\Downloads\PDF\uploads\documents-1787120569006-28912350.pdf: spawnSync qpdf ENOENT
[2026-08-19T06:22:50.641Z] [INFO] Extraction complete: 865 characters, 1 pages
[2026-08-19T06:22:50.643Z] [INFO] Magic-number check passed for sunita_rao_resume.pdf. Detected: pdf
[2026-08-19T06:22:50.644Z] [INFO] Starting text extraction for type: pdf
[2026-08-19T06:22:50.529Z] [INFO] Starting text extraction for type: pdf
[2026-08-19T06:22:50.654Z] [WARN] qpdf repair skipped for C:\Users\admin\Downloads\PDF\uploads\documents-1787120569007-901008713.pdf: spawnSync qpdf ENOENT
[2026-08-19T06:22:50.664Z] [INFO] Extraction complete: 947 characters, 1 pages
[2026-08-19T06:22:50.667Z] [INFO] Magic-number check passed for vikram_chauhan_resume.pdf. Detected: pdf
[2026-08-19T06:22:50.667Z] [INFO] Starting text extraction for type: pdf
[2026-08-19T06:22:50.671Z] [WARN] qpdf repair skipped for C:\Users\admin\Downloads\PDF\uploads\documents-1787120569007-597346243.pdf: spawnSync qpdf ENOENT
[2026-08-19T06:22:50.677Z] [INFO] Extraction complete: 672 characters, 1 pages
[2026-08-19T06:22:50.718Z] [INFO] Saved extraction record to Supabase with ID 185 (candidate_id: C1168) for: karan_desai_resume.pdf
[2026-08-19T06:22:50.772Z] [INFO] Cleaned up temporary file: C:\Users\admin\Downloads\PDF\uploads\documents-1787120569005-388801629.pdf
[2026-08-19T06:22:50.534Z] [WARN] qpdf repair skipped for C:\Users\admin\Downloads\PDF\uploads\documents-1787120569005-318299981.pdf: spawnSync qpdf ENOENT
[2026-08-19T06:22:51.110Z] [WARN] Transient error on attempt 1 for C:\Users\admin\Downloads\PDF\uploads\documents-1787120569004-55716444.pdf: OCR fallback failed: Could not execute GraphicsMagick/ImageMagick: gm "identify" "-ping" "-format" "%p" "-" this most likely means the gm/convert binaries can't be found. Retrying in 300ms...
[2026-08-19T06:22:51.111Z] [WARN] Transient error on attempt 1 for C:\Users\admin\Downloads\PDF\uploads\documents-1787120569005-208793535.pdf: OCR fallback failed: Could not execute GraphicsMagick/ImageMagick: gm "identify" "-ping" "-format" "%p" "-" this most likely means the gm/convert binaries can't be found. Retrying in 300ms...
[2026-08-19T06:22:51.111Z] [WARN] Transient error on attempt 1 for C:\Users\admin\Downloads\PDF\uploads\documents-1787120569005-905234797.pdf: OCR fallback failed: Could not execute GraphicsMagick/ImageMagick: gm "identify" "-ping" "-format" "%p" "-" this most likely means the gm/convert binaries can't be found. Retrying in 300ms...
[2026-08-19T06:22:51.127Z] [WARN] Transient error on attempt 1 for C:\Users\admin\Downloads\PDF\uploads\documents-1787120569005-318299981.pdf: OCR fallback failed: Could not execute GraphicsMagick/ImageMagick: gm "identify" "-ping" "-format" "%p" "-" this most likely means the gm/convert binaries can't be found. Retrying in 300ms...
[2026-08-19T06:22:51.156Z] [WARN] Transient error on attempt 1 for C:\Users\admin\Downloads\PDF\uploads\documents-1787120569005-968612450.pdf: OCR fallback failed: Could not execute GraphicsMagick/ImageMagick: gm "identify" "-ping" "-format" "%p" "-" this most likely means the gm/convert binaries can't be found. Retrying in 300ms...
[2026-08-19T06:22:51.411Z] [INFO] Starting text extraction for type: pdf
[2026-08-19T06:22:51.415Z] [WARN] qpdf repair skipped for C:\Users\admin\Downloads\PDF\uploads\documents-1787120569004-55716444.pdf: spawnSync qpdf ENOENT
[2026-08-19T06:22:51.419Z] [INFO] Extraction complete: 760 characters, 1 pages
[2026-08-19T06:22:51.420Z] [INFO] Starting text extraction for type: pdf
[2026-08-19T06:22:51.424Z] [WARN] qpdf repair skipped for C:\Users\admin\Downloads\PDF\uploads\documents-1787120569005-208793535.pdf: spawnSync qpdf ENOENT
[2026-08-19T06:22:51.424Z] [WARN] pdf-parse failed for C:\Users\admin\Downloads\PDF\uploads\documents-1787120569005-208793535.pdf (bad XRef entry). Falling back to pdfjs-dist...
[2026-08-19T06:22:51.425Z] [WARN] pdfjs-dist failed for C:\Users\admin\Downloads\PDF\uploads\documents-1787120569005-208793535.pdf (Setting up fake worker failed: "Only URLs with a scheme in: file, data, and node are supported by the default ESM loader. On Windows, absolute paths must be valid file:// URLs. Received protocol 'c:'".). Falling back to OCR...
[2026-08-19T06:22:51.425Z] [INFO] Starting text extraction for type: pdf
[2026-08-19T06:22:51.429Z] [WARN] qpdf repair skipped for C:\Users\admin\Downloads\PDF\uploads\documents-1787120569005-905234797.pdf: spawnSync qpdf ENOENT
[2026-08-19T06:22:51.434Z] [INFO] Extraction complete: 741 characters, 1 pages
[2026-08-19T06:22:51.434Z] [INFO] Starting text extraction for type: pdf
[2026-08-19T06:22:51.438Z] [WARN] qpdf repair skipped for C:\Users\admin\Downloads\PDF\uploads\documents-1787120569005-318299981.pdf: spawnSync qpdf ENOENT
[2026-08-19T06:22:51.443Z] [INFO] Extraction complete: 599 characters, 1 pages
[2026-08-19T06:22:51.465Z] [INFO] Starting text extraction for type: pdf
[2026-08-19T06:22:51.468Z] [WARN] qpdf repair skipped for C:\Users\admin\Downloads\PDF\uploads\documents-1787120569005-968612450.pdf: spawnSync qpdf ENOENT
[2026-08-19T06:22:51.469Z] [WARN] pdf-parse failed for C:\Users\admin\Downloads\PDF\uploads\documents-1787120569005-968612450.pdf (Illegal character: 41). Falling back to pdfjs-dist...
[2026-08-19T06:22:51.470Z] [WARN] pdfjs-dist failed for C:\Users\admin\Downloads\PDF\uploads\documents-1787120569005-968612450.pdf (Setting up fake worker failed: "Only URLs with a scheme in: file, data, and node are supported by the default ESM loader. On Windows, absolute paths must be valid file:// URLs. Received protocol 'c:'".). Falling back to OCR...
[2026-08-19T06:22:51.653Z] [INFO] Saved extraction record to Supabase with ID 186 (candidate_id: C1164) for: aditya_verma_resume.pdf
[2026-08-19T06:22:51.654Z] [INFO] Cleaned up temporary file: C:\Users\admin\Downloads\PDF\uploads\documents-1787120569004-55716444.pdf
[2026-08-19T06:22:51.882Z] [WARN] Transient error on attempt 2 for C:\Users\admin\Downloads\PDF\uploads\documents-1787120569005-968612450.pdf: OCR fallback failed: Could not execute GraphicsMagick/ImageMagick: gm "identify" "-ping" "-format" "%p" "-" this most likely means the gm/convert binaries can't be found. Retrying in 800ms...
[2026-08-19T06:22:51.883Z] [WARN] Transient error on attempt 2 for C:\Users\admin\Downloads\PDF\uploads\documents-1787120569005-208793535.pdf: OCR fallback failed: Could not execute GraphicsMagick/ImageMagick: gm "identify" "-ping" "-format" "%p" "-" this most likely means the gm/convert binaries can't be found. Retrying in 800ms...
[2026-08-19T06:22:52.175Z] [INFO] Saved extraction record to Supabase with ID 187 (candidate_id: C1172) for: ritu_sharma_resume.pdf
[2026-08-19T06:22:52.176Z] [INFO] Cleaned up temporary file: C:\Users\admin\Downloads\PDF\uploads\documents-1787120569006-30298430.pdf
[2026-08-19T06:22:52.202Z] [INFO] Saved extraction record to Supabase with ID 189 (candidate_id: C1175) for: vikram_chauhan_resume.pdf
[2026-08-19T06:22:52.203Z] [INFO] Cleaned up temporary file: C:\Users\admin\Downloads\PDF\uploads\documents-1787120569007-597346243.pdf
[2026-08-19T06:22:52.203Z] [INFO] Cleaned up temporary file: C:\Users\admin\Downloads\PDF\uploads\documents-1787120569006-28912350.pdf
[2026-08-19T06:22:52.204Z] [INFO] Cleaned up temporary file: C:\Users\admin\Downloads\PDF\uploads\documents-1787120569006-370952957.pdf
[2026-08-19T06:22:52.204Z] [INFO] Saved extraction record to Supabase with ID 191 (candidate_id: C1174) for: sunita_rao_resume.pdf
[2026-08-19T06:22:52.205Z] [INFO] Cleaned up temporary file: C:\Users\admin\Downloads\PDF\uploads\documents-1787120569007-901008713.pdf
[2026-08-19T06:22:52.205Z] [INFO] Saved extraction record to Supabase with ID 188 (candidate_id: C1170) for: neha_choudhary_resume.pdf
[2026-08-19T06:22:52.203Z] [INFO] Saved extraction record to Supabase with ID 190 (candidate_id: C1173) for: rohan_mehta_resume.pdf
[2026-08-19T06:22:52.204Z] [INFO] Saved extraction record to Supabase with ID 192 (candidate_id: C1171) for: priya_nair_resume.pdf
[2026-08-19T06:22:52.205Z] [INFO] Cleaned up temporary file: C:\Users\admin\Downloads\PDF\uploads\documents-1787120569006-994086242.pdf
[2026-08-19T06:22:52.403Z] [INFO] Saved extraction record to Supabase with ID 193 (candidate_id: C1169) for: meera_iyer_resume.pdf
[2026-08-19T06:22:52.403Z] [INFO] Cleaned up temporary file: C:\Users\admin\Downloads\PDF\uploads\documents-1787120569005-318299981.pdf
[2026-08-19T06:22:52.427Z] [INFO] Saved extraction record to Supabase with ID 194 (candidate_id: C1166) for: farhan_sheikh_resume.pdf
[2026-08-19T06:22:52.428Z] [INFO] Cleaned up temporary file: C:\Users\admin\Downloads\PDF\uploads\documents-1787120569005-905234797.pdf
[2026-08-19T06:22:52.684Z] [INFO] Starting text extraction for type: pdf
[2026-08-19T06:22:52.688Z] [WARN] qpdf repair skipped for C:\Users\admin\Downloads\PDF\uploads\documents-1787120569005-968612450.pdf: spawnSync qpdf ENOENT
[2026-08-19T06:22:52.689Z] [WARN] pdf-parse failed for C:\Users\admin\Downloads\PDF\uploads\documents-1787120569005-968612450.pdf (bad XRef entry). Falling back to pdfjs-dist...
[2026-08-19T06:22:52.690Z] [WARN] pdfjs-dist failed for C:\Users\admin\Downloads\PDF\uploads\documents-1787120569005-968612450.pdf (Setting up fake worker failed: "Only URLs with a scheme in: file, data, and node are supported by the default ESM loader. On Windows, absolute paths must be valid file:// URLs. Received protocol 'c:'".). Falling back to OCR...
[2026-08-19T06:22:52.690Z] [INFO] Starting text extraction for type: pdf
[2026-08-19T06:22:52.694Z] [WARN] qpdf repair skipped for C:\Users\admin\Downloads\PDF\uploads\documents-1787120569005-208793535.pdf: spawnSync qpdf ENOENT
[2026-08-19T06:22:52.701Z] [INFO] Extraction complete: 1082 characters, 1 pages
[2026-08-19T06:22:52.784Z] [ERROR] Extraction failed for ishaan_bhatt_resume.pdf [candidateId=C1167, path=C:\Users\admin\Downloads\PDF\uploads\documents-1787120569005-968612450.pdf, sizeAtFailure=2436 bytes]: OCR fallback failed: Could not execute GraphicsMagick/ImageMagick: gm "identify" "-ping" "-format" "%p" "-" this most likely means the gm/convert binaries can't be found {"stack":"Error: OCR fallback failed: Could not execute GraphicsMagick/ImageMagick: gm \"identify\" \"-ping\" \"-format\" \"%p\" \"-\" this most likely means the gm/convert binaries can't be found\n    at extractWithOcr (C:\\Users\\admin\\Downloads\\PDF\\services\\extractionService.js:237:11)\n    at process.processTicksAndRejections (node:internal/process/task_queues:104:5)\n    at async extractTextFromPdf (C:\\Users\\admin\\Downloads\\PDF\\services\\extractionService.js:190:14)\n    at async extractText (C:\\Users\\admin\\Downloads\\PDF\\services\\extractionService.js:418:14)\n    at async C:\\Users\\admin\\Downloads\\PDF\\controllers\\uploadController.js:224:16\n    at async withTransientRetry (C:\\Users\\admin\\Downloads\\PDF\\controllers\\uploadController.js:104:14)\n    at async processOneFile (C:\\Users\\admin\\Downloads\\PDF\\controllers\\uploadController.js:223:20)\n    at async Promise.allSettled (index 3)\n    at async uploadDocument (C:\\Users\\admin\\Downloads\\PDF\\controllers\\uploadController.js:75:19)"}
[2026-08-19T06:22:52.831Z] [INFO] Saved extraction record to Supabase with ID 195 (candidate_id: C1165) for: ananya_kapoor_resume.pdf
[2026-08-19T06:22:52.832Z] [INFO] Cleaned up temporary file: C:\Users\admin\Downloads\PDF\uploads\documents-1787120569005-208793535.pdf
[2026-08-19T06:22:52.909Z] [INFO] Saved extraction record to Supabase with ID 196 (candidate_id: C1167) for: ishaan_bhatt_resume.pdf
[2026-08-19T06:22:52.910Z] [INFO] Cleaned up temporary file: C:\Users\admin\Downloads\PDF\uploads\documents-1787120569005-968612450.pdf
[2026-08-19T06:30:18.186Z] [INFO] Server is running in production mode on http://localhost:3000
[2026-08-19T06:30:19.013Z] [INFO] Successfully connected to Supabase PostgreSQL database.
[2026-08-19T06:30:19.290Z] [INFO] Database extractions table initialized.
[2026-08-19T06:31:32.231Z] [INFO] FORCE_SEQUENTIAL_PROCESSING is ON. Processing batch sequentially...
[2026-08-19T06:31:32.232Z] [INFO] Performing magic-number verification for: aditya_verma_resume.pdf
[2026-08-19T06:31:32.233Z] [INFO] Magic-number check passed for aditya_verma_resume.pdf. Detected: pdf
[2026-08-19T06:31:32.233Z] [INFO] Starting text extraction for type: pdf
[2026-08-19T06:31:32.239Z] [WARN] qpdf repair skipped for C:\Users\admin\Downloads\PDF\uploads\documents-1787121091246-249328423.pdf: spawnSync qpdf ENOENT
[2026-08-19T06:31:32.423Z] [INFO] Extraction complete: 760 characters, 1 pages
[2026-08-19T06:31:32.574Z] [INFO] Saved extraction record to Supabase with ID 197 (candidate_id: C1176) for: aditya_verma_resume.pdf
[2026-08-19T06:31:32.575Z] [INFO] Performing magic-number verification for: ananya_kapoor_resume.pdf
[2026-08-19T06:31:32.576Z] [INFO] Magic-number check passed for ananya_kapoor_resume.pdf. Detected: pdf
[2026-08-19T06:31:32.584Z] [WARN] qpdf repair skipped for C:\Users\admin\Downloads\PDF\uploads\documents-1787121091246-227043853.pdf: spawnSync qpdf ENOENT
[2026-08-19T06:31:32.575Z] [INFO] Cleaned up temporary file: C:\Users\admin\Downloads\PDF\uploads\documents-1787121091246-249328423.pdf
[2026-08-19T06:31:33.067Z] [WARN] pdfjs-dist failed for C:\Users\admin\Downloads\PDF\uploads\documents-1787121091246-227043853.pdf (Setting up fake worker failed: "Only URLs with a scheme in: file, data, and node are supported by the default ESM loader. On Windows, absolute paths must be valid file:// URLs. Received protocol 'c:'".). Falling back to OCR...
[2026-08-19T06:31:32.576Z] [INFO] Starting text extraction for type: pdf
[2026-08-19T06:31:32.586Z] [WARN] pdf-parse failed for C:\Users\admin\Downloads\PDF\uploads\documents-1787121091246-227043853.pdf (bad XRef entry). Falling back to pdfjs-dist...
[2026-08-19T06:31:33.354Z] [WARN] Transient error on attempt 1 for C:\Users\admin\Downloads\PDF\uploads\documents-1787121091246-227043853.pdf: OCR fallback failed: Could not execute GraphicsMagick/ImageMagick: gm "identify" "-ping" "-format" "%p" "-" this most likely means the gm/convert binaries can't be found. Retrying in 300ms...
[2026-08-19T06:31:33.663Z] [INFO] Starting text extraction for type: pdf
[2026-08-19T06:31:33.667Z] [WARN] qpdf repair skipped for C:\Users\admin\Downloads\PDF\uploads\documents-1787121091246-227043853.pdf: spawnSync qpdf ENOENT
[2026-08-19T06:31:33.668Z] [WARN] pdf-parse failed for C:\Users\admin\Downloads\PDF\uploads\documents-1787121091246-227043853.pdf (bad XRef entry). Falling back to pdfjs-dist...
[2026-08-19T06:31:33.669Z] [WARN] pdfjs-dist failed for C:\Users\admin\Downloads\PDF\uploads\documents-1787121091246-227043853.pdf (Setting up fake worker failed: "Only URLs with a scheme in: file, data, and node are supported by the default ESM loader. On Windows, absolute paths must be valid file:// URLs. Received protocol 'c:'".). Falling back to OCR...
[2026-08-19T06:31:33.745Z] [WARN] Transient error on attempt 2 for C:\Users\admin\Downloads\PDF\uploads\documents-1787121091246-227043853.pdf: OCR fallback failed: Could not execute GraphicsMagick/ImageMagick: gm "identify" "-ping" "-format" "%p" "-" this most likely means the gm/convert binaries can't be found. Retrying in 800ms...
[2026-08-19T06:31:34.551Z] [INFO] Starting text extraction for type: pdf
[2026-08-19T06:31:34.556Z] [WARN] qpdf repair skipped for C:\Users\admin\Downloads\PDF\uploads\documents-1787121091246-227043853.pdf: spawnSync qpdf ENOENT
[2026-08-19T06:31:34.557Z] [WARN] pdf-parse failed for C:\Users\admin\Downloads\PDF\uploads\documents-1787121091246-227043853.pdf (bad XRef entry). Falling back to pdfjs-dist...
[2026-08-19T06:31:34.557Z] [WARN] pdfjs-dist failed for C:\Users\admin\Downloads\PDF\uploads\documents-1787121091246-227043853.pdf (Setting up fake worker failed: "Only URLs with a scheme in: file, data, and node are supported by the default ESM loader. On Windows, absolute paths must be valid file:// URLs. Received protocol 'c:'".). Falling back to OCR...
[2026-08-19T06:31:34.663Z] [ERROR] Extraction failed for ananya_kapoor_resume.pdf [candidateId=C1177, path=C:\Users\admin\Downloads\PDF\uploads\documents-1787121091246-227043853.pdf, sizeAtFailure=2710 bytes]: OCR fallback failed: Could not execute GraphicsMagick/ImageMagick: gm "identify" "-ping" "-format" "%p" "-" this most likely means the gm/convert binaries can't be found {"stack":"Error: OCR fallback failed: Could not execute GraphicsMagick/ImageMagick: gm \"identify\" \"-ping\" \"-format\" \"%p\" \"-\" this most likely means the gm/convert binaries can't be found\n    at extractWithOcr (C:\\Users\\admin\\Downloads\\PDF\\services\\extractionService.js:237:11)\n    at process.processTicksAndRejections (node:internal/process/task_queues:104:5)\n    at async extractTextFromPdf (C:\\Users\\admin\\Downloads\\PDF\\services\\extractionService.js:190:14)\n    at async extractText (C:\\Users\\admin\\Downloads\\PDF\\services\\extractionService.js:418:14)\n    at async C:\\Users\\admin\\Downloads\\PDF\\controllers\\uploadController.js:244:16\n    at async withTransientRetry (C:\\Users\\admin\\Downloads\\PDF\\controllers\\uploadController.js:124:14)\n    at async processOneFile (C:\\Users\\admin\\Downloads\\PDF\\controllers\\uploadController.js:243:20)\n    at async uploadDocument (C:\\Users\\admin\\Downloads\\PDF\\controllers\\uploadController.js:82:24)"}
[2026-08-19T06:31:34.799Z] [INFO] Saved extraction record to Supabase with ID 198 (candidate_id: C1177) for: ananya_kapoor_resume.pdf
[2026-08-19T06:31:34.800Z] [INFO] Cleaned up temporary file: C:\Users\admin\Downloads\PDF\uploads\documents-1787121091246-227043853.pdf
[2026-08-19T06:31:34.800Z] [INFO] Starting text extraction for type: pdf
[2026-08-19T06:31:34.804Z] [WARN] qpdf repair skipped for C:\Users\admin\Downloads\PDF\uploads\documents-1787121091246-430094531.pdf: spawnSync qpdf ENOENT
[2026-08-19T06:31:34.800Z] [INFO] Performing magic-number verification for: farhan_sheikh_resume.pdf
[2026-08-19T06:31:34.800Z] [INFO] Magic-number check passed for farhan_sheikh_resume.pdf. Detected: pdf
[2026-08-19T06:31:34.813Z] [INFO] Extraction complete: 741 characters, 1 pages
[2026-08-19T06:31:34.950Z] [INFO] Saved extraction record to Supabase with ID 199 (candidate_id: C1178) for: farhan_sheikh_resume.pdf
[2026-08-19T06:31:34.952Z] [INFO] Magic-number check passed for ishaan_bhatt_resume.pdf. Detected: pdf
[2026-08-19T06:31:34.951Z] [INFO] Cleaned up temporary file: C:\Users\admin\Downloads\PDF\uploads\documents-1787121091246-430094531.pdf
[2026-08-19T06:31:34.951Z] [INFO] Performing magic-number verification for: ishaan_bhatt_resume.pdf
[2026-08-19T06:31:34.952Z] [INFO] Starting text extraction for type: pdf
[2026-08-19T06:31:34.956Z] [WARN] qpdf repair skipped for C:\Users\admin\Downloads\PDF\uploads\documents-1787121091247-285612597.pdf: spawnSync qpdf ENOENT
[2026-08-19T06:31:34.957Z] [WARN] pdfjs-dist failed for C:\Users\admin\Downloads\PDF\uploads\documents-1787121091247-285612597.pdf (Setting up fake worker failed: "Only URLs with a scheme in: file, data, and node are supported by the default ESM loader. On Windows, absolute paths must be valid file:// URLs. Received protocol 'c:'".). Falling back to OCR...
[2026-08-19T06:31:34.957Z] [WARN] pdf-parse failed for C:\Users\admin\Downloads\PDF\uploads\documents-1787121091247-285612597.pdf (bad XRef entry). Falling back to pdfjs-dist...
[2026-08-19T06:31:35.022Z] [WARN] Transient error on attempt 1 for C:\Users\admin\Downloads\PDF\uploads\documents-1787121091247-285612597.pdf: OCR fallback failed: Could not execute GraphicsMagick/ImageMagick: gm "identify" "-ping" "-format" "%p" "-" this most likely means the gm/convert binaries can't be found. Retrying in 300ms...
[2026-08-19T06:31:35.329Z] [INFO] Starting text extraction for type: pdf
[2026-08-19T06:31:35.333Z] [WARN] qpdf repair skipped for C:\Users\admin\Downloads\PDF\uploads\documents-1787121091247-285612597.pdf: spawnSync qpdf ENOENT
[2026-08-19T06:31:35.334Z] [WARN] pdf-parse failed for C:\Users\admin\Downloads\PDF\uploads\documents-1787121091247-285612597.pdf (bad XRef entry). Falling back to pdfjs-dist...
[2026-08-19T06:31:35.334Z] [WARN] pdfjs-dist failed for C:\Users\admin\Downloads\PDF\uploads\documents-1787121091247-285612597.pdf (Setting up fake worker failed: "Only URLs with a scheme in: file, data, and node are supported by the default ESM loader. On Windows, absolute paths must be valid file:// URLs. Received protocol 'c:'".). Falling back to OCR...
[2026-08-19T06:31:35.395Z] [WARN] Transient error on attempt 2 for C:\Users\admin\Downloads\PDF\uploads\documents-1787121091247-285612597.pdf: OCR fallback failed: Could not execute GraphicsMagick/ImageMagick: gm "identify" "-ping" "-format" "%p" "-" this most likely means the gm/convert binaries can't be found. Retrying in 800ms...
[2026-08-19T06:31:36.200Z] [INFO] Starting text extraction for type: pdf
[2026-08-19T06:31:36.204Z] [WARN] qpdf repair skipped for C:\Users\admin\Downloads\PDF\uploads\documents-1787121091247-285612597.pdf: spawnSync qpdf ENOENT
[2026-08-19T06:31:36.205Z] [WARN] pdf-parse failed for C:\Users\admin\Downloads\PDF\uploads\documents-1787121091247-285612597.pdf (bad XRef entry). Falling back to pdfjs-dist...
[2026-08-19T06:31:36.206Z] [WARN] pdfjs-dist failed for C:\Users\admin\Downloads\PDF\uploads\documents-1787121091247-285612597.pdf (Setting up fake worker failed: "Only URLs with a scheme in: file, data, and node are supported by the default ESM loader. On Windows, absolute paths must be valid file:// URLs. Received protocol 'c:'".). Falling back to OCR...
[2026-08-19T06:31:36.277Z] [ERROR] Extraction failed for ishaan_bhatt_resume.pdf [candidateId=C1179, path=C:\Users\admin\Downloads\PDF\uploads\documents-1787121091247-285612597.pdf, sizeAtFailure=2436 bytes]: OCR fallback failed: Could not execute GraphicsMagick/ImageMagick: gm "identify" "-ping" "-format" "%p" "-" this most likely means the gm/convert binaries can't be found {"stack":"Error: OCR fallback failed: Could not execute GraphicsMagick/ImageMagick: gm \"identify\" \"-ping\" \"-format\" \"%p\" \"-\" this most likely means the gm/convert binaries can't be found\n    at extractWithOcr (C:\\Users\\admin\\Downloads\\PDF\\services\\extractionService.js:237:11)\n    at process.processTicksAndRejections (node:internal/process/task_queues:104:5)\n    at async extractTextFromPdf (C:\\Users\\admin\\Downloads\\PDF\\services\\extractionService.js:190:14)\n    at async extractText (C:\\Users\\admin\\Downloads\\PDF\\services\\extractionService.js:418:14)\n    at async C:\\Users\\admin\\Downloads\\PDF\\controllers\\uploadController.js:244:16\n    at async withTransientRetry (C:\\Users\\admin\\Downloads\\PDF\\controllers\\uploadController.js:124:14)\n    at async processOneFile (C:\\Users\\admin\\Downloads\\PDF\\controllers\\uploadController.js:243:20)\n    at async uploadDocument (C:\\Users\\admin\\Downloads\\PDF\\controllers\\uploadController.js:82:24)"}
[2026-08-19T06:31:36.419Z] [INFO] Saved extraction record to Supabase with ID 200 (candidate_id: C1179) for: ishaan_bhatt_resume.pdf
[2026-08-19T06:31:36.420Z] [INFO] Cleaned up temporary file: C:\Users\admin\Downloads\PDF\uploads\documents-1787121091247-285612597.pdf
[2026-08-19T06:31:36.420Z] [INFO] Performing magic-number verification for: karan_desai_resume.pdf
[2026-08-19T06:31:36.420Z] [INFO] Starting text extraction for type: pdf
[2026-08-19T06:31:36.420Z] [INFO] Magic-number check passed for karan_desai_resume.pdf. Detected: pdf
[2026-08-19T06:31:36.424Z] [WARN] qpdf repair skipped for C:\Users\admin\Downloads\PDF\uploads\documents-1787121091247-588768565.pdf: spawnSync qpdf ENOENT
[2026-08-19T06:31:36.431Z] [INFO] Extraction complete: 690 characters, 1 pages
[2026-08-19T06:31:36.575Z] [INFO] Saved extraction record to Supabase with ID 201 (candidate_id: C1180) for: karan_desai_resume.pdf
[2026-08-19T06:31:36.577Z] [INFO] Starting text extraction for type: pdf
[2026-08-19T06:31:36.576Z] [INFO] Cleaned up temporary file: C:\Users\admin\Downloads\PDF\uploads\documents-1787121091247-588768565.pdf
[2026-08-19T06:31:36.576Z] [INFO] Magic-number check passed for meera_iyer_resume.pdf. Detected: pdf
[2026-08-19T06:31:36.576Z] [INFO] Performing magic-number verification for: meera_iyer_resume.pdf
[2026-08-19T06:31:36.580Z] [WARN] qpdf repair skipped for C:\Users\admin\Downloads\PDF\uploads\documents-1787121091247-338648741.pdf: spawnSync qpdf ENOENT
[2026-08-19T06:31:36.582Z] [WARN] pdf-parse failed for C:\Users\admin\Downloads\PDF\uploads\documents-1787121091247-338648741.pdf (bad XRef entry). Falling back to pdfjs-dist...
[2026-08-19T06:31:36.582Z] [WARN] pdfjs-dist failed for C:\Users\admin\Downloads\PDF\uploads\documents-1787121091247-338648741.pdf (Setting up fake worker failed: "Only URLs with a scheme in: file, data, and node are supported by the default ESM loader. On Windows, absolute paths must be valid file:// URLs. Received protocol 'c:'".). Falling back to OCR...
[2026-08-19T06:31:36.657Z] [WARN] Transient error on attempt 1 for C:\Users\admin\Downloads\PDF\uploads\documents-1787121091247-338648741.pdf: OCR fallback failed: Could not execute GraphicsMagick/ImageMagick: gm "identify" "-ping" "-format" "%p" "-" this most likely means the gm/convert binaries can't be found. Retrying in 300ms...
[2026-08-19T06:31:36.962Z] [INFO] Starting text extraction for type: pdf
[2026-08-19T06:31:36.966Z] [WARN] qpdf repair skipped for C:\Users\admin\Downloads\PDF\uploads\documents-1787121091247-338648741.pdf: spawnSync qpdf ENOENT
[2026-08-19T06:31:36.967Z] [WARN] pdfjs-dist failed for C:\Users\admin\Downloads\PDF\uploads\documents-1787121091247-338648741.pdf (Setting up fake worker failed: "Only URLs with a scheme in: file, data, and node are supported by the default ESM loader. On Windows, absolute paths must be valid file:// URLs. Received protocol 'c:'".). Falling back to OCR...
[2026-08-19T06:31:36.967Z] [WARN] pdf-parse failed for C:\Users\admin\Downloads\PDF\uploads\documents-1787121091247-338648741.pdf (bad XRef entry). Falling back to pdfjs-dist...
[2026-08-19T06:31:37.036Z] [WARN] Transient error on attempt 2 for C:\Users\admin\Downloads\PDF\uploads\documents-1787121091247-338648741.pdf: OCR fallback failed: Could not execute GraphicsMagick/ImageMagick: gm "identify" "-ping" "-format" "%p" "-" this most likely means the gm/convert binaries can't be found. Retrying in 800ms...
[2026-08-19T06:31:37.848Z] [INFO] Starting text extraction for type: pdf
[2026-08-19T06:31:37.853Z] [WARN] qpdf repair skipped for C:\Users\admin\Downloads\PDF\uploads\documents-1787121091247-338648741.pdf: spawnSync qpdf ENOENT
[2026-08-19T06:31:37.854Z] [WARN] pdfjs-dist failed for C:\Users\admin\Downloads\PDF\uploads\documents-1787121091247-338648741.pdf (Setting up fake worker failed: "Only URLs with a scheme in: file, data, and node are supported by the default ESM loader. On Windows, absolute paths must be valid file:// URLs. Received protocol 'c:'".). Falling back to OCR...
[2026-08-19T06:31:37.854Z] [WARN] pdf-parse failed for C:\Users\admin\Downloads\PDF\uploads\documents-1787121091247-338648741.pdf (bad XRef entry). Falling back to pdfjs-dist...
[2026-08-19T06:31:37.919Z] [ERROR] Extraction failed for meera_iyer_resume.pdf [candidateId=C1181, path=C:\Users\admin\Downloads\PDF\uploads\documents-1787121091247-338648741.pdf, sizeAtFailure=2264 bytes]: OCR fallback failed: Could not execute GraphicsMagick/ImageMagick: gm "identify" "-ping" "-format" "%p" "-" this most likely means the gm/convert binaries can't be found {"stack":"Error: OCR fallback failed: Could not execute GraphicsMagick/ImageMagick: gm \"identify\" \"-ping\" \"-format\" \"%p\" \"-\" this most likely means the gm/convert binaries can't be found\n    at extractWithOcr (C:\\Users\\admin\\Downloads\\PDF\\services\\extractionService.js:237:11)\n    at process.processTicksAndRejections (node:internal/process/task_queues:104:5)\n    at async extractTextFromPdf (C:\\Users\\admin\\Downloads\\PDF\\services\\extractionService.js:190:14)\n    at async extractText (C:\\Users\\admin\\Downloads\\PDF\\services\\extractionService.js:418:14)\n    at async C:\\Users\\admin\\Downloads\\PDF\\controllers\\uploadController.js:244:16\n    at async withTransientRetry (C:\\Users\\admin\\Downloads\\PDF\\controllers\\uploadController.js:124:14)\n    at async processOneFile (C:\\Users\\admin\\Downloads\\PDF\\controllers\\uploadController.js:243:20)\n    at async uploadDocument (C:\\Users\\admin\\Downloads\\PDF\\controllers\\uploadController.js:82:24)"}
[2026-08-19T06:31:38.058Z] [INFO] Saved extraction record to Supabase with ID 202 (candidate_id: C1181) for: meera_iyer_resume.pdf
[2026-08-19T06:31:38.058Z] [INFO] Cleaned up temporary file: C:\Users\admin\Downloads\PDF\uploads\documents-1787121091247-338648741.pdf
[2026-08-19T06:31:38.058Z] [INFO] Performing magic-number verification for: neha_choudhary_resume.pdf
[2026-08-19T06:31:38.059Z] [INFO] Magic-number check passed for neha_choudhary_resume.pdf. Detected: pdf
[2026-08-19T06:31:38.059Z] [INFO] Starting text extraction for type: pdf
[2026-08-19T06:31:38.063Z] [WARN] qpdf repair skipped for C:\Users\admin\Downloads\PDF\uploads\documents-1787121091247-795212989.pdf: spawnSync qpdf ENOENT
[2026-08-19T06:31:38.070Z] [INFO] Extraction complete: 828 characters, 1 pages
[2026-08-19T06:31:38.212Z] [INFO] Saved extraction record to Supabase with ID 203 (candidate_id: C1182) for: neha_choudhary_resume.pdf
[2026-08-19T06:31:38.213Z] [INFO] Cleaned up temporary file: C:\Users\admin\Downloads\PDF\uploads\documents-1787121091247-795212989.pdf
[2026-08-19T06:31:38.213Z] [INFO] Performing magic-number verification for: priya_nair_resume.pdf
[2026-08-19T06:31:38.214Z] [INFO] Magic-number check passed for priya_nair_resume.pdf. Detected: pdf
[2026-08-19T06:31:38.214Z] [INFO] Starting text extraction for type: pdf
[2026-08-19T06:31:38.218Z] [WARN] qpdf repair skipped for C:\Users\admin\Downloads\PDF\uploads\documents-1787121091248-230450470.pdf: spawnSync qpdf ENOENT
[2026-08-19T06:31:38.224Z] [INFO] Extraction complete: 980 characters, 1 pages
[2026-08-19T06:31:38.376Z] [INFO] Saved extraction record to Supabase with ID 204 (candidate_id: C1183) for: priya_nair_resume.pdf
[2026-08-19T06:31:38.377Z] [INFO] Cleaned up temporary file: C:\Users\admin\Downloads\PDF\uploads\documents-1787121091248-230450470.pdf
[2026-08-19T06:31:38.378Z] [INFO] Magic-number check passed for ritu_sharma_resume.pdf. Detected: pdf
[2026-08-19T06:31:38.378Z] [INFO] Starting text extraction for type: pdf
[2026-08-19T06:31:38.381Z] [WARN] qpdf repair skipped for C:\Users\admin\Downloads\PDF\uploads\documents-1787121091248-526343044.pdf: spawnSync qpdf ENOENT
[2026-08-19T06:31:38.382Z] [WARN] pdf-parse failed for C:\Users\admin\Downloads\PDF\uploads\documents-1787121091248-526343044.pdf (bad XRef entry). Falling back to pdfjs-dist...
[2026-08-19T06:31:38.383Z] [WARN] pdfjs-dist failed for C:\Users\admin\Downloads\PDF\uploads\documents-1787121091248-526343044.pdf (Setting up fake worker failed: "Only URLs with a scheme in: file, data, and node are supported by the default ESM loader. On Windows, absolute paths must be valid file:// URLs. Received protocol 'c:'".). Falling back to OCR...
[2026-08-19T06:31:38.377Z] [INFO] Performing magic-number verification for: ritu_sharma_resume.pdf
[2026-08-19T06:31:38.502Z] [WARN] Transient error on attempt 1 for C:\Users\admin\Downloads\PDF\uploads\documents-1787121091248-526343044.pdf: OCR fallback failed: Could not execute GraphicsMagick/ImageMagick: gm "identify" "-ping" "-format" "%p" "-" this most likely means the gm/convert binaries can't be found. Retrying in 300ms...
[2026-08-19T06:31:38.811Z] [INFO] Starting text extraction for type: pdf
[2026-08-19T06:31:38.816Z] [WARN] qpdf repair skipped for C:\Users\admin\Downloads\PDF\uploads\documents-1787121091248-526343044.pdf: spawnSync qpdf ENOENT
[2026-08-19T06:31:38.821Z] [INFO] Extraction complete: 830 characters, 1 pages
[2026-08-19T06:31:38.956Z] [INFO] Saved extraction record to Supabase with ID 205 (candidate_id: C1184) for: ritu_sharma_resume.pdf
[2026-08-19T06:31:38.957Z] [INFO] Cleaned up temporary file: C:\Users\admin\Downloads\PDF\uploads\documents-1787121091248-526343044.pdf
[2026-08-19T06:31:38.957Z] [INFO] Performing magic-number verification for: rohan_mehta_resume.pdf
[2026-08-19T06:31:38.957Z] [INFO] Magic-number check passed for rohan_mehta_resume.pdf. Detected: pdf
[2026-08-19T06:31:38.957Z] [INFO] Starting text extraction for type: pdf
[2026-08-19T06:31:38.963Z] [WARN] pdfjs-dist failed for C:\Users\admin\Downloads\PDF\uploads\documents-1787121091248-35029376.pdf (Setting up fake worker failed: "Only URLs with a scheme in: file, data, and node are supported by the default ESM loader. On Windows, absolute paths must be valid file:// URLs. Received protocol 'c:'".). Falling back to OCR...
[2026-08-19T06:31:38.962Z] [WARN] pdf-parse failed for C:\Users\admin\Downloads\PDF\uploads\documents-1787121091248-35029376.pdf (bad XRef entry). Falling back to pdfjs-dist...
[2026-08-19T06:31:38.961Z] [WARN] qpdf repair skipped for C:\Users\admin\Downloads\PDF\uploads\documents-1787121091248-35029376.pdf: spawnSync qpdf ENOENT
[2026-08-19T06:31:39.033Z] [WARN] Transient error on attempt 1 for C:\Users\admin\Downloads\PDF\uploads\documents-1787121091248-35029376.pdf: OCR fallback failed: Could not execute GraphicsMagick/ImageMagick: gm "identify" "-ping" "-format" "%p" "-" this most likely means the gm/convert binaries can't be found. Retrying in 300ms...
[2026-08-19T06:31:39.336Z] [INFO] Starting text extraction for type: pdf
[2026-08-19T06:31:39.341Z] [WARN] qpdf repair skipped for C:\Users\admin\Downloads\PDF\uploads\documents-1787121091248-35029376.pdf: spawnSync qpdf ENOENT
[2026-08-19T06:31:39.342Z] [WARN] pdf-parse failed for C:\Users\admin\Downloads\PDF\uploads\documents-1787121091248-35029376.pdf (bad XRef entry). Falling back to pdfjs-dist...
[2026-08-19T06:31:39.342Z] [WARN] pdfjs-dist failed for C:\Users\admin\Downloads\PDF\uploads\documents-1787121091248-35029376.pdf (Setting up fake worker failed: "Only URLs with a scheme in: file, data, and node are supported by the default ESM loader. On Windows, absolute paths must be valid file:// URLs. Received protocol 'c:'".). Falling back to OCR...
[2026-08-19T06:31:39.420Z] [WARN] Transient error on attempt 2 for C:\Users\admin\Downloads\PDF\uploads\documents-1787121091248-35029376.pdf: OCR fallback failed: Could not execute GraphicsMagick/ImageMagick: gm "identify" "-ping" "-format" "%p" "-" this most likely means the gm/convert binaries can't be found. Retrying in 800ms...
[2026-08-19T06:31:40.222Z] [INFO] Starting text extraction for type: pdf
[2026-08-19T06:31:40.226Z] [WARN] qpdf repair skipped for C:\Users\admin\Downloads\PDF\uploads\documents-1787121091248-35029376.pdf: spawnSync qpdf ENOENT
[2026-08-19T06:31:40.227Z] [WARN] pdf-parse failed for C:\Users\admin\Downloads\PDF\uploads\documents-1787121091248-35029376.pdf (Illegal character: 41). Falling back to pdfjs-dist...
[2026-08-19T06:31:40.227Z] [WARN] pdfjs-dist failed for C:\Users\admin\Downloads\PDF\uploads\documents-1787121091248-35029376.pdf (Setting up fake worker failed: "Only URLs with a scheme in: file, data, and node are supported by the default ESM loader. On Windows, absolute paths must be valid file:// URLs. Received protocol 'c:'".). Falling back to OCR...
[2026-08-19T06:31:40.310Z] [ERROR] Extraction failed for rohan_mehta_resume.pdf [candidateId=C1185, path=C:\Users\admin\Downloads\PDF\uploads\documents-1787121091248-35029376.pdf, sizeAtFailure=2537 bytes]: OCR fallback failed: Could not execute GraphicsMagick/ImageMagick: gm "identify" "-ping" "-format" "%p" "-" this most likely means the gm/convert binaries can't be found {"stack":"Error: OCR fallback failed: Could not execute GraphicsMagick/ImageMagick: gm \"identify\" \"-ping\" \"-format\" \"%p\" \"-\" this most likely means the gm/convert binaries can't be found\n    at extractWithOcr (C:\\Users\\admin\\Downloads\\PDF\\services\\extractionService.js:237:11)\n    at process.processTicksAndRejections (node:internal/process/task_queues:104:5)\n    at async extractTextFromPdf (C:\\Users\\admin\\Downloads\\PDF\\services\\extractionService.js:190:14)\n    at async extractText (C:\\Users\\admin\\Downloads\\PDF\\services\\extractionService.js:418:14)\n    at async C:\\Users\\admin\\Downloads\\PDF\\controllers\\uploadController.js:244:16\n    at async withTransientRetry (C:\\Users\\admin\\Downloads\\PDF\\controllers\\uploadController.js:124:14)\n    at async processOneFile (C:\\Users\\admin\\Downloads\\PDF\\controllers\\uploadController.js:243:20)\n    at async uploadDocument (C:\\Users\\admin\\Downloads\\PDF\\controllers\\uploadController.js:82:24)"}
[2026-08-19T06:31:40.444Z] [INFO] Saved extraction record to Supabase with ID 206 (candidate_id: C1185) for: rohan_mehta_resume.pdf
[2026-08-19T06:31:40.445Z] [INFO] Cleaned up temporary file: C:\Users\admin\Downloads\PDF\uploads\documents-1787121091248-35029376.pdf
[2026-08-19T06:31:40.445Z] [INFO] Performing magic-number verification for: sunita_rao_resume.pdf
[2026-08-19T06:31:40.446Z] [INFO] Starting text extraction for type: pdf
[2026-08-19T06:31:40.445Z] [INFO] Magic-number check passed for sunita_rao_resume.pdf. Detected: pdf
[2026-08-19T06:31:40.450Z] [WARN] qpdf repair skipped for C:\Users\admin\Downloads\PDF\uploads\documents-1787121091248-802848967.pdf: spawnSync qpdf ENOENT
[2026-08-19T06:31:40.455Z] [INFO] Extraction complete: 947 characters, 1 pages
[2026-08-19T06:31:40.595Z] [INFO] Cleaned up temporary file: C:\Users\admin\Downloads\PDF\uploads\documents-1787121091248-802848967.pdf
[2026-08-19T06:31:40.594Z] [INFO] Saved extraction record to Supabase with ID 207 (candidate_id: C1186) for: sunita_rao_resume.pdf
[2026-08-19T06:31:40.595Z] [INFO] Performing magic-number verification for: vikram_chauhan_resume.pdf
[2026-08-19T06:31:40.596Z] [INFO] Magic-number check passed for vikram_chauhan_resume.pdf. Detected: pdf
[2026-08-19T06:31:40.596Z] [INFO] Starting text extraction for type: pdf
[2026-08-19T06:31:40.600Z] [WARN] qpdf repair skipped for C:\Users\admin\Downloads\PDF\uploads\documents-1787121091249-620268864.pdf: spawnSync qpdf ENOENT
[2026-08-19T06:31:40.601Z] [WARN] pdf-parse failed for C:\Users\admin\Downloads\PDF\uploads\documents-1787121091249-620268864.pdf (bad XRef entry). Falling back to pdfjs-dist...
[2026-08-19T06:31:40.602Z] [WARN] pdfjs-dist failed for C:\Users\admin\Downloads\PDF\uploads\documents-1787121091249-620268864.pdf (Setting up fake worker failed: "Only URLs with a scheme in: file, data, and node are supported by the default ESM loader. On Windows, absolute paths must be valid file:// URLs. Received protocol 'c:'".). Falling back to OCR...
[2026-08-19T06:31:40.683Z] [WARN] Transient error on attempt 1 for C:\Users\admin\Downloads\PDF\uploads\documents-1787121091249-620268864.pdf: OCR fallback failed: Could not execute GraphicsMagick/ImageMagick: gm "identify" "-ping" "-format" "%p" "-" this most likely means the gm/convert binaries can't be found. Retrying in 300ms...
[2026-08-19T06:31:40.987Z] [INFO] Starting text extraction for type: pdf
[2026-08-19T06:31:40.991Z] [WARN] qpdf repair skipped for C:\Users\admin\Downloads\PDF\uploads\documents-1787121091249-620268864.pdf: spawnSync qpdf ENOENT
[2026-08-19T06:31:40.992Z] [WARN] pdf-parse failed for C:\Users\admin\Downloads\PDF\uploads\documents-1787121091249-620268864.pdf (bad XRef entry). Falling back to pdfjs-dist...
[2026-08-19T06:31:40.992Z] [WARN] pdfjs-dist failed for C:\Users\admin\Downloads\PDF\uploads\documents-1787121091249-620268864.pdf (Setting up fake worker failed: "Only URLs with a scheme in: file, data, and node are supported by the default ESM loader. On Windows, absolute paths must be valid file:// URLs. Received protocol 'c:'".). Falling back to OCR...
[2026-08-19T06:31:41.077Z] [WARN] Transient error on attempt 2 for C:\Users\admin\Downloads\PDF\uploads\documents-1787121091249-620268864.pdf: OCR fallback failed: Could not execute GraphicsMagick/ImageMagick: gm "identify" "-ping" "-format" "%p" "-" this most likely means the gm/convert binaries can't be found. Retrying in 800ms...
[2026-08-19T06:31:41.889Z] [INFO] Starting text extraction for type: pdf
[2026-08-19T06:31:41.893Z] [WARN] qpdf repair skipped for C:\Users\admin\Downloads\PDF\uploads\documents-1787121091249-620268864.pdf: spawnSync qpdf ENOENT
[2026-08-19T06:31:41.894Z] [WARN] pdf-parse failed for C:\Users\admin\Downloads\PDF\uploads\documents-1787121091249-620268864.pdf (bad XRef entry). Falling back to pdfjs-dist...
[2026-08-19T06:31:41.894Z] [WARN] pdfjs-dist failed for C:\Users\admin\Downloads\PDF\uploads\documents-1787121091249-620268864.pdf (Setting up fake worker failed: "Only URLs with a scheme in: file, data, and node are supported by the default ESM loader. On Windows, absolute paths must be valid file:// URLs. Received protocol 'c:'".). Falling back to OCR...
[2026-08-19T06:31:41.963Z] [ERROR] Extraction failed for vikram_chauhan_resume.pdf [candidateId=C1187, path=C:\Users\admin\Downloads\PDF\uploads\documents-1787121091249-620268864.pdf, sizeAtFailure=2317 bytes]: OCR fallback failed: Could not execute GraphicsMagick/ImageMagick: gm "identify" "-ping" "-format" "%p" "-" this most likely means the gm/convert binaries can't be found {"stack":"Error: OCR fallback failed: Could not execute GraphicsMagick/ImageMagick: gm \"identify\" \"-ping\" \"-format\" \"%p\" \"-\" this most likely means the gm/convert binaries can't be found\n    at extractWithOcr (C:\\Users\\admin\\Downloads\\PDF\\services\\extractionService.js:237:11)\n    at process.processTicksAndRejections (node:internal/process/task_queues:104:5)\n    at async extractTextFromPdf (C:\\Users\\admin\\Downloads\\PDF\\services\\extractionService.js:190:14)\n    at async extractText (C:\\Users\\admin\\Downloads\\PDF\\services\\extractionService.js:418:14)\n    at async C:\\Users\\admin\\Downloads\\PDF\\controllers\\uploadController.js:244:16\n    at async withTransientRetry (C:\\Users\\admin\\Downloads\\PDF\\controllers\\uploadController.js:124:14)\n    at async processOneFile (C:\\Users\\admin\\Downloads\\PDF\\controllers\\uploadController.js:243:20)\n    at async uploadDocument (C:\\Users\\admin\\Downloads\\PDF\\controllers\\uploadController.js:82:24)"}
[2026-08-19T06:31:42.098Z] [INFO] Saved extraction record to Supabase with ID 208 (candidate_id: C1187) for: vikram_chauhan_resume.pdf
[2026-08-19T06:31:42.098Z] [INFO] Cleaned up temporary file: C:\Users\admin\Downloads\PDF\uploads\documents-1787121091249-620268864.pdf
[2026-08-19T06:31:57.790Z] [INFO] Server is running in production mode on http://localhost:3000
[2026-08-19T06:31:58.595Z] [INFO] Successfully connected to Supabase PostgreSQL database.
[2026-08-19T06:31:58.863Z] [INFO] Database extractions table initialized.
[2026-08-19T06:32:58.015Z] [INFO] Performing magic-number verification for: aditya_verma_resume.pdf
[2026-08-19T06:32:58.016Z] [INFO] Performing magic-number verification for: ananya_kapoor_resume.pdf
[2026-08-19T06:32:58.016Z] [INFO] Performing magic-number verification for: farhan_sheikh_resume.pdf
[2026-08-19T06:32:58.016Z] [INFO] Performing magic-number verification for: ishaan_bhatt_resume.pdf
[2026-08-19T06:32:58.016Z] [INFO] Performing magic-number verification for: karan_desai_resume.pdf
[2026-08-19T06:32:58.016Z] [INFO] Performing magic-number verification for: meera_iyer_resume.pdf
[2026-08-19T06:32:58.016Z] [INFO] Performing magic-number verification for: neha_choudhary_resume.pdf
[2026-08-19T06:32:58.017Z] [INFO] Performing magic-number verification for: priya_nair_resume.pdf
[2026-08-19T06:32:58.017Z] [INFO] Performing magic-number verification for: ritu_sharma_resume.pdf
[2026-08-19T06:32:58.017Z] [INFO] Performing magic-number verification for: rohan_mehta_resume.pdf
[2026-08-19T06:32:58.018Z] [INFO] Performing magic-number verification for: sunita_rao_resume.pdf
[2026-08-19T06:32:58.018Z] [INFO] Performing magic-number verification for: vikram_chauhan_resume.pdf
[2026-08-19T06:32:58.020Z] [INFO] Starting text extraction for type: pdf
[2026-08-19T06:32:58.019Z] [INFO] Magic-number check passed for aditya_verma_resume.pdf. Detected: pdf
[2026-08-19T06:32:58.026Z] [WARN] qpdf repair skipped for C:\Users\admin\Downloads\PDF\uploads\documents-1787121176976-240732593.pdf: spawnSync qpdf ENOENT
[2026-08-19T06:32:58.188Z] [INFO] Extraction complete: 760 characters, 1 pages
[2026-08-19T06:32:58.190Z] [INFO] Magic-number check passed for farhan_sheikh_resume.pdf. Detected: pdf
[2026-08-19T06:32:58.190Z] [INFO] Starting text extraction for type: pdf
[2026-08-19T06:32:58.215Z] [WARN] qpdf repair skipped for C:\Users\admin\Downloads\PDF\uploads\documents-1787121176977-400023176.pdf: spawnSync qpdf ENOENT
[2026-08-19T06:32:58.228Z] [INFO] Extraction complete: 741 characters, 1 pages
[2026-08-19T06:32:58.230Z] [INFO] Magic-number check passed for ishaan_bhatt_resume.pdf. Detected: pdf
[2026-08-19T06:32:58.231Z] [INFO] Starting text extraction for type: pdf
[2026-08-19T06:32:58.236Z] [WARN] qpdf repair skipped for C:\Users\admin\Downloads\PDF\uploads\documents-1787121176977-764424369.pdf: spawnSync qpdf ENOENT
[2026-08-19T06:32:58.246Z] [INFO] Extraction complete: 692 characters, 1 pages
[2026-08-19T06:32:58.247Z] [INFO] Magic-number check passed for karan_desai_resume.pdf. Detected: pdf
[2026-08-19T06:32:58.247Z] [INFO] Starting text extraction for type: pdf
[2026-08-19T06:32:58.252Z] [WARN] qpdf repair skipped for C:\Users\admin\Downloads\PDF\uploads\documents-1787121176977-77347840.pdf: spawnSync qpdf ENOENT
[2026-08-19T06:32:58.262Z] [INFO] Extraction complete: 690 characters, 1 pages
[2026-08-19T06:32:58.264Z] [INFO] Magic-number check passed for meera_iyer_resume.pdf. Detected: pdf
[2026-08-19T06:32:58.264Z] [INFO] Starting text extraction for type: pdf
[2026-08-19T06:32:58.271Z] [WARN] pdf-parse failed for C:\Users\admin\Downloads\PDF\uploads\documents-1787121176977-24524312.pdf (bad XRef entry). Falling back to pdfjs-dist...
[2026-08-19T06:32:58.865Z] [WARN] pdfjs-dist failed for C:\Users\admin\Downloads\PDF\uploads\documents-1787121176977-24524312.pdf (Setting up fake worker failed: "Only URLs with a scheme in: file, data, and node are supported by the default ESM loader. On Windows, absolute paths must be valid file:// URLs. Received protocol 'c:'".). Falling back to OCR...
[2026-08-19T06:32:58.867Z] [INFO] Magic-number check passed for neha_choudhary_resume.pdf. Detected: pdf
[2026-08-19T06:32:58.868Z] [INFO] Starting text extraction for type: pdf
[2026-08-19T06:32:58.873Z] [WARN] qpdf repair skipped for C:\Users\admin\Downloads\PDF\uploads\documents-1787121176978-177885797.pdf: spawnSync qpdf ENOENT
[2026-08-19T06:32:58.874Z] [WARN] pdf-parse failed for C:\Users\admin\Downloads\PDF\uploads\documents-1787121176978-177885797.pdf (bad XRef entry). Falling back to pdfjs-dist...
[2026-08-19T06:32:58.875Z] [WARN] pdfjs-dist failed for C:\Users\admin\Downloads\PDF\uploads\documents-1787121176978-177885797.pdf (Setting up fake worker failed: "Only URLs with a scheme in: file, data, and node are supported by the default ESM loader. On Windows, absolute paths must be valid file:// URLs. Received protocol 'c:'".). Falling back to OCR...
[2026-08-19T06:32:58.875Z] [INFO] Magic-number check passed for priya_nair_resume.pdf. Detected: pdf
[2026-08-19T06:32:58.876Z] [INFO] Starting text extraction for type: pdf
[2026-08-19T06:32:58.881Z] [WARN] qpdf repair skipped for C:\Users\admin\Downloads\PDF\uploads\documents-1787121176978-865939136.pdf: spawnSync qpdf ENOENT
[2026-08-19T06:32:58.881Z] [WARN] pdf-parse failed for C:\Users\admin\Downloads\PDF\uploads\documents-1787121176978-865939136.pdf (bad XRef entry). Falling back to pdfjs-dist...
[2026-08-19T06:32:58.882Z] [WARN] pdfjs-dist failed for C:\Users\admin\Downloads\PDF\uploads\documents-1787121176978-865939136.pdf (Setting up fake worker failed: "Only URLs with a scheme in: file, data, and node are supported by the default ESM loader. On Windows, absolute paths must be valid file:// URLs. Received protocol 'c:'".). Falling back to OCR...
[2026-08-19T06:32:58.882Z] [INFO] Magic-number check passed for ritu_sharma_resume.pdf. Detected: pdf
[2026-08-19T06:32:58.883Z] [INFO] Starting text extraction for type: pdf
[2026-08-19T06:32:58.887Z] [WARN] qpdf repair skipped for C:\Users\admin\Downloads\PDF\uploads\documents-1787121176978-34842607.pdf: spawnSync qpdf ENOENT
[2026-08-19T06:32:58.888Z] [WARN] pdf-parse failed for C:\Users\admin\Downloads\PDF\uploads\documents-1787121176978-34842607.pdf (bad XRef entry). Falling back to pdfjs-dist...
[2026-08-19T06:32:58.889Z] [WARN] pdfjs-dist failed for C:\Users\admin\Downloads\PDF\uploads\documents-1787121176978-34842607.pdf (Setting up fake worker failed: "Only URLs with a scheme in: file, data, and node are supported by the default ESM loader. On Windows, absolute paths must be valid file:// URLs. Received protocol 'c:'".). Falling back to OCR...
[2026-08-19T06:32:58.889Z] [INFO] Magic-number check passed for rohan_mehta_resume.pdf. Detected: pdf
[2026-08-19T06:32:58.889Z] [INFO] Starting text extraction for type: pdf
[2026-08-19T06:32:58.894Z] [WARN] qpdf repair skipped for C:\Users\admin\Downloads\PDF\uploads\documents-1787121176978-879212404.pdf: spawnSync qpdf ENOENT
[2026-08-19T06:32:58.895Z] [WARN] pdf-parse failed for C:\Users\admin\Downloads\PDF\uploads\documents-1787121176978-879212404.pdf (bad XRef entry). Falling back to pdfjs-dist...
[2026-08-19T06:32:58.895Z] [WARN] pdfjs-dist failed for C:\Users\admin\Downloads\PDF\uploads\documents-1787121176978-879212404.pdf (Setting up fake worker failed: "Only URLs with a scheme in: file, data, and node are supported by the default ESM loader. On Windows, absolute paths must be valid file:// URLs. Received protocol 'c:'".). Falling back to OCR...
[2026-08-19T06:32:58.895Z] [INFO] Magic-number check passed for sunita_rao_resume.pdf. Detected: pdf
[2026-08-19T06:32:58.895Z] [INFO] Starting text extraction for type: pdf
[2026-08-19T06:32:58.899Z] [WARN] qpdf repair skipped for C:\Users\admin\Downloads\PDF\uploads\documents-1787121176978-815802482.pdf: spawnSync qpdf ENOENT
[2026-08-19T06:32:58.902Z] [WARN] pdf-parse failed for C:\Users\admin\Downloads\PDF\uploads\documents-1787121176978-815802482.pdf (bad XRef entry). Falling back to pdfjs-dist...
[2026-08-19T06:32:58.902Z] [WARN] pdfjs-dist failed for C:\Users\admin\Downloads\PDF\uploads\documents-1787121176978-815802482.pdf (Setting up fake worker failed: "Only URLs with a scheme in: file, data, and node are supported by the default ESM loader. On Windows, absolute paths must be valid file:// URLs. Received protocol 'c:'".). Falling back to OCR...
[2026-08-19T06:32:58.903Z] [INFO] Magic-number check passed for vikram_chauhan_resume.pdf. Detected: pdf
[2026-08-19T06:32:58.903Z] [INFO] Starting text extraction for type: pdf
[2026-08-19T06:32:58.907Z] [WARN] qpdf repair skipped for C:\Users\admin\Downloads\PDF\uploads\documents-1787121176978-325504707.pdf: spawnSync qpdf ENOENT
[2026-08-19T06:32:58.907Z] [WARN] pdf-parse failed for C:\Users\admin\Downloads\PDF\uploads\documents-1787121176978-325504707.pdf (bad XRef entry). Falling back to pdfjs-dist...
[2026-08-19T06:32:58.908Z] [WARN] pdfjs-dist failed for C:\Users\admin\Downloads\PDF\uploads\documents-1787121176978-325504707.pdf (Setting up fake worker failed: "Only URLs with a scheme in: file, data, and node are supported by the default ESM loader. On Windows, absolute paths must be valid file:// URLs. Received protocol 'c:'".). Falling back to OCR...
[2026-08-19T06:32:58.908Z] [INFO] Magic-number check passed for ananya_kapoor_resume.pdf. Detected: pdf
[2026-08-19T06:32:58.912Z] [INFO] Starting text extraction for type: pdf
[2026-08-19T06:32:58.916Z] [WARN] pdf-parse failed for C:\Users\admin\Downloads\PDF\uploads\documents-1787121176977-772522320.pdf (bad XRef entry). Falling back to pdfjs-dist...
[2026-08-19T06:32:58.916Z] [WARN] qpdf repair skipped for C:\Users\admin\Downloads\PDF\uploads\documents-1787121176977-772522320.pdf: spawnSync qpdf ENOENT
[2026-08-19T06:32:58.917Z] [WARN] pdfjs-dist failed for C:\Users\admin\Downloads\PDF\uploads\documents-1787121176977-772522320.pdf (Setting up fake worker failed: "Only URLs with a scheme in: file, data, and node are supported by the default ESM loader. On Windows, absolute paths must be valid file:// URLs. Received protocol 'c:'".). Falling back to OCR...
[2026-08-19T06:32:58.269Z] [WARN] qpdf repair skipped for C:\Users\admin\Downloads\PDF\uploads\documents-1787121176977-24524312.pdf: spawnSync qpdf ENOENT
[2026-08-19T06:32:58.920Z] [INFO] Saved extraction record to Supabase with ID 209 (candidate_id: C1188) for: aditya_verma_resume.pdf
[2026-08-19T06:32:58.921Z] [INFO] Cleaned up temporary file: C:\Users\admin\Downloads\PDF\uploads\documents-1787121176976-240732593.pdf
[2026-08-19T06:32:59.524Z] [ERROR] Extraction failed for neha_choudhary_resume.pdf [candidateId=C1194, path=C:\Users\admin\Downloads\PDF\uploads\documents-1787121176978-177885797.pdf, sizeAtFailure=2594 bytes]: OCR fallback failed: Could not execute GraphicsMagick/ImageMagick: gm "identify" "-ping" "-format" "%p" "-" this most likely means the gm/convert binaries can't be found {"stack":"Error: OCR fallback failed: Could not execute GraphicsMagick/ImageMagick: gm \"identify\" \"-ping\" \"-format\" \"%p\" \"-\" this most likely means the gm/convert binaries can't be found\n    at extractWithOcr (C:\\Users\\admin\\Downloads\\PDF\\services\\extractionService.js:237:11)\n    at process.processTicksAndRejections (node:internal/process/task_queues:104:5)\n    at async extractTextFromPdf (C:\\Users\\admin\\Downloads\\PDF\\services\\extractionService.js:190:14)\n    at async extractText (C:\\Users\\admin\\Downloads\\PDF\\services\\extractionService.js:418:14)\n    at async processOneFile (C:\\Users\\admin\\Downloads\\PDF\\controllers\\uploadController.js:186:20)\n    at async Promise.allSettled (index 6)\n    at async uploadDocument (C:\\Users\\admin\\Downloads\\PDF\\controllers\\uploadController.js:75:19)"}
[2026-08-19T06:32:59.525Z] [ERROR] Extraction failed for priya_nair_resume.pdf [candidateId=C1195, path=C:\Users\admin\Downloads\PDF\uploads\documents-1787121176978-865939136.pdf, sizeAtFailure=2734 bytes]: OCR fallback failed: Could not execute GraphicsMagick/ImageMagick: gm "identify" "-ping" "-format" "%p" "-" this most likely means the gm/convert binaries can't be found {"stack":"Error: OCR fallback failed: Could not execute GraphicsMagick/ImageMagick: gm \"identify\" \"-ping\" \"-format\" \"%p\" \"-\" this most likely means the gm/convert binaries can't be found\n    at extractWithOcr (C:\\Users\\admin\\Downloads\\PDF\\services\\extractionService.js:237:11)\n    at process.processTicksAndRejections (node:internal/process/task_queues:104:5)\n    at async extractTextFromPdf (C:\\Users\\admin\\Downloads\\PDF\\services\\extractionService.js:190:14)\n    at async extractText (C:\\Users\\admin\\Downloads\\PDF\\services\\extractionService.js:418:14)\n    at async processOneFile (C:\\Users\\admin\\Downloads\\PDF\\controllers\\uploadController.js:186:20)\n    at async Promise.allSettled (index 7)\n    at async uploadDocument (C:\\Users\\admin\\Downloads\\PDF\\controllers\\uploadController.js:75:19)"}
[2026-08-19T06:32:59.526Z] [ERROR] Extraction failed for ritu_sharma_resume.pdf [candidateId=C1196, path=C:\Users\admin\Downloads\PDF\uploads\documents-1787121176978-34842607.pdf, sizeAtFailure=2552 bytes]: OCR fallback failed: Could not execute GraphicsMagick/ImageMagick: gm "identify" "-ping" "-format" "%p" "-" this most likely means the gm/convert binaries can't be found {"stack":"Error: OCR fallback failed: Could not execute GraphicsMagick/ImageMagick: gm \"identify\" \"-ping\" \"-format\" \"%p\" \"-\" this most likely means the gm/convert binaries can't be found\n    at extractWithOcr (C:\\Users\\admin\\Downloads\\PDF\\services\\extractionService.js:237:11)\n    at process.processTicksAndRejections (node:internal/process/task_queues:104:5)\n    at async extractTextFromPdf (C:\\Users\\admin\\Downloads\\PDF\\services\\extractionService.js:190:14)\n    at async extractText (C:\\Users\\admin\\Downloads\\PDF\\services\\extractionService.js:418:14)\n    at async processOneFile (C:\\Users\\admin\\Downloads\\PDF\\controllers\\uploadController.js:186:20)\n    at async Promise.allSettled (index 8)\n    at async uploadDocument (C:\\Users\\admin\\Downloads\\PDF\\controllers\\uploadController.js:75:19)"}
[2026-08-19T06:32:59.527Z] [ERROR] Extraction failed for rohan_mehta_resume.pdf [candidateId=C1197, path=C:\Users\admin\Downloads\PDF\uploads\documents-1787121176978-879212404.pdf, sizeAtFailure=2537 bytes]: OCR fallback failed: Could not execute GraphicsMagick/ImageMagick: gm "identify" "-ping" "-format" "%p" "-" this most likely means the gm/convert binaries can't be found {"stack":"Error: OCR fallback failed: Could not execute GraphicsMagick/ImageMagick: gm \"identify\" \"-ping\" \"-format\" \"%p\" \"-\" this most likely means the gm/convert binaries can't be found\n    at extractWithOcr (C:\\Users\\admin\\Downloads\\PDF\\services\\extractionService.js:237:11)\n    at process.processTicksAndRejections (node:internal/process/task_queues:104:5)\n    at async extractTextFromPdf (C:\\Users\\admin\\Downloads\\PDF\\services\\extractionService.js:190:14)\n    at async extractText (C:\\Users\\admin\\Downloads\\PDF\\services\\extractionService.js:418:14)\n    at async processOneFile (C:\\Users\\admin\\Downloads\\PDF\\controllers\\uploadController.js:186:20)\n    at async Promise.allSettled (index 9)\n    at async uploadDocument (C:\\Users\\admin\\Downloads\\PDF\\controllers\\uploadController.js:75:19)"}
[2026-08-19T06:32:59.528Z] [ERROR] Extraction failed for meera_iyer_resume.pdf [candidateId=C1193, path=C:\Users\admin\Downloads\PDF\uploads\documents-1787121176977-24524312.pdf, sizeAtFailure=2264 bytes]: OCR fallback failed: Could not execute GraphicsMagick/ImageMagick: gm "identify" "-ping" "-format" "%p" "-" this most likely means the gm/convert binaries can't be found {"stack":"Error: OCR fallback failed: Could not execute GraphicsMagick/ImageMagick: gm \"identify\" \"-ping\" \"-format\" \"%p\" \"-\" this most likely means the gm/convert binaries can't be found\n    at extractWithOcr (C:\\Users\\admin\\Downloads\\PDF\\services\\extractionService.js:237:11)\n    at process.processTicksAndRejections (node:internal/process/task_queues:104:5)\n    at async extractTextFromPdf (C:\\Users\\admin\\Downloads\\PDF\\services\\extractionService.js:190:14)\n    at async extractText (C:\\Users\\admin\\Downloads\\PDF\\services\\extractionService.js:418:14)\n    at async processOneFile (C:\\Users\\admin\\Downloads\\PDF\\controllers\\uploadController.js:186:20)\n    at async Promise.allSettled (index 5)\n    at async uploadDocument (C:\\Users\\admin\\Downloads\\PDF\\controllers\\uploadController.js:75:19)"}
[2026-08-19T06:32:59.552Z] [ERROR] Extraction failed for vikram_chauhan_resume.pdf [candidateId=C1199, path=C:\Users\admin\Downloads\PDF\uploads\documents-1787121176978-325504707.pdf, sizeAtFailure=2317 bytes]: OCR fallback failed: Could not execute GraphicsMagick/ImageMagick: gm "identify" "-ping" "-format" "%p" "-" this most likely means the gm/convert binaries can't be found {"stack":"Error: OCR fallback failed: Could not execute GraphicsMagick/ImageMagick: gm \"identify\" \"-ping\" \"-format\" \"%p\" \"-\" this most likely means the gm/convert binaries can't be found\n    at extractWithOcr (C:\\Users\\admin\\Downloads\\PDF\\services\\extractionService.js:237:11)\n    at process.processTicksAndRejections (node:internal/process/task_queues:104:5)\n    at async extractTextFromPdf (C:\\Users\\admin\\Downloads\\PDF\\services\\extractionService.js:190:14)\n    at async extractText (C:\\Users\\admin\\Downloads\\PDF\\services\\extractionService.js:418:14)\n    at async processOneFile (C:\\Users\\admin\\Downloads\\PDF\\controllers\\uploadController.js:186:20)\n    at async Promise.allSettled (index 11)\n    at async uploadDocument (C:\\Users\\admin\\Downloads\\PDF\\controllers\\uploadController.js:75:19)"}
[2026-08-19T06:32:59.552Z] [ERROR] Extraction failed for sunita_rao_resume.pdf [candidateId=C1198, path=C:\Users\admin\Downloads\PDF\uploads\documents-1787121176978-815802482.pdf, sizeAtFailure=2560 bytes]: OCR fallback failed: Could not execute GraphicsMagick/ImageMagick: gm "identify" "-ping" "-format" "%p" "-" this most likely means the gm/convert binaries can't be found {"stack":"Error: OCR fallback failed: Could not execute GraphicsMagick/ImageMagick: gm \"identify\" \"-ping\" \"-format\" \"%p\" \"-\" this most likely means the gm/convert binaries can't be found\n    at extractWithOcr (C:\\Users\\admin\\Downloads\\PDF\\services\\extractionService.js:237:11)\n    at process.processTicksAndRejections (node:internal/process/task_queues:104:5)\n    at async extractTextFromPdf (C:\\Users\\admin\\Downloads\\PDF\\services\\extractionService.js:190:14)\n    at async extractText (C:\\Users\\admin\\Downloads\\PDF\\services\\extractionService.js:418:14)\n    at async processOneFile (C:\\Users\\admin\\Downloads\\PDF\\controllers\\uploadController.js:186:20)\n    at async Promise.allSettled (index 10)\n    at async uploadDocument (C:\\Users\\admin\\Downloads\\PDF\\controllers\\uploadController.js:75:19)"}
[2026-08-19T06:32:59.568Z] [ERROR] Extraction failed for ananya_kapoor_resume.pdf [candidateId=C1189, path=C:\Users\admin\Downloads\PDF\uploads\documents-1787121176977-772522320.pdf, sizeAtFailure=2710 bytes]: OCR fallback failed: Could not execute GraphicsMagick/ImageMagick: gm "identify" "-ping" "-format" "%p" "-" this most likely means the gm/convert binaries can't be found {"stack":"Error: OCR fallback failed: Could not execute GraphicsMagick/ImageMagick: gm \"identify\" \"-ping\" \"-format\" \"%p\" \"-\" this most likely means the gm/convert binaries can't be found\n    at extractWithOcr (C:\\Users\\admin\\Downloads\\PDF\\services\\extractionService.js:237:11)\n    at process.processTicksAndRejections (node:internal/process/task_queues:104:5)\n    at async extractTextFromPdf (C:\\Users\\admin\\Downloads\\PDF\\services\\extractionService.js:190:14)\n    at async extractText (C:\\Users\\admin\\Downloads\\PDF\\services\\extractionService.js:418:14)\n    at async processOneFile (C:\\Users\\admin\\Downloads\\PDF\\controllers\\uploadController.js:186:20)\n    at async Promise.allSettled (index 1)\n    at async uploadDocument (C:\\Users\\admin\\Downloads\\PDF\\controllers\\uploadController.js:75:19)"}
[2026-08-19T06:32:59.670Z] [INFO] Saved extraction record to Supabase with ID 210 (candidate_id: C1194) for: neha_choudhary_resume.pdf
[2026-08-19T06:32:59.671Z] [INFO] Cleaned up temporary file: C:\Users\admin\Downloads\PDF\uploads\documents-1787121176978-177885797.pdf
[2026-08-19T06:32:59.814Z] [INFO] Saved extraction record to Supabase with ID 211 (candidate_id: C1189) for: ananya_kapoor_resume.pdf
[2026-08-19T06:32:59.815Z] [INFO] Cleaned up temporary file: C:\Users\admin\Downloads\PDF\uploads\documents-1787121176977-772522320.pdf
[2026-08-19T06:33:00.338Z] [INFO] Saved extraction record to Supabase with ID 212 (candidate_id: C1192) for: karan_desai_resume.pdf
[2026-08-19T06:33:00.339Z] [INFO] Cleaned up temporary file: C:\Users\admin\Downloads\PDF\uploads\documents-1787121176977-77347840.pdf
[2026-08-19T06:33:00.353Z] [INFO] Saved extraction record to Supabase with ID 213 (candidate_id: C1190) for: farhan_sheikh_resume.pdf
[2026-08-19T06:33:00.354Z] [INFO] Cleaned up temporary file: C:\Users\admin\Downloads\PDF\uploads\documents-1787121176977-400023176.pdf
[2026-08-19T06:33:00.463Z] [INFO] Saved extraction record to Supabase with ID 214 (candidate_id: C1195) for: priya_nair_resume.pdf
[2026-08-19T06:33:00.464Z] [INFO] Cleaned up temporary file: C:\Users\admin\Downloads\PDF\uploads\documents-1787121176978-865939136.pdf
[2026-08-19T06:33:00.484Z] [INFO] Saved extraction record to Supabase with ID 215 (candidate_id: C1197) for: rohan_mehta_resume.pdf
[2026-08-19T06:33:00.485Z] [INFO] Cleaned up temporary file: C:\Users\admin\Downloads\PDF\uploads\documents-1787121176978-879212404.pdf
[2026-08-19T06:33:00.507Z] [INFO] Saved extraction record to Supabase with ID 216 (candidate_id: C1199) for: vikram_chauhan_resume.pdf
[2026-08-19T06:33:00.508Z] [INFO] Cleaned up temporary file: C:\Users\admin\Downloads\PDF\uploads\documents-1787121176978-325504707.pdf
[2026-08-19T06:33:00.508Z] [INFO] Saved extraction record to Supabase with ID 217 (candidate_id: C1191) for: ishaan_bhatt_resume.pdf
[2026-08-19T06:33:00.508Z] [INFO] Cleaned up temporary file: C:\Users\admin\Downloads\PDF\uploads\documents-1787121176977-764424369.pdf
[2026-08-19T06:33:00.519Z] [INFO] Saved extraction record to Supabase with ID 218 (candidate_id: C1193) for: meera_iyer_resume.pdf
[2026-08-19T06:33:00.520Z] [INFO] Cleaned up temporary file: C:\Users\admin\Downloads\PDF\uploads\documents-1787121176977-24524312.pdf
[2026-08-19T06:33:00.538Z] [INFO] Saved extraction record to Supabase with ID 219 (candidate_id: C1196) for: ritu_sharma_resume.pdf
[2026-08-19T06:33:00.538Z] [INFO] Cleaned up temporary file: C:\Users\admin\Downloads\PDF\uploads\documents-1787121176978-34842607.pdf
[2026-08-19T06:33:00.934Z] [INFO] Saved extraction record to Supabase with ID 220 (candidate_id: C1198) for: sunita_rao_resume.pdf
[2026-08-19T06:33:00.934Z] [INFO] Cleaned up temporary file: C:\Users\admin\Downloads\PDF\uploads\documents-1787121176978-815802482.pdf
[2026-08-19T06:34:13.049Z] [INFO] Server is running in production mode on http://localhost:3000
[2026-08-19T06:34:13.850Z] [INFO] Successfully connected to Supabase PostgreSQL database.
[2026-08-19T06:34:14.107Z] [INFO] Database extractions table initialized.
[2026-08-19T06:34:31.727Z] [INFO] Server is running in production mode on http://localhost:3000
[2026-08-19T06:34:31.730Z] [INFO] Running pdfjs-dist fallback self-test...
[2026-08-19T06:34:32.610Z] [INFO] ✅ pdfjs-dist fallback self-test passed successfully.
[2026-08-19T06:34:33.417Z] [INFO] Successfully connected to Supabase PostgreSQL database.
[2026-08-19T06:34:33.677Z] [INFO] Database extractions table initialized.
[2026-08-19T06:35:02.129Z] [INFO] Performing magic-number verification for: aditya_verma_resume.pdf
[2026-08-19T06:35:02.129Z] [INFO] Performing magic-number verification for: ananya_kapoor_resume.pdf
[2026-08-19T06:35:02.129Z] [INFO] Performing magic-number verification for: farhan_sheikh_resume.pdf
[2026-08-19T06:35:02.129Z] [INFO] Performing magic-number verification for: ishaan_bhatt_resume.pdf
[2026-08-19T06:35:02.129Z] [INFO] Performing magic-number verification for: karan_desai_resume.pdf
[2026-08-19T06:35:02.130Z] [INFO] Performing magic-number verification for: neha_choudhary_resume.pdf
[2026-08-19T06:35:02.130Z] [INFO] Performing magic-number verification for: priya_nair_resume.pdf
[2026-08-19T06:35:02.130Z] [INFO] Performing magic-number verification for: meera_iyer_resume.pdf
[2026-08-19T06:35:02.130Z] [INFO] Performing magic-number verification for: ritu_sharma_resume.pdf
[2026-08-19T06:35:02.130Z] [INFO] Performing magic-number verification for: rohan_mehta_resume.pdf
[2026-08-19T06:35:02.130Z] [INFO] Performing magic-number verification for: vikram_chauhan_resume.pdf
[2026-08-19T06:35:02.130Z] [INFO] Performing magic-number verification for: sunita_rao_resume.pdf
[2026-08-19T06:35:02.131Z] [INFO] Magic-number check passed for aditya_verma_resume.pdf. Detected: pdf
[2026-08-19T06:35:02.132Z] [INFO] Starting text extraction for type: pdf
[2026-08-19T06:35:02.138Z] [WARN] qpdf repair skipped for C:\Users\admin\Downloads\PDF\uploads\documents-1787121301180-943934639.pdf: spawnSync qpdf ENOENT
[2026-08-19T06:35:02.180Z] [INFO] Magic-number check passed for ananya_kapoor_resume.pdf. Detected: pdf
[2026-08-19T06:35:02.180Z] [INFO] Starting text extraction for type: pdf
[2026-08-19T06:35:02.184Z] [WARN] qpdf repair skipped for C:\Users\admin\Downloads\PDF\uploads\documents-1787121301181-167233081.pdf: spawnSync qpdf ENOENT
[2026-08-19T06:35:02.185Z] [INFO] Magic-number check passed for farhan_sheikh_resume.pdf. Detected: pdf
[2026-08-19T06:35:02.185Z] [INFO] Starting text extraction for type: pdf
[2026-08-19T06:35:02.189Z] [WARN] qpdf repair skipped for C:\Users\admin\Downloads\PDF\uploads\documents-1787121301181-731360838.pdf: spawnSync qpdf ENOENT
[2026-08-19T06:35:02.190Z] [INFO] Magic-number check passed for ishaan_bhatt_resume.pdf. Detected: pdf
[2026-08-19T06:35:02.190Z] [INFO] Starting text extraction for type: pdf
[2026-08-19T06:35:02.194Z] [WARN] qpdf repair skipped for C:\Users\admin\Downloads\PDF\uploads\documents-1787121301182-99076573.pdf: spawnSync qpdf ENOENT
[2026-08-19T06:35:02.212Z] [INFO] Magic-number check passed for karan_desai_resume.pdf. Detected: pdf
[2026-08-19T06:35:02.213Z] [INFO] Starting text extraction for type: pdf
[2026-08-19T06:35:02.217Z] [WARN] qpdf repair skipped for C:\Users\admin\Downloads\PDF\uploads\documents-1787121301182-566538477.pdf: spawnSync qpdf ENOENT
[2026-08-19T06:35:02.217Z] [INFO] Magic-number check passed for meera_iyer_resume.pdf. Detected: pdf
[2026-08-19T06:35:02.221Z] [INFO] Starting text extraction for type: pdf
[2026-08-19T06:35:02.225Z] [WARN] qpdf repair skipped for C:\Users\admin\Downloads\PDF\uploads\documents-1787121301182-707035689.pdf: spawnSync qpdf ENOENT
[2026-08-19T06:35:02.227Z] [INFO] Magic-number check passed for neha_choudhary_resume.pdf. Detected: pdf
[2026-08-19T06:35:02.234Z] [WARN] qpdf repair skipped for C:\Users\admin\Downloads\PDF\uploads\documents-1787121301182-937784175.pdf: spawnSync qpdf ENOENT
[2026-08-19T06:35:02.228Z] [INFO] Starting text extraction for type: pdf
[2026-08-19T06:35:02.242Z] [WARN] qpdf repair skipped for C:\Users\admin\Downloads\PDF\uploads\documents-1787121301184-746179697.pdf: spawnSync qpdf ENOENT
[2026-08-19T06:35:02.236Z] [INFO] Starting text extraction for type: pdf
[2026-08-19T06:35:02.236Z] [INFO] Magic-number check passed for priya_nair_resume.pdf. Detected: pdf
[2026-08-19T06:35:02.242Z] [INFO] Starting text extraction for type: pdf
[2026-08-19T06:35:02.246Z] [WARN] qpdf repair skipped for C:\Users\admin\Downloads\PDF\uploads\documents-1787121301185-132227472.pdf: spawnSync qpdf ENOENT
[2026-08-19T06:35:02.242Z] [INFO] Magic-number check passed for ritu_sharma_resume.pdf. Detected: pdf
[2026-08-19T06:35:02.247Z] [INFO] Starting text extraction for type: pdf
[2026-08-19T06:35:02.251Z] [WARN] qpdf repair skipped for C:\Users\admin\Downloads\PDF\uploads\documents-1787121301185-74779934.pdf: spawnSync qpdf ENOENT
[2026-08-19T06:35:02.260Z] [WARN] qpdf repair skipped for C:\Users\admin\Downloads\PDF\uploads\documents-1787121301185-649935792.pdf: spawnSync qpdf ENOENT
[2026-08-19T06:35:02.351Z] [WARN] pdf-parse failed for C:\Users\admin\Downloads\PDF\uploads\documents-1787121301182-99076573.pdf (Illegal character: 41). Falling back to pdfjs-dist...
[2026-08-19T06:35:02.351Z] [WARN] pdf-parse failed for C:\Users\admin\Downloads\PDF\uploads\documents-1787121301182-566538477.pdf (Illegal character: 41). Falling back to pdfjs-dist...
[2026-08-19T06:35:02.352Z] [WARN] pdf-parse failed for C:\Users\admin\Downloads\PDF\uploads\documents-1787121301182-937784175.pdf (Illegal character: 41). Falling back to pdfjs-dist...
[2026-08-19T06:35:02.352Z] [WARN] pdf-parse failed for C:\Users\admin\Downloads\PDF\uploads\documents-1787121301184-746179697.pdf (Illegal character: 41). Falling back to pdfjs-dist...
[2026-08-19T06:35:02.352Z] [WARN] pdf-parse failed for C:\Users\admin\Downloads\PDF\uploads\documents-1787121301185-74779934.pdf (bad XRef entry). Falling back to pdfjs-dist...
[2026-08-19T06:35:02.352Z] [WARN] pdf-parse failed for C:\Users\admin\Downloads\PDF\uploads\documents-1787121301185-649935792.pdf (bad XRef entry). Falling back to pdfjs-dist...
[2026-08-19T06:35:02.247Z] [INFO] Magic-number check passed for rohan_mehta_resume.pdf. Detected: pdf
[2026-08-19T06:35:02.252Z] [INFO] Starting text extraction for type: pdf
[2026-08-19T06:35:02.252Z] [INFO] Magic-number check passed for sunita_rao_resume.pdf. Detected: pdf
[2026-08-19T06:35:02.448Z] [INFO] Extraction complete: 599 characters, 1 pages
[2026-08-19T06:35:02.454Z] [INFO] Extraction complete: 741 characters, 1 pages
[2026-08-19T06:35:02.455Z] [INFO] Extraction complete: 947 characters, 1 pages
[2026-08-19T06:35:02.455Z] [INFO] Extraction complete: 947 characters, 1 pages
[2026-08-19T06:35:02.456Z] [INFO] Extraction complete: 830 characters, 1 pages
[2026-08-19T06:35:02.460Z] [INFO] Magic-number check passed for vikram_chauhan_resume.pdf. Detected: pdf
[2026-08-19T06:35:02.461Z] [INFO] Starting text extraction for type: pdf
[2026-08-19T06:35:02.465Z] [WARN] qpdf repair skipped for C:\Users\admin\Downloads\PDF\uploads\documents-1787121301185-607021472.pdf: spawnSync qpdf ENOENT
[2026-08-19T06:35:02.474Z] [INFO] Extraction complete: 672 characters, 1 pages
[2026-08-19T06:35:02.609Z] [INFO] Extraction complete: 691 characters, 1 pages
[2026-08-19T06:35:02.707Z] [INFO] Extraction complete: 827 characters, 1 pages
[2026-08-19T06:35:02.678Z] [INFO] Extraction complete: 689 characters, 1 pages
[2026-08-19T06:35:02.723Z] [INFO] Extraction complete: 979 characters, 1 pages
[2026-08-19T06:35:02.756Z] [INFO] Extraction complete: 864 characters, 1 pages
[2026-08-19T06:35:02.769Z] [INFO] Extraction complete: 946 characters, 1 pages
[2026-08-19T06:35:02.773Z] [INFO] Saved extraction record to Supabase with ID 221 (candidate_id: C1205) for: meera_iyer_resume.pdf
[2026-08-19T06:35:02.774Z] [INFO] Cleaned up temporary file: C:\Users\admin\Downloads\PDF\uploads\documents-1787121301182-707035689.pdf
[2026-08-19T06:35:02.913Z] [INFO] Saved extraction record to Supabase with ID 222 (candidate_id: C1209) for: rohan_mehta_resume.pdf
[2026-08-19T06:35:02.913Z] [INFO] Cleaned up temporary file: C:\Users\admin\Downloads\PDF\uploads\documents-1787121301185-74779934.pdf
[2026-08-19T06:35:03.040Z] [INFO] Saved extraction record to Supabase with ID 223 (candidate_id: C1210) for: sunita_rao_resume.pdf
[2026-08-19T06:35:03.041Z] [INFO] Cleaned up temporary file: C:\Users\admin\Downloads\PDF\uploads\documents-1787121301185-649935792.pdf
[2026-08-19T06:35:03.640Z] [INFO] Saved extraction record to Supabase with ID 224 (candidate_id: C1202) for: farhan_sheikh_resume.pdf
[2026-08-19T06:35:03.641Z] [INFO] Cleaned up temporary file: C:\Users\admin\Downloads\PDF\uploads\documents-1787121301181-731360838.pdf
[2026-08-19T06:35:03.644Z] [INFO] Saved extraction record to Supabase with ID 225 (candidate_id: C1200) for: aditya_verma_resume.pdf
[2026-08-19T06:35:03.644Z] [INFO] Cleaned up temporary file: C:\Users\admin\Downloads\PDF\uploads\documents-1787121301180-943934639.pdf
[2026-08-19T06:35:03.659Z] [INFO] Saved extraction record to Supabase with ID 226 (candidate_id: C1208) for: ritu_sharma_resume.pdf
[2026-08-19T06:35:03.659Z] [INFO] Cleaned up temporary file: C:\Users\admin\Downloads\PDF\uploads\documents-1787121301185-132227472.pdf
[2026-08-19T06:35:03.665Z] [INFO] Saved extraction record to Supabase with ID 227 (candidate_id: C1206) for: neha_choudhary_resume.pdf
[2026-08-19T06:35:04.050Z] [INFO] Cleaned up temporary file: C:\Users\admin\Downloads\PDF\uploads\documents-1787121301182-937784175.pdf
[2026-08-19T06:35:04.050Z] [INFO] Saved extraction record to Supabase with ID 228 (candidate_id: C1203) for: ishaan_bhatt_resume.pdf
[2026-08-19T06:35:04.051Z] [INFO] Cleaned up temporary file: C:\Users\admin\Downloads\PDF\uploads\documents-1787121301182-99076573.pdf
[2026-08-19T06:35:04.051Z] [INFO] Saved extraction record to Supabase with ID 229 (candidate_id: C1207) for: priya_nair_resume.pdf
[2026-08-19T06:35:04.051Z] [INFO] Cleaned up temporary file: C:\Users\admin\Downloads\PDF\uploads\documents-1787121301184-746179697.pdf
[2026-08-19T06:35:04.051Z] [INFO] Saved extraction record to Supabase with ID 230 (candidate_id: C1204) for: karan_desai_resume.pdf
[2026-08-19T06:35:04.052Z] [INFO] Cleaned up temporary file: C:\Users\admin\Downloads\PDF\uploads\documents-1787121301182-566538477.pdf
[2026-08-19T06:35:04.052Z] [INFO] Saved extraction record to Supabase with ID 231 (candidate_id: C1201) for: ananya_kapoor_resume.pdf
[2026-08-19T06:35:04.052Z] [INFO] Cleaned up temporary file: C:\Users\admin\Downloads\PDF\uploads\documents-1787121301181-167233081.pdf
[2026-08-19T06:35:04.052Z] [INFO] Saved extraction record to Supabase with ID 232 (candidate_id: C1211) for: vikram_chauhan_resume.pdf
[2026-08-19T06:35:04.053Z] [INFO] Cleaned up temporary file: C:\Users\admin\Downloads\PDF\uploads\documents-1787121301185-607021472.pdf
[2026-08-19T06:59:54.109Z] [ERROR] Error occurred in request: {"message":"Unexpected field","stack":"MulterError: Unexpected field\n    at wrappedFileFilter (C:\\Users\\admin\\Downloads\\PDF\\node_modules\\multer\\index.js:40:19)\n    at Multipart.<anonymous> (C:\\Users\\admin\\Downloads\\PDF\\node_modules\\multer\\lib\\make-middleware.js:109:7)\n    at Multipart.emit (node:events:508:28)\n    at HeaderParser.cb (C:\\Users\\admin\\Downloads\\PDF\\node_modules\\busboy\\lib\\types\\multipart.js:358:14)\n    at HeaderParser.push (C:\\Users\\admin\\Downloads\\PDF\\node_modules\\busboy\\lib\\types\\multipart.js:162:20)\n    at SBMH.ssCb [as _cb] (C:\\Users\\admin\\Downloads\\PDF\\node_modules\\busboy\\lib\\types\\multipart.js:394:37)\n    at feed (C:\\Users\\admin\\Downloads\\PDF\\node_modules\\streamsearch\\lib\\sbmh.js:219:14)\n    at SBMH.push (C:\\Users\\admin\\Downloads\\PDF\\node_modules\\streamsearch\\lib\\sbmh.js:104:16)\n    at Multipart._write (C:\\Users\\admin\\Downloads\\PDF\\node_modules\\busboy\\lib\\types\\multipart.js:567:19)\n    at writeOrBuffer (node:internal/streams/writable:570:12)\n    at _write (node:internal/streams/writable:499:10)\n    at Writable.write (node:internal/streams/writable:508:10)\n    at IncomingMessage.ondata (node:internal/streams/readable:1012:24)\n    at IncomingMessage.emit (node:events:508:28)\n    at Readable.read (node:internal/streams/readable:784:10)\n    at flow (node:internal/streams/readable:1290:53)","path":"/api/upload","method":"POST"}
[2026-08-19T07:01:06.281Z] [INFO] Server is running in production mode on http://localhost:3000
[2026-08-19T07:01:06.284Z] [INFO] Running pdfjs-dist fallback self-test...
[2026-08-19T07:01:06.890Z] [INFO] ✅ pdfjs-dist fallback self-test passed successfully.
[2026-08-19T07:01:07.689Z] [INFO] Successfully connected to Supabase PostgreSQL database.
[2026-08-19T07:01:07.966Z] [INFO] Database extractions table initialized.
[2026-08-19T07:02:37.573Z] [INFO] Server is running in production mode on http://localhost:3000
[2026-08-19T07:02:37.575Z] [INFO] Running pdfjs-dist fallback self-test...
[2026-08-19T07:02:38.048Z] [INFO] ✅ pdfjs-dist fallback self-test passed successfully.
[2026-08-19T07:02:38.806Z] [INFO] Successfully connected to Supabase PostgreSQL database.
[2026-08-19T07:02:39.066Z] [INFO] Database extractions table initialized.
[2026-08-19T07:03:27.956Z] [INFO] Server is running in production mode on http://localhost:3000
[2026-08-19T07:03:27.961Z] [INFO] Running pdfjs-dist fallback self-test...
[2026-08-19T07:03:28.454Z] [INFO] ✅ pdfjs-dist fallback self-test passed successfully.
[2026-08-19T07:03:29.241Z] [INFO] Successfully connected to Supabase PostgreSQL database.
[2026-08-19T07:03:29.493Z] [INFO] Database extractions table initialized.
[2026-08-19T07:04:06.514Z] [INFO] Performing magic-number verification for: aadhya_malhotra_resume_067.pdf
[2026-08-19T07:04:06.515Z] [INFO] Performing magic-number verification for: aadhya_nair_resume_043.pdf
[2026-08-19T07:04:06.515Z] [INFO] Performing magic-number verification for: aadhya_shah_resume_056.pdf
[2026-08-19T07:04:06.516Z] [INFO] Performing magic-number verification for: aadhya_singh_resume_003.pdf
[2026-08-19T07:04:06.516Z] [INFO] Performing magic-number verification for: aarav_bhatt_resume_044.pdf
[2026-08-19T07:04:06.517Z] [INFO] Performing magic-number verification for: aarav_chatterjee_resume_015.pdf
[2026-08-19T07:04:06.517Z] [INFO] Performing magic-number verification for: aarav_joshi_resume_047.pdf
[2026-08-19T07:04:06.517Z] [INFO] Performing magic-number verification for: abhishek_kulkarni_resume_023.pdf
[2026-08-19T07:04:06.518Z] [INFO] Performing magic-number verification for: abhishek_menon_resume_046.pdf
[2026-08-19T07:04:06.518Z] [INFO] Performing magic-number verification for: aditya_bose_resume_039.pdf
[2026-08-19T07:04:06.518Z] [INFO] Performing magic-number verification for: aditya_jain_resume_072.pdf
[2026-08-19T07:04:06.518Z] [INFO] Performing magic-number verification for: aditya_verma_resume.pdf
[2026-08-19T07:04:06.519Z] [INFO] Performing magic-number verification for: ananya_bose_resume_071.pdf
[2026-08-19T07:04:06.519Z] [INFO] Performing magic-number verification for: ananya_kapoor_resume.pdf
[2026-08-19T07:04:06.519Z] [INFO] Performing magic-number verification for: ananya_kumar_resume_012.pdf
[2026-08-19T07:04:06.520Z] [INFO] Performing magic-number verification for: ananya_yadav_resume_004.pdf
[2026-08-19T07:04:06.520Z] [INFO] Performing magic-number verification for: anika_agarwal_resume_064.pdf
[2026-08-19T07:04:06.520Z] [INFO] Performing magic-number verification for: anika_desai_resume_010.pdf
[2026-08-19T07:04:06.520Z] [INFO] Performing magic-number verification for: anil_ghosh_resume_053.pdf
[2026-08-19T07:04:06.521Z] [INFO] Performing magic-number verification for: anil_gupta_resume_057.pdf
[2026-08-19T07:04:06.521Z] [INFO] Performing magic-number verification for: anil_joshi_resume_035.pdf
[2026-08-19T07:04:06.521Z] [INFO] Performing magic-number verification for: anil_shah_resume_070.pdf
[2026-08-19T07:04:06.521Z] [INFO] Performing magic-number verification for: arjun_qureshi_resume_065.pdf
[2026-08-19T07:04:06.522Z] [INFO] Performing magic-number verification for: ayesha_saxena_resume_041.pdf
[2026-08-19T07:04:06.522Z] [INFO] Performing magic-number verification for: deepak_pillai_resume_076.pdf
[2026-08-19T07:04:06.522Z] [INFO] Performing magic-number verification for: dhruv_khan_resume_042.pdf
[2026-08-19T07:04:06.522Z] [INFO] Performing magic-number verification for: dhruv_saxena_resume_030.pdf
[2026-08-19T07:04:06.522Z] [INFO] Performing magic-number verification for: divya_das_resume_052.pdf
[2026-08-19T07:04:06.523Z] [INFO] Performing magic-number verification for: divya_nair_resume_069.pdf
[2026-08-19T07:04:06.523Z] [INFO] Performing magic-number verification for: farhan_rao_resume_001.pdf
[2026-08-19T07:04:06.523Z] [INFO] Performing magic-number verification for: farhan_sheikh_resume.pdf
[2026-08-19T07:04:06.524Z] [INFO] Performing magic-number verification for: gaurav_nair_resume_024.pdf
[2026-08-19T07:04:06.524Z] [INFO] Performing magic-number verification for: imran_pillai_resume_008.pdf
[2026-08-19T07:04:06.524Z] [INFO] Performing magic-number verification for: ira_reddy_resume_060.pdf
[2026-08-19T07:04:06.525Z] [INFO] Performing magic-number verification for: ira_yadav_resume_082.pdf
[2026-08-19T07:04:06.525Z] [INFO] Performing magic-number verification for: ishaan_bhatt_resume.pdf
[2026-08-19T07:04:06.525Z] [INFO] Performing magic-number verification for: kabir_das_resume_034.pdf
[2026-08-19T07:04:06.525Z] [INFO] Performing magic-number verification for: kabir_malhotra_resume_019.pdf
[2026-08-19T07:04:06.527Z] [INFO] Magic-number check passed for aadhya_malhotra_resume_067.pdf. Detected: pdf
[2026-08-19T07:04:06.529Z] [INFO] Starting text extraction for type: pdf
[2026-08-19T07:04:06.542Z] [WARN] qpdf repair skipped for C:\Users\admin\Downloads\PDF\uploads\documents-1787123045462-723118191.pdf: spawnSync qpdf ENOENT
[2026-08-19T07:04:06.923Z] [INFO] Magic-number check passed for aadhya_nair_resume_043.pdf. Detected: pdf
[2026-08-19T07:04:06.924Z] [INFO] Starting text extraction for type: pdf
[2026-08-19T07:04:06.934Z] [WARN] qpdf repair skipped for C:\Users\admin\Downloads\PDF\uploads\documents-1787123045463-876003340.pdf: spawnSync qpdf ENOENT
[2026-08-19T07:04:06.935Z] [INFO] Magic-number check passed for aadhya_shah_resume_056.pdf. Detected: pdf
[2026-08-19T07:04:06.936Z] [INFO] Starting text extraction for type: pdf
[2026-08-19T07:04:06.940Z] [WARN] qpdf repair skipped for C:\Users\admin\Downloads\PDF\uploads\documents-1787123045463-225482271.pdf: spawnSync qpdf ENOENT
[2026-08-19T07:04:06.941Z] [INFO] Magic-number check passed for aadhya_singh_resume_003.pdf. Detected: pdf
[2026-08-19T07:04:06.960Z] [INFO] Starting text extraction for type: pdf
[2026-08-19T07:04:06.988Z] [WARN] qpdf repair skipped for C:\Users\admin\Downloads\PDF\uploads\documents-1787123045463-296664306.pdf: spawnSync qpdf ENOENT
[2026-08-19T07:04:06.999Z] [INFO] Magic-number check passed for aarav_bhatt_resume_044.pdf. Detected: pdf
[2026-08-19T07:04:07.003Z] [INFO] Starting text extraction for type: pdf
[2026-08-19T07:04:07.038Z] [WARN] qpdf repair skipped for C:\Users\admin\Downloads\PDF\uploads\documents-1787123045463-958423201.pdf: spawnSync qpdf ENOENT
[2026-08-19T07:04:07.044Z] [INFO] Magic-number check passed for aarav_chatterjee_resume_015.pdf. Detected: pdf
[2026-08-19T07:04:07.055Z] [INFO] Starting text extraction for type: pdf
[2026-08-19T07:04:07.065Z] [WARN] qpdf repair skipped for C:\Users\admin\Downloads\PDF\uploads\documents-1787123045464-195584124.pdf: spawnSync qpdf ENOENT
[2026-08-19T07:04:07.066Z] [INFO] Magic-number check passed for aarav_joshi_resume_047.pdf. Detected: pdf
[2026-08-19T07:04:07.076Z] [INFO] Starting text extraction for type: pdf
[2026-08-19T07:04:07.080Z] [WARN] qpdf repair skipped for C:\Users\admin\Downloads\PDF\uploads\documents-1787123045464-848897829.pdf: spawnSync qpdf ENOENT
[2026-08-19T07:04:07.082Z] [INFO] Magic-number check passed for abhishek_kulkarni_resume_023.pdf. Detected: pdf
[2026-08-19T07:04:07.083Z] [INFO] Starting text extraction for type: pdf
[2026-08-19T07:04:07.088Z] [WARN] qpdf repair skipped for C:\Users\admin\Downloads\PDF\uploads\documents-1787123045464-816626695.pdf: spawnSync qpdf ENOENT
[2026-08-19T07:04:07.095Z] [WARN] qpdf repair skipped for C:\Users\admin\Downloads\PDF\uploads\documents-1787123045464-795462580.pdf: spawnSync qpdf ENOENT
[2026-08-19T07:04:07.090Z] [INFO] Magic-number check passed for abhishek_menon_resume_046.pdf. Detected: pdf
[2026-08-19T07:04:07.090Z] [INFO] Starting text extraction for type: pdf
[2026-08-19T07:04:07.098Z] [INFO] Magic-number check passed for aditya_bose_resume_039.pdf. Detected: pdf
[2026-08-19T07:04:07.099Z] [INFO] Starting text extraction for type: pdf
[2026-08-19T07:04:07.103Z] [WARN] qpdf repair skipped for C:\Users\admin\Downloads\PDF\uploads\documents-1787123045464-751133663.pdf: spawnSync qpdf ENOENT
[2026-08-19T07:04:07.119Z] [INFO] Magic-number check passed for aditya_jain_resume_072.pdf. Detected: pdf
[2026-08-19T07:04:07.123Z] [INFO] Starting text extraction for type: pdf
[2026-08-19T07:04:07.133Z] [WARN] qpdf repair skipped for C:\Users\admin\Downloads\PDF\uploads\documents-1787123045465-899456612.pdf: spawnSync qpdf ENOENT
[2026-08-19T07:04:07.134Z] [INFO] Magic-number check passed for aditya_verma_resume.pdf. Detected: pdf
[2026-08-19T07:04:07.152Z] [INFO] Starting text extraction for type: pdf
[2026-08-19T07:04:07.156Z] [WARN] qpdf repair skipped for C:\Users\admin\Downloads\PDF\uploads\documents-1787123045465-990828497.pdf: spawnSync qpdf ENOENT
[2026-08-19T07:04:07.158Z] [INFO] Magic-number check passed for ananya_bose_resume_071.pdf. Detected: pdf
[2026-08-19T07:04:07.163Z] [INFO] Starting text extraction for type: pdf
[2026-08-19T07:04:07.295Z] [WARN] qpdf repair skipped for C:\Users\admin\Downloads\PDF\uploads\documents-1787123045465-477501438.pdf: spawnSync qpdf ENOENT
[2026-08-19T07:04:07.322Z] [INFO] Magic-number check passed for ananya_kapoor_resume.pdf. Detected: pdf
[2026-08-19T07:04:07.351Z] [INFO] Starting text extraction for type: pdf
[2026-08-19T07:04:07.363Z] [WARN] qpdf repair skipped for C:\Users\admin\Downloads\PDF\uploads\documents-1787123045465-396070586.pdf: spawnSync qpdf ENOENT
[2026-08-19T07:04:07.368Z] [INFO] Magic-number check passed for ananya_kumar_resume_012.pdf. Detected: pdf
[2026-08-19T07:04:07.369Z] [INFO] Starting text extraction for type: pdf
[2026-08-19T07:04:07.411Z] [WARN] qpdf repair skipped for C:\Users\admin\Downloads\PDF\uploads\documents-1787123045465-181227707.pdf: spawnSync qpdf ENOENT
[2026-08-19T07:04:07.414Z] [INFO] Magic-number check passed for ananya_yadav_resume_004.pdf. Detected: pdf
[2026-08-19T07:04:07.416Z] [INFO] Starting text extraction for type: pdf
[2026-08-19T07:04:07.421Z] [WARN] qpdf repair skipped for C:\Users\admin\Downloads\PDF\uploads\documents-1787123045465-8753930.pdf: spawnSync qpdf ENOENT
[2026-08-19T07:04:07.422Z] [INFO] Magic-number check passed for anika_agarwal_resume_064.pdf. Detected: pdf
[2026-08-19T07:04:07.427Z] [INFO] Starting text extraction for type: pdf
[2026-08-19T07:04:07.431Z] [WARN] qpdf repair skipped for C:\Users\admin\Downloads\PDF\uploads\documents-1787123045465-844124192.pdf: spawnSync qpdf ENOENT
[2026-08-19T07:04:07.436Z] [INFO] Magic-number check passed for anika_desai_resume_010.pdf. Detected: pdf
[2026-08-19T07:04:07.441Z] [INFO] Starting text extraction for type: pdf
[2026-08-19T07:04:07.464Z] [WARN] qpdf repair skipped for C:\Users\admin\Downloads\PDF\uploads\documents-1787123045465-643028914.pdf: spawnSync qpdf ENOENT
[2026-08-19T07:04:07.472Z] [INFO] Magic-number check passed for anil_ghosh_resume_053.pdf. Detected: pdf
[2026-08-19T07:04:07.480Z] [INFO] Starting text extraction for type: pdf
[2026-08-19T07:04:07.485Z] [WARN] qpdf repair skipped for C:\Users\admin\Downloads\PDF\uploads\documents-1787123045466-429891476.pdf: spawnSync qpdf ENOENT
[2026-08-19T07:04:07.489Z] [INFO] Magic-number check passed for anil_gupta_resume_057.pdf. Detected: pdf
[2026-08-19T07:04:07.490Z] [INFO] Starting text extraction for type: pdf
[2026-08-19T07:04:07.511Z] [WARN] qpdf repair skipped for C:\Users\admin\Downloads\PDF\uploads\documents-1787123045466-400371990.pdf: spawnSync qpdf ENOENT
[2026-08-19T07:04:07.530Z] [INFO] Magic-number check passed for anil_joshi_resume_035.pdf. Detected: pdf
[2026-08-19T07:04:07.532Z] [INFO] Starting text extraction for type: pdf
[2026-08-19T07:04:07.539Z] [WARN] qpdf repair skipped for C:\Users\admin\Downloads\PDF\uploads\documents-1787123045466-517956442.pdf: spawnSync qpdf ENOENT
[2026-08-19T07:04:07.541Z] [INFO] Starting text extraction for type: pdf
[2026-08-19T07:04:07.540Z] [INFO] Magic-number check passed for anil_shah_resume_070.pdf. Detected: pdf
[2026-08-19T07:04:07.551Z] [WARN] qpdf repair skipped for C:\Users\admin\Downloads\PDF\uploads\documents-1787123045466-827083611.pdf: spawnSync qpdf ENOENT
[2026-08-19T07:04:07.552Z] [INFO] Magic-number check passed for arjun_qureshi_resume_065.pdf. Detected: pdf
[2026-08-19T07:04:07.553Z] [INFO] Starting text extraction for type: pdf
[2026-08-19T07:04:07.560Z] [WARN] qpdf repair skipped for C:\Users\admin\Downloads\PDF\uploads\documents-1787123045466-400772356.pdf: spawnSync qpdf ENOENT
[2026-08-19T07:04:07.562Z] [INFO] Magic-number check passed for deepak_pillai_resume_076.pdf. Detected: pdf
[2026-08-19T07:04:07.564Z] [INFO] Starting text extraction for type: pdf
[2026-08-19T07:04:07.569Z] [INFO] Magic-number check passed for ayesha_saxena_resume_041.pdf. Detected: pdf
[2026-08-19T07:04:07.577Z] [WARN] qpdf repair skipped for C:\Users\admin\Downloads\PDF\uploads\documents-1787123045467-459583611.pdf: spawnSync qpdf ENOENT
[2026-08-19T07:04:07.569Z] [WARN] qpdf repair skipped for C:\Users\admin\Downloads\PDF\uploads\documents-1787123045467-655537093.pdf: spawnSync qpdf ENOENT
[2026-08-19T07:04:07.570Z] [INFO] Starting text extraction for type: pdf
[2026-08-19T07:04:07.578Z] [INFO] Magic-number check passed for dhruv_khan_resume_042.pdf. Detected: pdf
[2026-08-19T07:04:07.580Z] [INFO] Starting text extraction for type: pdf
[2026-08-19T07:04:07.584Z] [WARN] qpdf repair skipped for C:\Users\admin\Downloads\PDF\uploads\documents-1787123045471-107451056.pdf: spawnSync qpdf ENOENT
[2026-08-19T07:04:07.585Z] [INFO] Magic-number check passed for dhruv_saxena_resume_030.pdf. Detected: pdf
[2026-08-19T07:04:07.587Z] [INFO] Starting text extraction for type: pdf
[2026-08-19T07:04:07.593Z] [WARN] qpdf repair skipped for C:\Users\admin\Downloads\PDF\uploads\documents-1787123045471-414313655.pdf: spawnSync qpdf ENOENT
[2026-08-19T07:04:08.085Z] [WARN] pdf-parse failed for C:\Users\admin\Downloads\PDF\uploads\documents-1787123045462-723118191.pdf (bad XRef entry). Falling back to pdfjs-dist...
[2026-08-19T07:04:08.086Z] [WARN] pdf-parse failed for C:\Users\admin\Downloads\PDF\uploads\documents-1787123045463-876003340.pdf (bad XRef entry). Falling back to pdfjs-dist...
[2026-08-19T07:04:08.312Z] [INFO] Extraction complete: 610 characters, 1 pages
[2026-08-19T07:04:08.313Z] [INFO] Extraction complete: 610 characters, 1 pages
[2026-08-19T07:04:08.313Z] [INFO] Extraction complete: 610 characters, 1 pages
[2026-08-19T07:04:08.314Z] [INFO] Extraction complete: 627 characters, 1 pages
[2026-08-19T07:04:08.314Z] [INFO] Extraction complete: 627 characters, 1 pages
[2026-08-19T07:04:08.314Z] [INFO] Extraction complete: 627 characters, 1 pages
[2026-08-19T07:04:08.315Z] [INFO] Extraction complete: 608 characters, 1 pages
[2026-08-19T07:04:08.315Z] [INFO] Extraction complete: 608 characters, 1 pages
[2026-08-19T07:04:08.315Z] [INFO] Extraction complete: 608 characters, 1 pages
[2026-08-19T07:04:08.316Z] [INFO] Extraction complete: 627 characters, 1 pages
[2026-08-19T07:04:08.319Z] [INFO] Extraction complete: 627 characters, 1 pages
[2026-08-19T07:04:08.340Z] [INFO] Extraction complete: 627 characters, 1 pages
[2026-08-19T07:04:08.365Z] [INFO] Extraction complete: 635 characters, 1 pages
[2026-08-19T07:04:08.365Z] [INFO] Extraction complete: 635 characters, 1 pages
[2026-08-19T07:04:08.365Z] [INFO] Extraction complete: 635 characters, 1 pages
[2026-08-19T07:04:08.368Z] [INFO] Extraction complete: 760 characters, 1 pages
[2026-08-19T07:04:08.369Z] [INFO] Extraction complete: 760 characters, 1 pages
[2026-08-19T07:04:08.369Z] [INFO] Extraction complete: 760 characters, 1 pages
[2026-08-19T07:04:08.373Z] [INFO] Extraction complete: 743 characters, 1 pages
[2026-08-19T07:04:08.377Z] [INFO] Extraction complete: 766 characters, 1 pages
[2026-08-19T07:04:08.377Z] [INFO] Extraction complete: 766 characters, 1 pages
[2026-08-19T07:04:08.381Z] [INFO] Extraction complete: 766 characters, 1 pages
[2026-08-19T07:04:08.382Z] [INFO] Extraction complete: 887 characters, 1 pages
[2026-08-19T07:04:08.382Z] [INFO] Extraction complete: 887 characters, 1 pages
[2026-08-19T07:04:08.383Z] [INFO] Extraction complete: 887 characters, 1 pages
[2026-08-19T07:04:08.395Z] [INFO] Starting text extraction for type: pdf
[2026-08-19T07:04:08.389Z] [INFO] Magic-number check passed for divya_das_resume_052.pdf. Detected: pdf
[2026-08-19T07:04:08.406Z] [WARN] qpdf repair skipped for C:\Users\admin\Downloads\PDF\uploads\documents-1787123045471-445809724.pdf: spawnSync qpdf ENOENT
[2026-08-19T07:04:08.409Z] [WARN] pdf-parse failed for C:\Users\admin\Downloads\PDF\uploads\documents-1787123045471-445809724.pdf (bad XRef entry). Falling back to pdfjs-dist...
[2026-08-19T07:04:08.449Z] [INFO] Magic-number check passed for divya_nair_resume_069.pdf. Detected: pdf
[2026-08-19T07:04:08.455Z] [INFO] Starting text extraction for type: pdf
[2026-08-19T07:04:08.460Z] [WARN] qpdf repair skipped for C:\Users\admin\Downloads\PDF\uploads\documents-1787123045471-521028592.pdf: spawnSync qpdf ENOENT
[2026-08-19T07:04:08.468Z] [INFO] Extraction complete: 927 characters, 1 pages
[2026-08-19T07:04:08.489Z] [INFO] Magic-number check passed for farhan_rao_resume_001.pdf. Detected: pdf
[2026-08-19T07:04:08.490Z] [INFO] Starting text extraction for type: pdf
[2026-08-19T07:04:08.495Z] [WARN] qpdf repair skipped for C:\Users\admin\Downloads\PDF\uploads\documents-1787123045471-229497648.pdf: spawnSync qpdf ENOENT
[2026-08-19T07:04:08.503Z] [INFO] Extraction complete: 927 characters, 1 pages
[2026-08-19T07:04:08.504Z] [INFO] Magic-number check passed for farhan_sheikh_resume.pdf. Detected: pdf
[2026-08-19T07:04:08.506Z] [INFO] Starting text extraction for type: pdf
[2026-08-19T07:04:08.516Z] [WARN] qpdf repair skipped for C:\Users\admin\Downloads\PDF\uploads\documents-1787123045471-628702655.pdf: spawnSync qpdf ENOENT
[2026-08-19T07:04:08.519Z] [WARN] pdf-parse failed for C:\Users\admin\Downloads\PDF\uploads\documents-1787123045471-628702655.pdf (bad XRef entry). Falling back to pdfjs-dist...
[2026-08-19T07:04:08.522Z] [INFO] Magic-number check passed for gaurav_nair_resume_024.pdf. Detected: pdf
[2026-08-19T07:04:08.524Z] [INFO] Starting text extraction for type: pdf
[2026-08-19T07:04:08.529Z] [WARN] qpdf repair skipped for C:\Users\admin\Downloads\PDF\uploads\documents-1787123045471-970433519.pdf: spawnSync qpdf ENOENT
[2026-08-19T07:04:08.537Z] [INFO] Extraction complete: 857 characters, 1 pages
[2026-08-19T07:04:08.540Z] [INFO] Magic-number check passed for ira_reddy_resume_060.pdf. Detected: pdf
[2026-08-19T07:04:08.542Z] [INFO] Starting text extraction for type: pdf
[2026-08-19T07:04:08.549Z] [WARN] qpdf repair skipped for C:\Users\admin\Downloads\PDF\uploads\documents-1787123045475-609335299.pdf: spawnSync qpdf ENOENT
[2026-08-19T07:04:08.576Z] [INFO] Extraction complete: 857 characters, 1 pages
[2026-08-19T07:04:08.607Z] [INFO] Magic-number check passed for imran_pillai_resume_008.pdf. Detected: pdf
[2026-08-19T07:04:08.653Z] [INFO] Starting text extraction for type: pdf
[2026-08-19T07:04:08.666Z] [WARN] qpdf repair skipped for C:\Users\admin\Downloads\PDF\uploads\documents-1787123045473-581781363.pdf: spawnSync qpdf ENOENT
[2026-08-19T07:04:08.668Z] [WARN] pdf-parse failed for C:\Users\admin\Downloads\PDF\uploads\documents-1787123045473-581781363.pdf (bad XRef entry). Falling back to pdfjs-dist...
[2026-08-19T07:04:08.674Z] [INFO] Magic-number check passed for ira_yadav_resume_082.pdf. Detected: pdf
[2026-08-19T07:04:08.675Z] [INFO] Starting text extraction for type: pdf
[2026-08-19T07:04:08.684Z] [WARN] qpdf repair skipped for C:\Users\admin\Downloads\PDF\uploads\documents-1787123045475-421973275.pdf: spawnSync qpdf ENOENT
[2026-08-19T07:04:08.697Z] [INFO] Extraction complete: 620 characters, 1 pages
[2026-08-19T07:04:08.700Z] [INFO] Magic-number check passed for kabir_das_resume_034.pdf. Detected: pdf
[2026-08-19T07:04:08.717Z] [INFO] Starting text extraction for type: pdf
[2026-08-19T07:04:08.723Z] [WARN] qpdf repair skipped for C:\Users\admin\Downloads\PDF\uploads\documents-1787123045475-492469269.pdf: spawnSync qpdf ENOENT
[2026-08-19T07:04:08.732Z] [INFO] Extraction complete: 620 characters, 1 pages
[2026-08-19T07:04:08.733Z] [INFO] Magic-number check passed for kabir_malhotra_resume_019.pdf. Detected: pdf
[2026-08-19T07:04:08.734Z] [INFO] Starting text extraction for type: pdf
[2026-08-19T07:04:08.738Z] [WARN] qpdf repair skipped for C:\Users\admin\Downloads\PDF\uploads\documents-1787123045475-403597555.pdf: spawnSync qpdf ENOENT
[2026-08-19T07:04:08.740Z] [WARN] pdf-parse failed for C:\Users\admin\Downloads\PDF\uploads\documents-1787123045475-403597555.pdf (bad XRef entry). Falling back to pdfjs-dist...
[2026-08-19T07:04:08.769Z] [INFO] Magic-number check passed for ishaan_bhatt_resume.pdf. Detected: pdf
[2026-08-19T07:04:08.773Z] [INFO] Starting text extraction for type: pdf
[2026-08-19T07:04:08.779Z] [WARN] qpdf repair skipped for C:\Users\admin\Downloads\PDF\uploads\documents-1787123045475-703529747.pdf: spawnSync qpdf ENOENT
[2026-08-19T07:04:08.785Z] [INFO] Extraction complete: 692 characters, 1 pages
[2026-08-19T07:04:08.865Z] [INFO] Extraction complete: 822 characters, 1 pages
[2026-08-19T07:04:08.876Z] [INFO] Extraction complete: 799 characters, 1 pages
[2026-08-19T07:04:08.879Z] [INFO] Saved extraction record to Supabase with ID 233 (candidate_id: C1214) for: aadhya_shah_resume_056.pdf
[2026-08-19T07:04:08.880Z] [INFO] Cleaned up temporary file: C:\Users\admin\Downloads\PDF\uploads\documents-1787123045463-225482271.pdf
[2026-08-19T07:04:08.889Z] [INFO] Extraction complete: 598 characters, 1 pages
[2026-08-19T07:04:08.972Z] [INFO] Extraction complete: 740 characters, 1 pages
[2026-08-19T07:04:08.993Z] [INFO] Extraction complete: 798 characters, 1 pages
[2026-08-19T07:04:09.006Z] [INFO] Extraction complete: 794 characters, 1 pages
[2026-08-19T07:04:09.019Z] [INFO] Saved extraction record to Supabase with ID 234 (candidate_id: C1230) for: anil_ghosh_resume_053.pdf
[2026-08-19T07:04:09.020Z] [INFO] Cleaned up temporary file: C:\Users\admin\Downloads\PDF\uploads\documents-1787123045466-429891476.pdf
[2026-08-19T07:04:09.145Z] [INFO] Saved extraction record to Supabase with ID 235 (candidate_id: C1231) for: anil_gupta_resume_057.pdf
[2026-08-19T07:04:09.146Z] [INFO] Cleaned up temporary file: C:\Users\admin\Downloads\PDF\uploads\documents-1787123045466-400371990.pdf
[2026-08-19T07:04:09.272Z] [INFO] Saved extraction record to Supabase with ID 236 (candidate_id: C1236) for: deepak_pillai_resume_076.pdf
[2026-08-19T07:04:09.273Z] [INFO] Cleaned up temporary file: C:\Users\admin\Downloads\PDF\uploads\documents-1787123045467-655537093.pdf
[2026-08-19T07:04:09.400Z] [INFO] Saved extraction record to Supabase with ID 237 (candidate_id: C1235) for: ayesha_saxena_resume_041.pdf
[2026-08-19T07:04:09.401Z] [INFO] Cleaned up temporary file: C:\Users\admin\Downloads\PDF\uploads\documents-1787123045467-459583611.pdf
[2026-08-19T07:04:09.528Z] [INFO] Saved extraction record to Supabase with ID 238 (candidate_id: C1237) for: dhruv_khan_resume_042.pdf
[2026-08-19T07:04:09.538Z] [INFO] Cleaned up temporary file: C:\Users\admin\Downloads\PDF\uploads\documents-1787123045471-107451056.pdf
[2026-08-19T07:04:09.657Z] [INFO] Saved extraction record to Supabase with ID 239 (candidate_id: C1223) for: aditya_verma_resume.pdf
[2026-08-19T07:04:09.658Z] [INFO] Cleaned up temporary file: C:\Users\admin\Downloads\PDF\uploads\documents-1787123045465-990828497.pdf
[2026-08-19T07:04:09.781Z] [INFO] Saved extraction record to Supabase with ID 240 (candidate_id: C1226) for: ananya_kumar_resume_012.pdf
[2026-08-19T07:04:09.784Z] [INFO] Cleaned up temporary file: C:\Users\admin\Downloads\PDF\uploads\documents-1787123045465-181227707.pdf
[2026-08-19T07:04:09.799Z] [INFO] Saved extraction record to Supabase with ID 242 (candidate_id: C1224) for: ananya_bose_resume_071.pdf
[2026-08-19T07:04:09.815Z] [INFO] Cleaned up temporary file: C:\Users\admin\Downloads\PDF\uploads\documents-1787123045465-477501438.pdf
[2026-08-19T07:04:09.820Z] [INFO] Saved extraction record to Supabase with ID 243 (candidate_id: C1227) for: ananya_yadav_resume_004.pdf
[2026-08-19T07:04:09.821Z] [INFO] Cleaned up temporary file: C:\Users\admin\Downloads\PDF\uploads\documents-1787123045465-8753930.pdf
[2026-08-19T07:04:09.850Z] [INFO] Saved extraction record to Supabase with ID 241 (candidate_id: C1228) for: anika_agarwal_resume_064.pdf
[2026-08-19T07:04:09.851Z] [INFO] Cleaned up temporary file: C:\Users\admin\Downloads\PDF\uploads\documents-1787123045465-844124192.pdf
[2026-08-19T07:04:09.862Z] [INFO] Saved extraction record to Supabase with ID 244 (candidate_id: C1219) for: abhishek_kulkarni_resume_023.pdf
[2026-08-19T07:04:09.864Z] [INFO] Cleaned up temporary file: C:\Users\admin\Downloads\PDF\uploads\documents-1787123045464-816626695.pdf
[2026-08-19T07:04:09.868Z] [INFO] Saved extraction record to Supabase with ID 245 (candidate_id: C1217) for: aarav_chatterjee_resume_015.pdf
[2026-08-19T07:04:09.870Z] [INFO] Cleaned up temporary file: C:\Users\admin\Downloads\PDF\uploads\documents-1787123045464-195584124.pdf
[2026-08-19T07:04:09.874Z] [INFO] Saved extraction record to Supabase with ID 247 (candidate_id: C1215) for: aadhya_singh_resume_003.pdf
[2026-08-19T07:04:09.890Z] [INFO] Cleaned up temporary file: C:\Users\admin\Downloads\PDF\uploads\documents-1787123045463-296664306.pdf
[2026-08-19T07:04:09.905Z] [INFO] Saved extraction record to Supabase with ID 246 (candidate_id: C1216) for: aarav_bhatt_resume_044.pdf
[2026-08-19T07:04:09.910Z] [INFO] Cleaned up temporary file: C:\Users\admin\Downloads\PDF\uploads\documents-1787123045463-958423201.pdf
[2026-08-19T07:04:09.926Z] [INFO] Saved extraction record to Supabase with ID 248 (candidate_id: C1218) for: aarav_joshi_resume_047.pdf
[2026-08-19T07:04:09.928Z] [INFO] Cleaned up temporary file: C:\Users\admin\Downloads\PDF\uploads\documents-1787123045464-848897829.pdf
[2026-08-19T07:04:09.939Z] [INFO] Saved extraction record to Supabase with ID 249 (candidate_id: C1225) for: ananya_kapoor_resume.pdf
[2026-08-19T07:04:09.949Z] [INFO] Cleaned up temporary file: C:\Users\admin\Downloads\PDF\uploads\documents-1787123045465-396070586.pdf
[2026-08-19T07:04:09.952Z] [INFO] Saved extraction record to Supabase with ID 250 (candidate_id: C1238) for: dhruv_saxena_resume_030.pdf
[2026-08-19T07:04:09.953Z] [INFO] Cleaned up temporary file: C:\Users\admin\Downloads\PDF\uploads\documents-1787123045471-414313655.pdf
[2026-08-19T07:04:09.955Z] [INFO] Saved extraction record to Supabase with ID 251 (candidate_id: C1232) for: anil_joshi_resume_035.pdf
[2026-08-19T07:04:09.956Z] [INFO] Cleaned up temporary file: C:\Users\admin\Downloads\PDF\uploads\documents-1787123045466-517956442.pdf
[2026-08-19T07:04:09.985Z] [INFO] Saved extraction record to Supabase with ID 252 (candidate_id: C1233) for: anil_shah_resume_070.pdf
[2026-08-19T07:04:09.986Z] [INFO] Cleaned up temporary file: C:\Users\admin\Downloads\PDF\uploads\documents-1787123045466-827083611.pdf
[2026-08-19T07:04:09.996Z] [INFO] Saved extraction record to Supabase with ID 253 (candidate_id: C1234) for: arjun_qureshi_resume_065.pdf
[2026-08-19T07:04:10.005Z] [INFO] Saved extraction record to Supabase with ID 255 (candidate_id: C1221) for: aditya_bose_resume_039.pdf
[2026-08-19T07:04:10.006Z] [INFO] Cleaned up temporary file: C:\Users\admin\Downloads\PDF\uploads\documents-1787123045464-751133663.pdf
[2026-08-19T07:04:10.002Z] [INFO] Cleaned up temporary file: C:\Users\admin\Downloads\PDF\uploads\documents-1787123045464-795462580.pdf
[2026-08-19T07:04:10.001Z] [INFO] Saved extraction record to Supabase with ID 254 (candidate_id: C1220) for: abhishek_menon_resume_046.pdf
[2026-08-19T07:04:10.000Z] [INFO] Cleaned up temporary file: C:\Users\admin\Downloads\PDF\uploads\documents-1787123045466-400772356.pdf
[2026-08-19T07:04:10.043Z] [INFO] Saved extraction record to Supabase with ID 256 (candidate_id: C1222) for: aditya_jain_resume_072.pdf
[2026-08-19T07:04:10.055Z] [INFO] Cleaned up temporary file: C:\Users\admin\Downloads\PDF\uploads\documents-1787123045465-899456612.pdf
[2026-08-19T07:04:10.057Z] [INFO] Saved extraction record to Supabase with ID 257 (candidate_id: C1240) for: divya_nair_resume_069.pdf
[2026-08-19T07:04:10.062Z] [INFO] Cleaned up temporary file: C:\Users\admin\Downloads\PDF\uploads\documents-1787123045471-521028592.pdf
[2026-08-19T07:04:10.067Z] [INFO] Saved extraction record to Supabase with ID 258 (candidate_id: C1241) for: farhan_rao_resume_001.pdf
[2026-08-19T07:04:10.072Z] [INFO] Cleaned up temporary file: C:\Users\admin\Downloads\PDF\uploads\documents-1787123045471-229497648.pdf
[2026-08-19T07:04:10.080Z] [INFO] Saved extraction record to Supabase with ID 259 (candidate_id: C1243) for: gaurav_nair_resume_024.pdf
[2026-08-19T07:04:10.081Z] [INFO] Cleaned up temporary file: C:\Users\admin\Downloads\PDF\uploads\documents-1787123045471-970433519.pdf
[2026-08-19T07:04:10.082Z] [INFO] Saved extraction record to Supabase with ID 260 (candidate_id: C1245) for: ira_reddy_resume_060.pdf
[2026-08-19T07:04:10.083Z] [INFO] Cleaned up temporary file: C:\Users\admin\Downloads\PDF\uploads\documents-1787123045475-609335299.pdf
[2026-08-19T07:04:10.114Z] [INFO] Saved extraction record to Supabase with ID 261 (candidate_id: C1246) for: ira_yadav_resume_082.pdf
[2026-08-19T07:04:10.115Z] [INFO] Cleaned up temporary file: C:\Users\admin\Downloads\PDF\uploads\documents-1787123045475-421973275.pdf
[2026-08-19T07:04:10.131Z] [INFO] Saved extraction record to Supabase with ID 262 (candidate_id: C1248) for: kabir_das_resume_034.pdf
[2026-08-19T07:04:10.132Z] [INFO] Cleaned up temporary file: C:\Users\admin\Downloads\PDF\uploads\documents-1787123045475-492469269.pdf
[2026-08-19T07:04:10.144Z] [INFO] Saved extraction record to Supabase with ID 264 (candidate_id: C1212) for: aadhya_malhotra_resume_067.pdf
[2026-08-19T07:04:10.146Z] [INFO] Cleaned up temporary file: C:\Users\admin\Downloads\PDF\uploads\documents-1787123045462-723118191.pdf
[2026-08-19T07:04:10.148Z] [INFO] Saved extraction record to Supabase with ID 263 (candidate_id: C1247) for: ishaan_bhatt_resume.pdf
[2026-08-19T07:04:10.148Z] [INFO] Cleaned up temporary file: C:\Users\admin\Downloads\PDF\uploads\documents-1787123045475-703529747.pdf
[2026-08-19T07:04:10.180Z] [INFO] Saved extraction record to Supabase with ID 265 (candidate_id: C1213) for: aadhya_nair_resume_043.pdf
[2026-08-19T07:04:10.180Z] [INFO] Cleaned up temporary file: C:\Users\admin\Downloads\PDF\uploads\documents-1787123045463-876003340.pdf
[2026-08-19T07:04:10.193Z] [INFO] Saved extraction record to Supabase with ID 266 (candidate_id: C1239) for: divya_das_resume_052.pdf
[2026-08-19T07:04:10.194Z] [INFO] Saved extraction record to Supabase with ID 267 (candidate_id: C1242) for: farhan_sheikh_resume.pdf
[2026-08-19T07:04:10.193Z] [INFO] Cleaned up temporary file: C:\Users\admin\Downloads\PDF\uploads\documents-1787123045471-445809724.pdf
[2026-08-19T07:04:10.194Z] [INFO] Cleaned up temporary file: C:\Users\admin\Downloads\PDF\uploads\documents-1787123045471-628702655.pdf
[2026-08-19T07:04:10.208Z] [INFO] Saved extraction record to Supabase with ID 268 (candidate_id: C1244) for: imran_pillai_resume_008.pdf
[2026-08-19T07:04:10.211Z] [INFO] Cleaned up temporary file: C:\Users\admin\Downloads\PDF\uploads\documents-1787123045473-581781363.pdf
[2026-08-19T07:04:10.212Z] [INFO] Saved extraction record to Supabase with ID 269 (candidate_id: C1249) for: kabir_malhotra_resume_019.pdf
[2026-08-19T07:04:10.269Z] [INFO] Cleaned up temporary file: C:\Users\admin\Downloads\PDF\uploads\documents-1787123045475-403597555.pdf
[2026-08-19T07:04:10.272Z] [INFO] Cleaned up temporary file: C:\Users\admin\Downloads\PDF\uploads\documents-1787123045465-643028914.pdf
[2026-08-19T07:04:10.271Z] [INFO] Saved extraction record to Supabase with ID 270 (candidate_id: C1229) for: anika_desai_resume_010.pdf
[2026-08-19T07:04:31.950Z] [INFO] Performing magic-number verification for: aadhya_malhotra_resume_067.pdf
[2026-08-19T07:04:31.950Z] [INFO] Performing magic-number verification for: aadhya_nair_resume_043.pdf
[2026-08-19T07:04:31.951Z] [INFO] Performing magic-number verification for: aadhya_shah_resume_056.pdf
[2026-08-19T07:04:31.951Z] [INFO] Performing magic-number verification for: aadhya_singh_resume_003.pdf
[2026-08-19T07:04:31.951Z] [INFO] Performing magic-number verification for: aarav_bhatt_resume_044.pdf
[2026-08-19T07:04:31.952Z] [INFO] Performing magic-number verification for: aarav_chatterjee_resume_015.pdf
[2026-08-19T07:04:31.952Z] [INFO] Performing magic-number verification for: aarav_joshi_resume_047.pdf
[2026-08-19T07:04:31.952Z] [INFO] Performing magic-number verification for: abhishek_kulkarni_resume_023.pdf
[2026-08-19T07:04:31.952Z] [INFO] Performing magic-number verification for: abhishek_menon_resume_046.pdf
[2026-08-19T07:04:31.952Z] [INFO] Performing magic-number verification for: aditya_bose_resume_039.pdf
[2026-08-19T07:04:31.953Z] [INFO] Performing magic-number verification for: aditya_jain_resume_072.pdf
[2026-08-19T07:04:31.953Z] [INFO] Performing magic-number verification for: aditya_verma_resume.pdf
[2026-08-19T07:04:31.953Z] [INFO] Performing magic-number verification for: ananya_bose_resume_071.pdf
[2026-08-19T07:04:31.953Z] [INFO] Performing magic-number verification for: ananya_kapoor_resume.pdf
[2026-08-19T07:04:31.953Z] [INFO] Performing magic-number verification for: ananya_kumar_resume_012.pdf
[2026-08-19T07:04:31.954Z] [INFO] Performing magic-number verification for: ananya_yadav_resume_004.pdf
[2026-08-19T07:04:31.954Z] [INFO] Performing magic-number verification for: anika_agarwal_resume_064.pdf
[2026-08-19T07:04:31.954Z] [INFO] Performing magic-number verification for: anika_desai_resume_010.pdf
[2026-08-19T07:04:31.954Z] [INFO] Performing magic-number verification for: anil_ghosh_resume_053.pdf
[2026-08-19T07:04:31.955Z] [INFO] Performing magic-number verification for: anil_gupta_resume_057.pdf
[2026-08-19T07:04:31.955Z] [INFO] Performing magic-number verification for: anil_joshi_resume_035.pdf
[2026-08-19T07:04:31.955Z] [INFO] Performing magic-number verification for: anil_shah_resume_070.pdf
[2026-08-19T07:04:31.956Z] [INFO] Performing magic-number verification for: arjun_qureshi_resume_065.pdf
[2026-08-19T07:04:31.956Z] [INFO] Performing magic-number verification for: ayesha_saxena_resume_041.pdf
[2026-08-19T07:04:31.956Z] [INFO] Performing magic-number verification for: deepak_pillai_resume_076.pdf
[2026-08-19T07:04:31.957Z] [INFO] Performing magic-number verification for: dhruv_khan_resume_042.pdf
[2026-08-19T07:04:31.957Z] [INFO] Performing magic-number verification for: dhruv_saxena_resume_030.pdf
[2026-08-19T07:04:31.957Z] [INFO] Performing magic-number verification for: divya_das_resume_052.pdf
[2026-08-19T07:04:31.957Z] [INFO] Performing magic-number verification for: divya_nair_resume_069.pdf
[2026-08-19T07:04:31.958Z] [INFO] Performing magic-number verification for: farhan_rao_resume_001.pdf
[2026-08-19T07:04:31.958Z] [INFO] Performing magic-number verification for: farhan_sheikh_resume.pdf
[2026-08-19T07:04:31.958Z] [INFO] Performing magic-number verification for: gaurav_nair_resume_024.pdf
[2026-08-19T07:04:31.958Z] [INFO] Performing magic-number verification for: imran_pillai_resume_008.pdf
[2026-08-19T07:04:31.959Z] [INFO] Performing magic-number verification for: ira_reddy_resume_060.pdf
[2026-08-19T07:04:31.959Z] [INFO] Performing magic-number verification for: ira_yadav_resume_082.pdf
[2026-08-19T07:04:31.963Z] [INFO] Performing magic-number verification for: ishaan_bhatt_resume.pdf
[2026-08-19T07:04:31.964Z] [INFO] Performing magic-number verification for: kabir_das_resume_034.pdf
[2026-08-19T07:04:31.966Z] [INFO] Performing magic-number verification for: kabir_malhotra_resume_019.pdf
[2026-08-19T07:04:31.966Z] [INFO] Performing magic-number verification for: kabir_yadav_resume_033.pdf
[2026-08-19T07:04:31.967Z] [INFO] Performing magic-number verification for: karan_desai_resume.pdf
[2026-08-19T07:04:31.967Z] [INFO] Performing magic-number verification for: karthik_ansari_resume_036.pdf
[2026-08-19T07:04:31.968Z] [INFO] Performing magic-number verification for: krishna_pillai_resume_007.pdf
[2026-08-19T07:04:31.968Z] [INFO] Performing magic-number verification for: krishna_yadav_resume_084.pdf
[2026-08-19T07:04:31.968Z] [INFO] Performing magic-number verification for: kritika_kapoor_resume_079.pdf
[2026-08-19T07:04:31.968Z] [INFO] Performing magic-number verification for: kritika_malhotra_resume_049.pdf
[2026-08-19T07:04:31.969Z] [INFO] Performing magic-number verification for: kritika_pillai_resume_085.pdf
[2026-08-19T07:04:31.969Z] [INFO] Performing magic-number verification for: meera_bansal_resume_037.pdf
[2026-08-19T07:04:31.969Z] [INFO] Performing magic-number verification for: meera_das_resume_059.pdf
[2026-08-19T07:04:31.969Z] [INFO] Performing magic-number verification for: meera_iyer_resume.pdf
[2026-08-19T07:04:31.970Z] [INFO] Performing magic-number verification for: meera_kulkarni_resume_032.pdf
[2026-08-19T07:04:31.970Z] [INFO] Performing magic-number verification for: myra_trivedi_resume_048.pdf
[2026-08-19T07:04:31.970Z] [INFO] Performing magic-number verification for: neha_choudhary_resume.pdf
[2026-08-19T07:04:31.971Z] [INFO] Performing magic-number verification for: neha_choudhary_resume_022.pdf
[2026-08-19T07:04:31.972Z] [INFO] Performing magic-number verification for: neha_mishra_resume_054.pdf
[2026-08-19T07:04:31.972Z] [INFO] Performing magic-number verification for: neha_rao_resume_045.pdf
[2026-08-19T07:04:31.972Z] [INFO] Performing magic-number verification for: om_ghosh_resume_038.pdf
[2026-08-19T07:04:31.972Z] [INFO] Performing magic-number verification for: pooja_shah_resume_058.pdf
[2026-08-19T07:04:31.973Z] [INFO] Performing magic-number verification for: pranav_bose_resume_074.pdf
[2026-08-19T07:04:31.975Z] [INFO] Performing magic-number verification for: pranav_khan_resume_027.pdf
[2026-08-19T07:04:31.975Z] [INFO] Performing magic-number verification for: priya_chauhan_resume_051.pdf
[2026-08-19T07:04:31.976Z] [INFO] Performing magic-number verification for: priya_menon_resume_080.pdf
[2026-08-19T07:04:31.976Z] [INFO] Performing magic-number verification for: priya_nair_resume.pdf
[2026-08-19T07:04:31.977Z] [INFO] Performing magic-number verification for: priya_tiwari_resume_031.pdf
[2026-08-19T07:04:31.967Z] [INFO] Performing magic-number verification for: karthik_das_resume_011.pdf
[2026-08-19T07:04:31.978Z] [INFO] Performing magic-number verification for: priya_verma_resume_025.pdf
[2026-08-19T07:04:31.979Z] [INFO] Performing magic-number verification for: rahul_patel_resume_083.pdf
[2026-08-19T07:04:31.979Z] [INFO] Performing magic-number verification for: rakesh_pandey_resume_018.pdf
[2026-08-19T07:04:31.980Z] [INFO] Performing magic-number verification for: rakesh_reddy_resume_055.pdf
[2026-08-19T07:04:31.980Z] [INFO] Performing magic-number verification for: rekha_iyer_resume_073.pdf
[2026-08-19T07:04:31.981Z] [INFO] Performing magic-number verification for: reyansh_kulkarni_resume_026.pdf
[2026-08-19T07:04:31.981Z] [INFO] Performing magic-number verification for: reyansh_menon_resume_016.pdf
[2026-08-19T07:04:31.982Z] [INFO] Performing magic-number verification for: ritu_sharma_resume.pdf
[2026-08-19T07:04:31.982Z] [INFO] Performing magic-number verification for: rohan_mehta_resume.pdf
[2026-08-19T07:04:31.983Z] [INFO] Performing magic-number verification for: sai_malhotra_resume_029.pdf
[2026-08-19T07:04:31.983Z] [INFO] Performing magic-number verification for: sai_patel_resume_050.pdf
[2026-08-19T07:04:31.983Z] [INFO] Performing magic-number verification for: sanjay_agarwal_resume_017.pdf
[2026-08-19T07:04:31.984Z] [INFO] Performing magic-number verification for: sanjay_saxena_resume_066.pdf
[2026-08-19T07:04:31.984Z] [INFO] Performing magic-number verification for: sara_khan_resume_009.pdf
[2026-08-19T07:04:31.985Z] [INFO] Performing magic-number verification for: sara_sharma_resume_002.pdf
[2026-08-19T07:04:31.985Z] [INFO] Performing magic-number verification for: shreya_bhatt_resume_005.pdf
[2026-08-19T07:04:31.986Z] [INFO] Performing magic-number verification for: shreya_choudhary_resume_061.pdf
[2026-08-19T07:04:31.988Z] [INFO] Performing magic-number verification for: siddharth_reddy_resume_062.pdf
[2026-08-19T07:04:31.988Z] [INFO] Performing magic-number verification for: sunita_agarwal_resume_077.pdf
[2026-08-19T07:04:31.988Z] [INFO] Performing magic-number verification for: sunita_das_resume_040.pdf
[2026-08-19T07:04:31.988Z] [INFO] Performing magic-number verification for: sunita_naidu_resume_028.pdf
[2026-08-19T07:04:31.989Z] [INFO] Performing magic-number verification for: tanvi_kulkarni_resume_078.pdf
[2026-08-19T07:04:31.989Z] [INFO] Performing magic-number verification for: sunita_rao_resume.pdf
[2026-08-19T07:04:31.989Z] [INFO] Performing magic-number verification for: vihaan_bansal_resume_021.pdf
[2026-08-19T07:04:31.986Z] [INFO] Performing magic-number verification for: shreya_sharma_resume_075.pdf
[2026-08-19T07:04:31.986Z] [INFO] Performing magic-number verification for: siddharth_bansal_resume_081.pdf
[2026-08-19T07:04:31.990Z] [INFO] Performing magic-number verification for: vishal_saxena_resume_006.pdf
[2026-08-19T07:04:31.995Z] [INFO] Performing magic-number verification for: vivaan_bose_resume_063.pdf
[2026-08-19T07:04:31.996Z] [INFO] Performing magic-number verification for: zara_agarwal_resume_013.pdf
[2026-08-19T07:04:31.996Z] [INFO] Performing magic-number verification for: zara_bansal_resume_014.pdf
[2026-08-19T07:04:31.996Z] [INFO] Performing magic-number verification for: zara_das_resume_068.pdf
[2026-08-19T07:04:31.997Z] [INFO] Performing magic-number verification for: zara_trivedi_resume_020.pdf
[2026-08-19T07:04:31.990Z] [INFO] Performing magic-number verification for: vikram_chauhan_resume.pdf
[2026-08-19T07:04:31.999Z] [INFO] Magic-number check passed for aadhya_malhotra_resume_067.pdf. Detected: pdf
[2026-08-19T07:04:31.999Z] [INFO] Starting text extraction for type: pdf
[2026-08-19T07:04:32.005Z] [WARN] qpdf repair skipped for C:\Users\admin\Downloads\PDF\uploads\documents-1787123070817-264689249.pdf: spawnSync qpdf ENOENT
[2026-08-19T07:04:32.021Z] [INFO] Extraction complete: 823 characters, 1 pages
[2026-08-19T07:04:32.045Z] [INFO] Magic-number check passed for aadhya_nair_resume_043.pdf. Detected: pdf
[2026-08-19T07:04:32.059Z] [INFO] Starting text extraction for type: pdf
[2026-08-19T07:04:32.066Z] [WARN] qpdf repair skipped for C:\Users\admin\Downloads\PDF\uploads\documents-1787123070818-114767936.pdf: spawnSync qpdf ENOENT
[2026-08-19T07:04:32.067Z] [WARN] pdf-parse failed for C:\Users\admin\Downloads\PDF\uploads\documents-1787123070818-114767936.pdf (bad XRef entry). Falling back to pdfjs-dist...
[2026-08-19T07:04:32.070Z] [INFO] Magic-number check passed for aadhya_shah_resume_056.pdf. Detected: pdf
[2026-08-19T07:04:32.070Z] [INFO] Starting text extraction for type: pdf
[2026-08-19T07:04:32.089Z] [WARN] qpdf repair skipped for C:\Users\admin\Downloads\PDF\uploads\documents-1787123070818-593603347.pdf: spawnSync qpdf ENOENT
[2026-08-19T07:04:32.095Z] [INFO] Extraction complete: 610 characters, 1 pages
[2026-08-19T07:04:32.122Z] [INFO] Magic-number check passed for aadhya_singh_resume_003.pdf. Detected: pdf
[2026-08-19T07:04:32.129Z] [INFO] Starting text extraction for type: pdf
[2026-08-19T07:04:32.135Z] [WARN] qpdf repair skipped for C:\Users\admin\Downloads\PDF\uploads\documents-1787123070818-957375705.pdf: spawnSync qpdf ENOENT
[2026-08-19T07:04:32.141Z] [INFO] Extraction complete: 610 characters, 1 pages
[2026-08-19T07:04:32.146Z] [INFO] Magic-number check passed for aarav_bhatt_resume_044.pdf. Detected: pdf
[2026-08-19T07:04:32.146Z] [INFO] Starting text extraction for type: pdf
[2026-08-19T07:04:32.155Z] [WARN] qpdf repair skipped for C:\Users\admin\Downloads\PDF\uploads\documents-1787123070818-459187399.pdf: spawnSync qpdf ENOENT
[2026-08-19T07:04:32.156Z] [WARN] pdf-parse failed for C:\Users\admin\Downloads\PDF\uploads\documents-1787123070818-459187399.pdf (bad XRef entry). Falling back to pdfjs-dist...
[2026-08-19T07:04:32.159Z] [INFO] Magic-number check passed for aarav_chatterjee_resume_015.pdf. Detected: pdf
[2026-08-19T07:04:32.160Z] [INFO] Starting text extraction for type: pdf
[2026-08-19T07:04:32.166Z] [WARN] qpdf repair skipped for C:\Users\admin\Downloads\PDF\uploads\documents-1787123070818-200588310.pdf: spawnSync qpdf ENOENT
[2026-08-19T07:04:32.181Z] [INFO] Extraction complete: 627 characters, 1 pages
[2026-08-19T07:04:32.194Z] [INFO] Magic-number check passed for aarav_joshi_resume_047.pdf. Detected: pdf
[2026-08-19T07:04:32.211Z] [INFO] Starting text extraction for type: pdf
[2026-08-19T07:04:32.229Z] [WARN] qpdf repair skipped for C:\Users\admin\Downloads\PDF\uploads\documents-1787123070818-284798390.pdf: spawnSync qpdf ENOENT
[2026-08-19T07:04:32.233Z] [INFO] Extraction complete: 627 characters, 1 pages
[2026-08-19T07:04:32.263Z] [INFO] Magic-number check passed for abhishek_kulkarni_resume_023.pdf. Detected: pdf
[2026-08-19T07:04:32.271Z] [INFO] Starting text extraction for type: pdf
[2026-08-19T07:04:32.279Z] [WARN] qpdf repair skipped for C:\Users\admin\Downloads\PDF\uploads\documents-1787123070818-155074162.pdf: spawnSync qpdf ENOENT
[2026-08-19T07:04:32.296Z] [WARN] pdf-parse failed for C:\Users\admin\Downloads\PDF\uploads\documents-1787123070818-155074162.pdf (bad XRef entry). Falling back to pdfjs-dist...
[2026-08-19T07:04:32.304Z] [INFO] Magic-number check passed for abhishek_menon_resume_046.pdf. Detected: pdf
[2026-08-19T07:04:32.308Z] [INFO] Starting text extraction for type: pdf
[2026-08-19T07:04:32.382Z] [WARN] qpdf repair skipped for C:\Users\admin\Downloads\PDF\uploads\documents-1787123070818-934108079.pdf: spawnSync qpdf ENOENT
[2026-08-19T07:04:32.397Z] [INFO] Extraction complete: 887 characters, 1 pages
[2026-08-19T07:04:32.406Z] [INFO] Magic-number check passed for aditya_bose_resume_039.pdf. Detected: pdf
[2026-08-19T07:04:32.464Z] [INFO] Starting text extraction for type: pdf
[2026-08-19T07:04:32.478Z] [WARN] qpdf repair skipped for C:\Users\admin\Downloads\PDF\uploads\documents-1787123070818-173261391.pdf: spawnSync qpdf ENOENT
[2026-08-19T07:04:32.511Z] [INFO] Extraction complete: 887 characters, 1 pages
[2026-08-19T07:04:32.513Z] [INFO] Magic-number check passed for aditya_jain_resume_072.pdf. Detected: pdf
[2026-08-19T07:04:32.513Z] [INFO] Starting text extraction for type: pdf
[2026-08-19T07:04:32.517Z] [WARN] qpdf repair skipped for C:\Users\admin\Downloads\PDF\uploads\documents-1787123070818-246178625.pdf: spawnSync qpdf ENOENT
[2026-08-19T07:04:32.518Z] [WARN] pdf-parse failed for C:\Users\admin\Downloads\PDF\uploads\documents-1787123070818-246178625.pdf (bad XRef entry). Falling back to pdfjs-dist...
[2026-08-19T07:04:32.521Z] [INFO] Magic-number check passed for aditya_verma_resume.pdf. Detected: pdf
[2026-08-19T07:04:32.522Z] [INFO] Starting text extraction for type: pdf
[2026-08-19T07:04:32.527Z] [WARN] qpdf repair skipped for C:\Users\admin\Downloads\PDF\uploads\documents-1787123070819-274935881.pdf: spawnSync qpdf ENOENT
[2026-08-19T07:04:32.531Z] [INFO] Extraction complete: 760 characters, 1 pages
[2026-08-19T07:04:32.531Z] [INFO] Magic-number check passed for ananya_bose_resume_071.pdf. Detected: pdf
[2026-08-19T07:04:32.534Z] [INFO] Starting text extraction for type: pdf
[2026-08-19T07:04:32.539Z] [WARN] qpdf repair skipped for C:\Users\admin\Downloads\PDF\uploads\documents-1787123070819-431203138.pdf: spawnSync qpdf ENOENT
[2026-08-19T07:04:32.547Z] [INFO] Extraction complete: 760 characters, 1 pages
[2026-08-19T07:04:32.548Z] [INFO] Magic-number check passed for ananya_kapoor_resume.pdf. Detected: pdf
[2026-08-19T07:04:32.550Z] [INFO] Starting text extraction for type: pdf
[2026-08-19T07:04:32.557Z] [WARN] qpdf repair skipped for C:\Users\admin\Downloads\PDF\uploads\documents-1787123070819-741264651.pdf: spawnSync qpdf ENOENT
[2026-08-19T07:04:32.570Z] [WARN] pdf-parse failed for C:\Users\admin\Downloads\PDF\uploads\documents-1787123070819-741264651.pdf (bad XRef entry). Falling back to pdfjs-dist...
[2026-08-19T07:04:32.574Z] [INFO] Magic-number check passed for ananya_kumar_resume_012.pdf. Detected: pdf
[2026-08-19T07:04:32.583Z] [WARN] qpdf repair skipped for C:\Users\admin\Downloads\PDF\uploads\documents-1787123070819-614548958.pdf: spawnSync qpdf ENOENT
[2026-08-19T07:04:32.579Z] [INFO] Starting text extraction for type: pdf
[2026-08-19T07:04:32.587Z] [INFO] Extraction complete: 608 characters, 1 pages
[2026-08-19T07:04:32.595Z] [INFO] Magic-number check passed for ananya_yadav_resume_004.pdf. Detected: pdf
[2026-08-19T07:04:32.595Z] [INFO] Starting text extraction for type: pdf
[2026-08-19T07:04:32.599Z] [WARN] qpdf repair skipped for C:\Users\admin\Downloads\PDF\uploads\documents-1787123070819-261444972.pdf: spawnSync qpdf ENOENT
[2026-08-19T07:04:32.619Z] [INFO] Extraction complete: 786 characters, 1 pages
[2026-08-19T07:04:32.621Z] [INFO] Magic-number check passed for anika_agarwal_resume_064.pdf. Detected: pdf
[2026-08-19T07:04:32.627Z] [INFO] Starting text extraction for type: pdf
[2026-08-19T07:04:32.632Z] [WARN] qpdf repair skipped for C:\Users\admin\Downloads\PDF\uploads\documents-1787123070819-650283036.pdf: spawnSync qpdf ENOENT
[2026-08-19T07:04:32.638Z] [INFO] Extraction complete: 786 characters, 1 pages
[2026-08-19T07:04:32.645Z] [INFO] Magic-number check passed for anika_desai_resume_010.pdf. Detected: pdf
[2026-08-19T07:04:32.648Z] [INFO] Starting text extraction for type: pdf
[2026-08-19T07:04:32.655Z] [WARN] pdf-parse failed for C:\Users\admin\Downloads\PDF\uploads\documents-1787123070819-406563586.pdf (bad XRef entry). Falling back to pdfjs-dist...
[2026-08-19T07:04:32.652Z] [WARN] qpdf repair skipped for C:\Users\admin\Downloads\PDF\uploads\documents-1787123070819-406563586.pdf: spawnSync qpdf ENOENT
[2026-08-19T07:04:32.689Z] [INFO] Magic-number check passed for anil_ghosh_resume_053.pdf. Detected: pdf
[2026-08-19T07:04:32.698Z] [INFO] Starting text extraction for type: pdf
[2026-08-19T07:04:32.703Z] [WARN] qpdf repair skipped for C:\Users\admin\Downloads\PDF\uploads\documents-1787123070819-720397766.pdf: spawnSync qpdf ENOENT
[2026-08-19T07:04:32.708Z] [INFO] Extraction complete: 646 characters, 1 pages
[2026-08-19T07:04:32.708Z] [INFO] Magic-number check passed for anil_gupta_resume_057.pdf. Detected: pdf
[2026-08-19T07:04:32.716Z] [INFO] Starting text extraction for type: pdf
[2026-08-19T07:04:32.773Z] [WARN] qpdf repair skipped for C:\Users\admin\Downloads\PDF\uploads\documents-1787123070819-798221124.pdf: spawnSync qpdf ENOENT
[2026-08-19T07:04:32.805Z] [INFO] Extraction complete: 646 characters, 1 pages
[2026-08-19T07:04:32.814Z] [INFO] Magic-number check passed for anil_joshi_resume_035.pdf. Detected: pdf
[2026-08-19T07:04:32.821Z] [INFO] Starting text extraction for type: pdf
[2026-08-19T07:04:32.828Z] [WARN] qpdf repair skipped for C:\Users\admin\Downloads\PDF\uploads\documents-1787123070819-651626804.pdf: spawnSync qpdf ENOENT
[2026-08-19T07:04:32.832Z] [WARN] pdf-parse failed for C:\Users\admin\Downloads\PDF\uploads\documents-1787123070819-651626804.pdf (bad XRef entry). Falling back to pdfjs-dist...
[2026-08-19T07:04:32.839Z] [INFO] Magic-number check passed for anil_shah_resume_070.pdf. Detected: pdf
[2026-08-19T07:04:32.842Z] [INFO] Starting text extraction for type: pdf
[2026-08-19T07:04:32.846Z] [WARN] qpdf repair skipped for C:\Users\admin\Downloads\PDF\uploads\documents-1787123070819-485447775.pdf: spawnSync qpdf ENOENT
[2026-08-19T07:04:32.856Z] [INFO] Extraction complete: 774 characters, 1 pages
[2026-08-19T07:04:32.863Z] [INFO] Magic-number check passed for arjun_qureshi_resume_065.pdf. Detected: pdf
[2026-08-19T07:04:32.868Z] [INFO] Starting text extraction for type: pdf
[2026-08-19T07:04:32.874Z] [WARN] qpdf repair skipped for C:\Users\admin\Downloads\PDF\uploads\documents-1787123070820-56013326.pdf: spawnSync qpdf ENOENT
[2026-08-19T07:04:32.894Z] [INFO] Extraction complete: 774 characters, 1 pages
[2026-08-19T07:04:32.919Z] [INFO] Magic-number check passed for ayesha_saxena_resume_041.pdf. Detected: pdf
[2026-08-19T07:04:32.920Z] [INFO] Starting text extraction for type: pdf
[2026-08-19T07:04:32.930Z] [WARN] qpdf repair skipped for C:\Users\admin\Downloads\PDF\uploads\documents-1787123070820-136862316.pdf: spawnSync qpdf ENOENT
[2026-08-19T07:04:32.961Z] [WARN] pdf-parse failed for C:\Users\admin\Downloads\PDF\uploads\documents-1787123070820-136862316.pdf (bad XRef entry). Falling back to pdfjs-dist...
[2026-08-19T07:04:33.004Z] [INFO] Magic-number check passed for deepak_pillai_resume_076.pdf. Detected: pdf
[2026-08-19T07:04:33.072Z] [INFO] Starting text extraction for type: pdf
[2026-08-19T07:04:33.117Z] [WARN] qpdf repair skipped for C:\Users\admin\Downloads\PDF\uploads\documents-1787123070820-471594642.pdf: spawnSync qpdf ENOENT
[2026-08-19T07:04:33.129Z] [INFO] Extraction complete: 635 characters, 1 pages
[2026-08-19T07:04:33.134Z] [INFO] Magic-number check passed for dhruv_khan_resume_042.pdf. Detected: pdf
[2026-08-19T07:04:33.143Z] [INFO] Starting text extraction for type: pdf
[2026-08-19T07:04:33.153Z] [WARN] qpdf repair skipped for C:\Users\admin\Downloads\PDF\uploads\documents-1787123070821-555868006.pdf: spawnSync qpdf ENOENT
[2026-08-19T07:04:33.184Z] [INFO] Extraction complete: 635 characters, 1 pages
[2026-08-19T07:04:33.217Z] [INFO] Magic-number check passed for dhruv_saxena_resume_030.pdf. Detected: pdf
[2026-08-19T07:04:33.236Z] [INFO] Starting text extraction for type: pdf
[2026-08-19T07:04:33.243Z] [WARN] qpdf repair skipped for C:\Users\admin\Downloads\PDF\uploads\documents-1787123070821-689528856.pdf: spawnSync qpdf ENOENT
[2026-08-19T07:04:33.252Z] [WARN] pdf-parse failed for C:\Users\admin\Downloads\PDF\uploads\documents-1787123070821-689528856.pdf (bad XRef entry). Falling back to pdfjs-dist...
[2026-08-19T07:04:33.265Z] [INFO] Magic-number check passed for divya_das_resume_052.pdf. Detected: pdf
[2026-08-19T07:04:33.266Z] [INFO] Starting text extraction for type: pdf
[2026-08-19T07:04:33.272Z] [WARN] qpdf repair skipped for C:\Users\admin\Downloads\PDF\uploads\documents-1787123070821-856271374.pdf: spawnSync qpdf ENOENT
[2026-08-19T07:04:33.276Z] [INFO] Extraction complete: 599 characters, 1 pages
[2026-08-19T07:04:33.277Z] [INFO] Starting text extraction for type: pdf
[2026-08-19T07:04:33.281Z] [WARN] qpdf repair skipped for C:\Users\admin\Downloads\PDF\uploads\documents-1787123070821-891482539.pdf: spawnSync qpdf ENOENT
[2026-08-19T07:04:33.288Z] [INFO] Extraction complete: 599 characters, 1 pages
[2026-08-19T07:04:33.298Z] [INFO] Magic-number check passed for farhan_rao_resume_001.pdf. Detected: pdf
[2026-08-19T07:04:33.277Z] [INFO] Magic-number check passed for divya_nair_resume_069.pdf. Detected: pdf
[2026-08-19T07:04:33.298Z] [INFO] Starting text extraction for type: pdf
[2026-08-19T07:04:33.307Z] [WARN] qpdf repair skipped for C:\Users\admin\Downloads\PDF\uploads\documents-1787123070821-863455639.pdf: spawnSync qpdf ENOENT
[2026-08-19T07:04:33.311Z] [WARN] pdf-parse failed for C:\Users\admin\Downloads\PDF\uploads\documents-1787123070821-863455639.pdf (bad XRef entry). Falling back to pdfjs-dist...
[2026-08-19T07:04:33.319Z] [INFO] Magic-number check passed for farhan_sheikh_resume.pdf. Detected: pdf
[2026-08-19T07:04:33.332Z] [INFO] Starting text extraction for type: pdf
[2026-08-19T07:04:33.342Z] [WARN] qpdf repair skipped for C:\Users\admin\Downloads\PDF\uploads\documents-1787123070822-924614171.pdf: spawnSync qpdf ENOENT
[2026-08-19T07:04:33.349Z] [INFO] Extraction complete: 741 characters, 1 pages
[2026-08-19T07:04:33.363Z] [INFO] Magic-number check passed for gaurav_nair_resume_024.pdf. Detected: pdf
[2026-08-19T07:04:33.369Z] [INFO] Starting text extraction for type: pdf
[2026-08-19T07:04:33.376Z] [WARN] qpdf repair skipped for C:\Users\admin\Downloads\PDF\uploads\documents-1787123070822-987071848.pdf: spawnSync qpdf ENOENT
[2026-08-19T07:04:33.383Z] [INFO] Extraction complete: 741 characters, 1 pages
[2026-08-19T07:04:33.386Z] [INFO] Magic-number check passed for imran_pillai_resume_008.pdf. Detected: pdf
[2026-08-19T07:04:33.388Z] [INFO] Starting text extraction for type: pdf
[2026-08-19T07:04:33.394Z] [WARN] qpdf repair skipped for C:\Users\admin\Downloads\PDF\uploads\documents-1787123070822-362986124.pdf: spawnSync qpdf ENOENT
[2026-08-19T07:04:33.396Z] [WARN] pdf-parse failed for C:\Users\admin\Downloads\PDF\uploads\documents-1787123070822-362986124.pdf (bad XRef entry). Falling back to pdfjs-dist...
[2026-08-19T07:04:33.403Z] [INFO] Magic-number check passed for ira_reddy_resume_060.pdf. Detected: pdf
[2026-08-19T07:04:33.419Z] [INFO] Starting text extraction for type: pdf
[2026-08-19T07:04:33.428Z] [WARN] qpdf repair skipped for C:\Users\admin\Downloads\PDF\uploads\documents-1787123070822-173599904.pdf: spawnSync qpdf ENOENT
[2026-08-19T07:04:33.432Z] [INFO] Extraction complete: 818 characters, 1 pages
[2026-08-19T07:04:33.434Z] [INFO] Magic-number check passed for ishaan_bhatt_resume.pdf. Detected: pdf
[2026-08-19T07:04:33.437Z] [INFO] Starting text extraction for type: pdf
[2026-08-19T07:04:33.445Z] [WARN] qpdf repair skipped for C:\Users\admin\Downloads\PDF\uploads\documents-1787123070822-231419908.pdf: spawnSync qpdf ENOENT
[2026-08-19T07:04:33.447Z] [WARN] pdf-parse failed for C:\Users\admin\Downloads\PDF\uploads\documents-1787123070822-231419908.pdf (Illegal character: 41). Falling back to pdfjs-dist...
[2026-08-19T07:04:33.449Z] [INFO] Magic-number check passed for ira_yadav_resume_082.pdf. Detected: pdf
[2026-08-19T07:04:33.449Z] [INFO] Starting text extraction for type: pdf
[2026-08-19T07:04:33.455Z] [WARN] qpdf repair skipped for C:\Users\admin\Downloads\PDF\uploads\documents-1787123070822-952283563.pdf: spawnSync qpdf ENOENT
[2026-08-19T07:04:33.458Z] [WARN] pdf-parse failed for C:\Users\admin\Downloads\PDF\uploads\documents-1787123070822-952283563.pdf (bad XRef entry). Falling back to pdfjs-dist...
[2026-08-19T07:04:33.461Z] [INFO] Magic-number check passed for kabir_das_resume_034.pdf. Detected: pdf
[2026-08-19T07:04:33.469Z] [INFO] Starting text extraction for type: pdf
[2026-08-19T07:04:33.475Z] [WARN] qpdf repair skipped for C:\Users\admin\Downloads\PDF\uploads\documents-1787123070822-937685278.pdf: spawnSync qpdf ENOENT
[2026-08-19T07:04:33.502Z] [INFO] Extraction complete: 812 characters, 1 pages
[2026-08-19T07:04:33.519Z] [INFO] Magic-number check passed for kabir_malhotra_resume_019.pdf. Detected: pdf
[2026-08-19T07:04:33.520Z] [INFO] Starting text extraction for type: pdf
[2026-08-19T07:04:33.525Z] [WARN] qpdf repair skipped for C:\Users\admin\Downloads\PDF\uploads\documents-1787123070822-260272209.pdf: spawnSync qpdf ENOENT
[2026-08-19T07:04:33.532Z] [INFO] Extraction complete: 812 characters, 1 pages
[2026-08-19T07:04:33.533Z] [INFO] Magic-number check passed for kabir_yadav_resume_033.pdf. Detected: pdf
[2026-08-19T07:04:33.536Z] [INFO] Starting text extraction for type: pdf
[2026-08-19T07:04:33.545Z] [WARN] qpdf repair skipped for C:\Users\admin\Downloads\PDF\uploads\documents-1787123070822-910145325.pdf: spawnSync qpdf ENOENT
[2026-08-19T07:04:33.546Z] [WARN] pdf-parse failed for C:\Users\admin\Downloads\PDF\uploads\documents-1787123070822-910145325.pdf (bad XRef entry). Falling back to pdfjs-dist...
[2026-08-19T07:04:33.549Z] [INFO] Magic-number check passed for karan_desai_resume.pdf. Detected: pdf
[2026-08-19T07:04:33.549Z] [INFO] Starting text extraction for type: pdf
[2026-08-19T07:04:33.554Z] [WARN] qpdf repair skipped for C:\Users\admin\Downloads\PDF\uploads\documents-1787123070822-884014759.pdf: spawnSync qpdf ENOENT
[2026-08-19T07:04:33.560Z] [INFO] Extraction complete: 690 characters, 1 pages
[2026-08-19T07:04:33.592Z] [INFO] Magic-number check passed for karthik_ansari_resume_036.pdf. Detected: pdf
[2026-08-19T07:04:33.605Z] [INFO] Starting text extraction for type: pdf
[2026-08-19T07:04:33.614Z] [WARN] qpdf repair skipped for C:\Users\admin\Downloads\PDF\uploads\documents-1787123070822-758211945.pdf: spawnSync qpdf ENOENT
[2026-08-19T07:04:33.615Z] [WARN] pdf-parse failed for C:\Users\admin\Downloads\PDF\uploads\documents-1787123070822-758211945.pdf (bad XRef entry). Falling back to pdfjs-dist...
[2026-08-19T07:04:33.618Z] [INFO] Magic-number check passed for karthik_das_resume_011.pdf. Detected: pdf
[2026-08-19T07:04:33.618Z] [INFO] Starting text extraction for type: pdf
[2026-08-19T07:04:33.622Z] [WARN] qpdf repair skipped for C:\Users\admin\Downloads\PDF\uploads\documents-1787123070823-493957206.pdf: spawnSync qpdf ENOENT
[2026-08-19T07:04:33.625Z] [WARN] pdf-parse failed for C:\Users\admin\Downloads\PDF\uploads\documents-1787123070823-493957206.pdf (bad XRef entry). Falling back to pdfjs-dist...
[2026-08-19T07:04:33.628Z] [INFO] Magic-number check passed for krishna_yadav_resume_084.pdf. Detected: pdf
[2026-08-19T07:04:33.629Z] [INFO] Starting text extraction for type: pdf
[2026-08-19T07:04:33.633Z] [WARN] qpdf repair skipped for C:\Users\admin\Downloads\PDF\uploads\documents-1787123070823-108932674.pdf: spawnSync qpdf ENOENT
[2026-08-19T07:04:33.639Z] [INFO] Extraction complete: 797 characters, 1 pages
[2026-08-19T07:04:33.647Z] [INFO] Magic-number check passed for krishna_pillai_resume_007.pdf. Detected: pdf
[2026-08-19T07:04:33.650Z] [INFO] Starting text extraction for type: pdf
[2026-08-19T07:04:33.656Z] [WARN] qpdf repair skipped for C:\Users\admin\Downloads\PDF\uploads\documents-1787123070823-896607441.pdf: spawnSync qpdf ENOENT
[2026-08-19T07:04:33.677Z] [INFO] Extraction complete: 797 characters, 1 pages
[2026-08-19T07:04:33.678Z] [INFO] Magic-number check passed for kritika_kapoor_resume_079.pdf. Detected: pdf
[2026-08-19T07:04:33.680Z] [INFO] Starting text extraction for type: pdf
[2026-08-19T07:04:33.686Z] [WARN] qpdf repair skipped for C:\Users\admin\Downloads\PDF\uploads\documents-1787123070823-152077776.pdf: spawnSync qpdf ENOENT
[2026-08-19T07:04:33.687Z] [WARN] pdf-parse failed for C:\Users\admin\Downloads\PDF\uploads\documents-1787123070823-152077776.pdf (bad XRef entry). Falling back to pdfjs-dist...
[2026-08-19T07:04:33.694Z] [INFO] Magic-number check passed for kritika_malhotra_resume_049.pdf. Detected: pdf
[2026-08-19T07:04:33.695Z] [INFO] Starting text extraction for type: pdf
[2026-08-19T07:04:33.701Z] [WARN] qpdf repair skipped for C:\Users\admin\Downloads\PDF\uploads\documents-1787123070823-48870587.pdf: spawnSync qpdf ENOENT
[2026-08-19T07:04:33.708Z] [INFO] Extraction complete: 844 characters, 1 pages
[2026-08-19T07:04:33.711Z] [INFO] Magic-number check passed for kritika_pillai_resume_085.pdf. Detected: pdf
[2026-08-19T07:04:33.714Z] [INFO] Starting text extraction for type: pdf
[2026-08-19T07:04:33.719Z] [WARN] qpdf repair skipped for C:\Users\admin\Downloads\PDF\uploads\documents-1787123070823-546223954.pdf: spawnSync qpdf ENOENT
[2026-08-19T07:04:33.740Z] [INFO] Extraction complete: 844 characters, 1 pages
[2026-08-19T07:04:33.778Z] [INFO] Magic-number check passed for meera_bansal_resume_037.pdf. Detected: pdf
[2026-08-19T07:04:33.781Z] [INFO] Starting text extraction for type: pdf
[2026-08-19T07:04:33.786Z] [WARN] qpdf repair skipped for C:\Users\admin\Downloads\PDF\uploads\documents-1787123070823-334240177.pdf: spawnSync qpdf ENOENT
[2026-08-19T07:04:33.788Z] [WARN] pdf-parse failed for C:\Users\admin\Downloads\PDF\uploads\documents-1787123070823-334240177.pdf (bad XRef entry). Falling back to pdfjs-dist...
[2026-08-19T07:04:33.803Z] [INFO] Magic-number check passed for meera_das_resume_059.pdf. Detected: pdf
[2026-08-19T07:04:33.804Z] [INFO] Starting text extraction for type: pdf
[2026-08-19T07:04:33.810Z] [WARN] qpdf repair skipped for C:\Users\admin\Downloads\PDF\uploads\documents-1787123070824-454983791.pdf: spawnSync qpdf ENOENT
[2026-08-19T07:04:33.814Z] [INFO] Extraction complete: 643 characters, 1 pages
[2026-08-19T07:04:33.815Z] [INFO] Magic-number check passed for meera_iyer_resume.pdf. Detected: pdf
[2026-08-19T07:04:33.815Z] [INFO] Starting text extraction for type: pdf
[2026-08-19T07:04:33.819Z] [WARN] qpdf repair skipped for C:\Users\admin\Downloads\PDF\uploads\documents-1787123070824-942539908.pdf: spawnSync qpdf ENOENT
[2026-08-19T07:04:33.828Z] [INFO] Extraction complete: 643 characters, 1 pages
[2026-08-19T07:04:33.829Z] [INFO] Magic-number check passed for meera_kulkarni_resume_032.pdf. Detected: pdf
[2026-08-19T07:04:33.830Z] [INFO] Starting text extraction for type: pdf
[2026-08-19T07:04:33.834Z] [WARN] qpdf repair skipped for C:\Users\admin\Downloads\PDF\uploads\documents-1787123070824-599382652.pdf: spawnSync qpdf ENOENT
[2026-08-19T07:04:33.835Z] [WARN] pdf-parse failed for C:\Users\admin\Downloads\PDF\uploads\documents-1787123070824-599382652.pdf (bad XRef entry). Falling back to pdfjs-dist...
[2026-08-19T07:04:33.837Z] [INFO] Magic-number check passed for myra_trivedi_resume_048.pdf. Detected: pdf
[2026-08-19T07:04:33.837Z] [INFO] Starting text extraction for type: pdf
[2026-08-19T07:04:33.867Z] [WARN] qpdf repair skipped for C:\Users\admin\Downloads\PDF\uploads\documents-1787123070826-329607157.pdf: spawnSync qpdf ENOENT
[2026-08-19T07:04:33.872Z] [INFO] Extraction complete: 883 characters, 1 pages
[2026-08-19T07:04:33.875Z] [INFO] Magic-number check passed for neha_choudhary_resume.pdf. Detected: pdf
[2026-08-19T07:04:33.877Z] [INFO] Starting text extraction for type: pdf
[2026-08-19T07:04:33.881Z] [WARN] qpdf repair skipped for C:\Users\admin\Downloads\PDF\uploads\documents-1787123070826-993956947.pdf: spawnSync qpdf ENOENT
[2026-08-19T07:04:33.883Z] [WARN] pdf-parse failed for C:\Users\admin\Downloads\PDF\uploads\documents-1787123070826-993956947.pdf (Illegal character: 41). Falling back to pdfjs-dist...
[2026-08-19T07:04:33.885Z] [INFO] Magic-number check passed for neha_mishra_resume_054.pdf. Detected: pdf
[2026-08-19T07:04:33.887Z] [INFO] Starting text extraction for type: pdf
[2026-08-19T07:04:33.908Z] [WARN] qpdf repair skipped for C:\Users\admin\Downloads\PDF\uploads\documents-1787123070826-396126199.pdf: spawnSync qpdf ENOENT
[2026-08-19T07:04:33.922Z] [WARN] pdf-parse failed for C:\Users\admin\Downloads\PDF\uploads\documents-1787123070826-396126199.pdf (bad XRef entry). Falling back to pdfjs-dist...
[2026-08-19T07:04:33.924Z] [INFO] Magic-number check passed for neha_choudhary_resume_022.pdf. Detected: pdf
[2026-08-19T07:04:33.925Z] [INFO] Starting text extraction for type: pdf
[2026-08-19T07:04:33.932Z] [WARN] qpdf repair skipped for C:\Users\admin\Downloads\PDF\uploads\documents-1787123070826-990049045.pdf: spawnSync qpdf ENOENT
[2026-08-19T07:04:33.937Z] [INFO] Extraction complete: 800 characters, 1 pages
[2026-08-19T07:04:33.938Z] [INFO] Magic-number check passed for neha_rao_resume_045.pdf. Detected: pdf
[2026-08-19T07:04:33.938Z] [INFO] Starting text extraction for type: pdf
[2026-08-19T07:04:33.943Z] [WARN] qpdf repair skipped for C:\Users\admin\Downloads\PDF\uploads\documents-1787123070826-36871739.pdf: spawnSync qpdf ENOENT
[2026-08-19T07:04:33.951Z] [INFO] Extraction complete: 632 characters, 1 pages
[2026-08-19T07:04:33.961Z] [INFO] Magic-number check passed for om_ghosh_resume_038.pdf. Detected: pdf
[2026-08-19T07:04:33.961Z] [INFO] Starting text extraction for type: pdf
[2026-08-19T07:04:33.966Z] [WARN] qpdf repair skipped for C:\Users\admin\Downloads\PDF\uploads\documents-1787123070826-247119823.pdf: spawnSync qpdf ENOENT
[2026-08-19T07:04:33.970Z] [INFO] Extraction complete: 632 characters, 1 pages
[2026-08-19T07:04:33.972Z] [INFO] Magic-number check passed for pooja_shah_resume_058.pdf. Detected: pdf
[2026-08-19T07:04:33.984Z] [INFO] Starting text extraction for type: pdf
[2026-08-19T07:04:34.017Z] [WARN] qpdf repair skipped for C:\Users\admin\Downloads\PDF\uploads\documents-1787123070826-869862903.pdf: spawnSync qpdf ENOENT
[2026-08-19T07:04:34.019Z] [WARN] pdf-parse failed for C:\Users\admin\Downloads\PDF\uploads\documents-1787123070826-869862903.pdf (bad XRef entry). Falling back to pdfjs-dist...
[2026-08-19T07:04:34.028Z] [INFO] Magic-number check passed for pranav_khan_resume_027.pdf. Detected: pdf
[2026-08-19T07:04:34.031Z] [INFO] Starting text extraction for type: pdf
[2026-08-19T07:04:34.036Z] [WARN] qpdf repair skipped for C:\Users\admin\Downloads\PDF\uploads\documents-1787123070826-983439627.pdf: spawnSync qpdf ENOENT
[2026-08-19T07:04:34.046Z] [INFO] Extraction complete: 889 characters, 1 pages
[2026-08-19T07:04:34.058Z] [INFO] Magic-number check passed for priya_chauhan_resume_051.pdf. Detected: pdf
[2026-08-19T07:04:34.113Z] [INFO] Starting text extraction for type: pdf
[2026-08-19T07:04:34.121Z] [WARN] qpdf repair skipped for C:\Users\admin\Downloads\PDF\uploads\documents-1787123070826-705795161.pdf: spawnSync qpdf ENOENT
[2026-08-19T07:04:34.213Z] [INFO] Extraction complete: 889 characters, 1 pages
[2026-08-19T07:04:34.297Z] [INFO] Magic-number check passed for priya_nair_resume.pdf. Detected: pdf
[2026-08-19T07:04:34.307Z] [INFO] Starting text extraction for type: pdf
[2026-08-19T07:04:34.359Z] [WARN] qpdf repair skipped for C:\Users\admin\Downloads\PDF\uploads\documents-1787123070827-763608451.pdf: spawnSync qpdf ENOENT
[2026-08-19T07:04:34.436Z] [WARN] pdf-parse failed for C:\Users\admin\Downloads\PDF\uploads\documents-1787123070827-763608451.pdf (bad XRef entry). Falling back to pdfjs-dist...
[2026-08-19T07:04:34.479Z] [INFO] Magic-number check passed for priya_verma_resume_025.pdf. Detected: pdf
[2026-08-19T07:04:34.536Z] [INFO] Starting text extraction for type: pdf
[2026-08-19T07:04:34.609Z] [WARN] qpdf repair skipped for C:\Users\admin\Downloads\PDF\uploads\documents-1787123070827-441585557.pdf: spawnSync qpdf ENOENT
[2026-08-19T07:04:34.667Z] [INFO] Extraction complete: 891 characters, 1 pages
[2026-08-19T07:04:34.675Z] [INFO] Magic-number check passed for priya_menon_resume_080.pdf. Detected: pdf
[2026-08-19T07:04:34.722Z] [INFO] Starting text extraction for type: pdf
[2026-08-19T07:04:34.759Z] [WARN] qpdf repair skipped for C:\Users\admin\Downloads\PDF\uploads\documents-1787123070827-505704857.pdf: spawnSync qpdf ENOENT
[2026-08-19T07:04:34.793Z] [INFO] Extraction complete: 783 characters, 1 pages
[2026-08-19T07:04:34.795Z] [INFO] Magic-number check passed for priya_tiwari_resume_031.pdf. Detected: pdf
[2026-08-19T07:04:34.795Z] [INFO] Starting text extraction for type: pdf
[2026-08-19T07:04:34.849Z] [WARN] qpdf repair skipped for C:\Users\admin\Downloads\PDF\uploads\documents-1787123070827-563390472.pdf: spawnSync qpdf ENOENT
[2026-08-19T07:04:34.890Z] [INFO] Extraction complete: 783 characters, 1 pages
[2026-08-19T07:04:34.906Z] [INFO] Magic-number check passed for rahul_patel_resume_083.pdf. Detected: pdf
[2026-08-19T07:04:34.921Z] [INFO] Starting text extraction for type: pdf
[2026-08-19T07:04:34.929Z] [WARN] qpdf repair skipped for C:\Users\admin\Downloads\PDF\uploads\documents-1787123070827-421514337.pdf: spawnSync qpdf ENOENT
[2026-08-19T07:04:34.934Z] [WARN] pdf-parse failed for C:\Users\admin\Downloads\PDF\uploads\documents-1787123070827-421514337.pdf (bad XRef entry). Falling back to pdfjs-dist...
[2026-08-19T07:04:34.951Z] [INFO] Magic-number check passed for rakesh_pandey_resume_018.pdf. Detected: pdf
[2026-08-19T07:04:34.972Z] [INFO] Starting text extraction for type: pdf
[2026-08-19T07:04:34.991Z] [WARN] qpdf repair skipped for C:\Users\admin\Downloads\PDF\uploads\documents-1787123070827-407394820.pdf: spawnSync qpdf ENOENT
[2026-08-19T07:04:34.996Z] [INFO] Extraction complete: 761 characters, 1 pages
[2026-08-19T07:04:35.001Z] [INFO] Magic-number check passed for rekha_iyer_resume_073.pdf. Detected: pdf
[2026-08-19T07:04:35.002Z] [INFO] Starting text extraction for type: pdf
[2026-08-19T07:04:35.007Z] [WARN] qpdf repair skipped for C:\Users\admin\Downloads\PDF\uploads\documents-1787123070827-709777304.pdf: spawnSync qpdf ENOENT
[2026-08-19T07:04:35.011Z] [INFO] Extraction complete: 761 characters, 1 pages
[2026-08-19T07:04:35.014Z] [INFO] Magic-number check passed for rakesh_reddy_resume_055.pdf. Detected: pdf
[2026-08-19T07:04:35.015Z] [INFO] Starting text extraction for type: pdf
[2026-08-19T07:04:35.022Z] [WARN] qpdf repair skipped for C:\Users\admin\Downloads\PDF\uploads\documents-1787123070827-299641884.pdf: spawnSync qpdf ENOENT
[2026-08-19T07:04:35.025Z] [WARN] pdf-parse failed for C:\Users\admin\Downloads\PDF\uploads\documents-1787123070827-299641884.pdf (bad XRef entry). Falling back to pdfjs-dist...
[2026-08-19T07:04:35.027Z] [INFO] Magic-number check passed for reyansh_kulkarni_resume_026.pdf. Detected: pdf
[2026-08-19T07:04:35.031Z] [INFO] Starting text extraction for type: pdf
[2026-08-19T07:04:35.037Z] [WARN] qpdf repair skipped for C:\Users\admin\Downloads\PDF\uploads\documents-1787123070827-612195778.pdf: spawnSync qpdf ENOENT
[2026-08-19T07:04:35.055Z] [INFO] Extraction complete: 797 characters, 1 pages
[2026-08-19T07:04:35.062Z] [INFO] Magic-number check passed for ritu_sharma_resume.pdf. Detected: pdf
[2026-08-19T07:04:35.063Z] [INFO] Starting text extraction for type: pdf
[2026-08-19T07:04:35.076Z] [WARN] qpdf repair skipped for C:\Users\admin\Downloads\PDF\uploads\documents-1787123070828-203058833.pdf: spawnSync qpdf ENOENT
[2026-08-19T07:04:35.083Z] [INFO] Extraction complete: 830 characters, 1 pages
[2026-08-19T07:04:35.086Z] [INFO] Magic-number check passed for reyansh_menon_resume_016.pdf. Detected: pdf
[2026-08-19T07:04:35.098Z] [INFO] Starting text extraction for type: pdf
[2026-08-19T07:04:35.103Z] [WARN] qpdf repair skipped for C:\Users\admin\Downloads\PDF\uploads\documents-1787123070827-362690146.pdf: spawnSync qpdf ENOENT
[2026-08-19T07:04:35.104Z] [WARN] pdf-parse failed for C:\Users\admin\Downloads\PDF\uploads\documents-1787123070827-362690146.pdf (bad XRef entry). Falling back to pdfjs-dist...
[2026-08-19T07:04:35.107Z] [INFO] Magic-number check passed for rohan_mehta_resume.pdf. Detected: pdf
[2026-08-19T07:04:35.108Z] [INFO] Starting text extraction for type: pdf
[2026-08-19T07:04:35.113Z] [WARN] qpdf repair skipped for C:\Users\admin\Downloads\PDF\uploads\documents-1787123070828-725168686.pdf: spawnSync qpdf ENOENT
[2026-08-19T07:04:35.115Z] [WARN] pdf-parse failed for C:\Users\admin\Downloads\PDF\uploads\documents-1787123070828-725168686.pdf (bad XRef entry). Falling back to pdfjs-dist...
[2026-08-19T07:04:35.117Z] [INFO] Magic-number check passed for sai_patel_resume_050.pdf. Detected: pdf
[2026-08-19T07:04:35.118Z] [INFO] Starting text extraction for type: pdf
[2026-08-19T07:04:35.125Z] [WARN] qpdf repair skipped for C:\Users\admin\Downloads\PDF\uploads\documents-1787123070828-512868344.pdf: spawnSync qpdf ENOENT
[2026-08-19T07:04:35.130Z] [INFO] Extraction complete: 869 characters, 1 pages
[2026-08-19T07:04:35.131Z] [INFO] Magic-number check passed for sai_malhotra_resume_029.pdf. Detected: pdf
[2026-08-19T07:04:35.131Z] [INFO] Starting text extraction for type: pdf
[2026-08-19T07:04:35.147Z] [WARN] qpdf repair skipped for C:\Users\admin\Downloads\PDF\uploads\documents-1787123070828-273374654.pdf: spawnSync qpdf ENOENT
[2026-08-19T07:04:35.151Z] [INFO] Extraction complete: 893 characters, 1 pages
[2026-08-19T07:04:35.158Z] [INFO] Magic-number check passed for sanjay_agarwal_resume_017.pdf. Detected: pdf
[2026-08-19T07:04:35.159Z] [INFO] Starting text extraction for type: pdf
[2026-08-19T07:04:35.163Z] [WARN] qpdf repair skipped for C:\Users\admin\Downloads\PDF\uploads\documents-1787123070828-552947795.pdf: spawnSync qpdf ENOENT
[2026-08-19T07:04:35.168Z] [INFO] Extraction complete: 893 characters, 1 pages
[2026-08-19T07:04:35.172Z] [INFO] Magic-number check passed for sanjay_saxena_resume_066.pdf. Detected: pdf
[2026-08-19T07:04:35.176Z] [INFO] Starting text extraction for type: pdf
[2026-08-19T07:04:35.187Z] [WARN] qpdf repair skipped for C:\Users\admin\Downloads\PDF\uploads\documents-1787123070829-382448129.pdf: spawnSync qpdf ENOENT
[2026-08-19T07:04:35.198Z] [WARN] pdf-parse failed for C:\Users\admin\Downloads\PDF\uploads\documents-1787123070829-382448129.pdf (bad XRef entry). Falling back to pdfjs-dist...
[2026-08-19T07:04:35.213Z] [INFO] Magic-number check passed for sara_khan_resume_009.pdf. Detected: pdf
[2026-08-19T07:04:35.232Z] [INFO] Starting text extraction for type: pdf
[2026-08-19T07:04:35.245Z] [WARN] qpdf repair skipped for C:\Users\admin\Downloads\PDF\uploads\documents-1787123070829-870717311.pdf: spawnSync qpdf ENOENT
[2026-08-19T07:04:35.253Z] [INFO] Extraction complete: 798 characters, 1 pages
[2026-08-19T07:04:35.254Z] [INFO] Magic-number check passed for sara_sharma_resume_002.pdf. Detected: pdf
[2026-08-19T07:04:35.254Z] [INFO] Starting text extraction for type: pdf
[2026-08-19T07:04:35.266Z] [WARN] qpdf repair skipped for C:\Users\admin\Downloads\PDF\uploads\documents-1787123070829-911255757.pdf: spawnSync qpdf ENOENT
[2026-08-19T07:04:35.270Z] [INFO] Extraction complete: 798 characters, 1 pages
[2026-08-19T07:04:35.271Z] [INFO] Magic-number check passed for shreya_choudhary_resume_061.pdf. Detected: pdf
[2026-08-19T07:04:35.301Z] [INFO] Starting text extraction for type: pdf
[2026-08-19T07:04:35.307Z] [WARN] qpdf repair skipped for C:\Users\admin\Downloads\PDF\uploads\documents-1787123070829-626437825.pdf: spawnSync qpdf ENOENT
[2026-08-19T07:04:35.309Z] [WARN] pdf-parse failed for C:\Users\admin\Downloads\PDF\uploads\documents-1787123070829-626437825.pdf (bad XRef entry). Falling back to pdfjs-dist...
[2026-08-19T07:04:35.316Z] [INFO] Magic-number check passed for shreya_bhatt_resume_005.pdf. Detected: pdf
[2026-08-19T07:04:35.339Z] [INFO] Starting text extraction for type: pdf
[2026-08-19T07:04:35.344Z] [WARN] qpdf repair skipped for C:\Users\admin\Downloads\PDF\uploads\documents-1787123070829-63542504.pdf: spawnSync qpdf ENOENT
[2026-08-19T07:04:35.395Z] [INFO] Extraction complete: 889 characters, 1 pages
[2026-08-19T07:04:35.457Z] [INFO] Magic-number check passed for shreya_sharma_resume_075.pdf. Detected: pdf
[2026-08-19T07:04:35.488Z] [INFO] Starting text extraction for type: pdf
[2026-08-19T07:04:35.535Z] [WARN] qpdf repair skipped for C:\Users\admin\Downloads\PDF\uploads\documents-1787123070830-642967711.pdf: spawnSync qpdf ENOENT
[2026-08-19T07:04:35.548Z] [INFO] Extraction complete: 889 characters, 1 pages
[2026-08-19T07:04:35.570Z] [INFO] Magic-number check passed for siddharth_reddy_resume_062.pdf. Detected: pdf
[2026-08-19T07:04:35.571Z] [INFO] Starting text extraction for type: pdf
[2026-08-19T07:04:35.625Z] [WARN] qpdf repair skipped for C:\Users\admin\Downloads\PDF\uploads\documents-1787123070830-175925060.pdf: spawnSync qpdf ENOENT
[2026-08-19T07:04:35.633Z] [WARN] pdf-parse failed for C:\Users\admin\Downloads\PDF\uploads\documents-1787123070830-175925060.pdf (bad XRef entry). Falling back to pdfjs-dist...
[2026-08-19T07:04:35.635Z] [INFO] Magic-number check passed for sunita_agarwal_resume_077.pdf. Detected: pdf
[2026-08-19T07:04:35.635Z] [INFO] Starting text extraction for type: pdf
[2026-08-19T07:04:35.639Z] [WARN] qpdf repair skipped for C:\Users\admin\Downloads\PDF\uploads\documents-1787123070830-487077775.pdf: spawnSync qpdf ENOENT
[2026-08-19T07:04:35.649Z] [INFO] Extraction complete: 905 characters, 1 pages
[2026-08-19T07:04:35.650Z] [INFO] Magic-number check passed for siddharth_bansal_resume_081.pdf. Detected: pdf
[2026-08-19T07:04:35.650Z] [INFO] Starting text extraction for type: pdf
[2026-08-19T07:04:35.655Z] [WARN] qpdf repair skipped for C:\Users\admin\Downloads\PDF\uploads\documents-1787123070830-828420140.pdf: spawnSync qpdf ENOENT
[2026-08-19T07:04:35.661Z] [INFO] Extraction complete: 905 characters, 1 pages
[2026-08-19T07:04:35.669Z] [INFO] Magic-number check passed for sunita_das_resume_040.pdf. Detected: pdf
[2026-08-19T07:04:35.670Z] [INFO] Starting text extraction for type: pdf
[2026-08-19T07:04:35.677Z] [WARN] qpdf repair skipped for C:\Users\admin\Downloads\PDF\uploads\documents-1787123070830-482123395.pdf: spawnSync qpdf ENOENT
[2026-08-19T07:04:35.679Z] [WARN] pdf-parse failed for C:\Users\admin\Downloads\PDF\uploads\documents-1787123070830-482123395.pdf (bad XRef entry). Falling back to pdfjs-dist...
[2026-08-19T07:04:35.682Z] [INFO] Magic-number check passed for sunita_rao_resume.pdf. Detected: pdf
[2026-08-19T07:04:35.685Z] [INFO] Starting text extraction for type: pdf
[2026-08-19T07:04:35.717Z] [WARN] qpdf repair skipped for C:\Users\admin\Downloads\PDF\uploads\documents-1787123070830-523391799.pdf: spawnSync qpdf ENOENT
[2026-08-19T07:04:35.729Z] [INFO] Extraction complete: 947 characters, 1 pages
[2026-08-19T07:04:35.731Z] [INFO] Magic-number check passed for vihaan_bansal_resume_021.pdf. Detected: pdf
[2026-08-19T07:04:35.732Z] [INFO] Starting text extraction for type: pdf
[2026-08-19T07:04:35.739Z] [WARN] qpdf repair skipped for C:\Users\admin\Downloads\PDF\uploads\documents-1787123070830-201251374.pdf: spawnSync qpdf ENOENT
[2026-08-19T07:04:35.743Z] [INFO] Extraction complete: 838 characters, 1 pages
[2026-08-19T07:04:35.744Z] [INFO] Magic-number check passed for tanvi_kulkarni_resume_078.pdf. Detected: pdf
[2026-08-19T07:04:35.744Z] [INFO] Starting text extraction for type: pdf
[2026-08-19T07:04:35.748Z] [WARN] qpdf repair skipped for C:\Users\admin\Downloads\PDF\uploads\documents-1787123070830-416846456.pdf: spawnSync qpdf ENOENT
[2026-08-19T07:04:35.752Z] [INFO] Extraction complete: 838 characters, 1 pages
[2026-08-19T07:04:35.752Z] [INFO] Magic-number check passed for vikram_chauhan_resume.pdf. Detected: pdf
[2026-08-19T07:04:35.753Z] [INFO] Starting text extraction for type: pdf
[2026-08-19T07:04:35.757Z] [WARN] qpdf repair skipped for C:\Users\admin\Downloads\PDF\uploads\documents-1787123070830-872740570.pdf: spawnSync qpdf ENOENT
[2026-08-19T07:04:35.758Z] [WARN] pdf-parse failed for C:\Users\admin\Downloads\PDF\uploads\documents-1787123070830-872740570.pdf (bad XRef entry). Falling back to pdfjs-dist...
[2026-08-19T07:04:35.764Z] [INFO] Magic-number check passed for vishal_saxena_resume_006.pdf. Detected: pdf
[2026-08-19T07:04:35.764Z] [INFO] Starting text extraction for type: pdf
[2026-08-19T07:04:35.768Z] [WARN] qpdf repair skipped for C:\Users\admin\Downloads\PDF\uploads\documents-1787123070830-82651970.pdf: spawnSync qpdf ENOENT
[2026-08-19T07:04:35.797Z] [INFO] Extraction complete: 813 characters, 1 pages
[2026-08-19T07:04:35.798Z] [INFO] Magic-number check passed for vivaan_bose_resume_063.pdf. Detected: pdf
[2026-08-19T07:04:35.801Z] [INFO] Starting text extraction for type: pdf
[2026-08-19T07:04:35.810Z] [WARN] qpdf repair skipped for C:\Users\admin\Downloads\PDF\uploads\documents-1787123070830-575065774.pdf: spawnSync qpdf ENOENT
[2026-08-19T07:04:35.820Z] [INFO] Extraction complete: 813 characters, 1 pages
[2026-08-19T07:04:35.824Z] [INFO] Magic-number check passed for zara_bansal_resume_014.pdf. Detected: pdf
[2026-08-19T07:04:35.827Z] [INFO] Starting text extraction for type: pdf
[2026-08-19T07:04:35.831Z] [WARN] qpdf repair skipped for C:\Users\admin\Downloads\PDF\uploads\documents-1787123070831-715577717.pdf: spawnSync qpdf ENOENT
[2026-08-19T07:04:35.833Z] [WARN] pdf-parse failed for C:\Users\admin\Downloads\PDF\uploads\documents-1787123070831-715577717.pdf (bad XRef entry). Falling back to pdfjs-dist...
[2026-08-19T07:04:35.842Z] [INFO] Magic-number check passed for zara_trivedi_resume_020.pdf. Detected: pdf
[2026-08-19T07:04:35.848Z] [INFO] Starting text extraction for type: pdf
[2026-08-19T07:04:35.853Z] [WARN] qpdf repair skipped for C:\Users\admin\Downloads\PDF\uploads\documents-1787123070831-848121691.pdf: spawnSync qpdf ENOENT
[2026-08-19T07:04:35.860Z] [INFO] Extraction complete: 769 characters, 1 pages
[2026-08-19T07:04:35.861Z] [INFO] Magic-number check passed for sunita_naidu_resume_028.pdf. Detected: pdf
[2026-08-19T07:04:35.861Z] [INFO] Starting text extraction for type: pdf
[2026-08-19T07:04:35.866Z] [WARN] qpdf repair skipped for C:\Users\admin\Downloads\PDF\uploads\documents-1787123070830-362964911.pdf: spawnSync qpdf ENOENT
[2026-08-19T07:04:35.876Z] [INFO] Extraction complete: 769 characters, 1 pages
[2026-08-19T07:04:35.902Z] [INFO] Magic-number check passed for zara_agarwal_resume_013.pdf. Detected: pdf
[2026-08-19T07:04:35.903Z] [INFO] Starting text extraction for type: pdf
[2026-08-19T07:04:35.909Z] [WARN] qpdf repair skipped for C:\Users\admin\Downloads\PDF\uploads\documents-1787123070831-817621391.pdf: spawnSync qpdf ENOENT
[2026-08-19T07:04:35.914Z] [WARN] pdf-parse failed for C:\Users\admin\Downloads\PDF\uploads\documents-1787123070831-817621391.pdf (bad XRef entry). Falling back to pdfjs-dist...
[2026-08-19T07:04:35.946Z] [INFO] Saved extraction record to Supabase with ID 271 (candidate_id: C1250) for: aadhya_malhotra_resume_067.pdf
[2026-08-19T07:04:35.950Z] [INFO] Cleaned up temporary file: C:\Users\admin\Downloads\PDF\uploads\documents-1787123070817-264689249.pdf
[2026-08-19T07:04:35.964Z] [INFO] Magic-number check passed for zara_das_resume_068.pdf. Detected: pdf
[2026-08-19T07:04:35.989Z] [INFO] Starting text extraction for type: pdf
[2026-08-19T07:04:35.998Z] [WARN] qpdf repair skipped for C:\Users\admin\Downloads\PDF\uploads\documents-1787123070831-38574748.pdf: spawnSync qpdf ENOENT
[2026-08-19T07:04:36.000Z] [WARN] pdf-parse failed for C:\Users\admin\Downloads\PDF\uploads\documents-1787123070831-38574748.pdf (bad XRef entry). Falling back to pdfjs-dist...
[2026-08-19T07:04:36.020Z] [INFO] Magic-number check passed for pranav_bose_resume_074.pdf. Detected: pdf
[2026-08-19T07:04:36.022Z] [INFO] Starting text extraction for type: pdf
[2026-08-19T07:04:36.034Z] [WARN] qpdf repair skipped for C:\Users\admin\Downloads\PDF\uploads\documents-1787123070826-625040204.pdf: spawnSync qpdf ENOENT
[2026-08-19T07:04:36.052Z] [INFO] Extraction complete: 854 characters, 1 pages
[2026-08-19T07:04:36.068Z] [INFO] Extraction complete: 799 characters, 1 pages
[2026-08-19T07:04:36.085Z] [INFO] Extraction complete: 767 characters, 1 pages
[2026-08-19T07:04:36.106Z] [INFO] Extraction complete: 855 characters, 1 pages
[2026-08-19T07:04:36.125Z] [INFO] Extraction complete: 814 characters, 1 pages
[2026-08-19T07:04:36.147Z] [INFO] Extraction complete: 1081 characters, 1 pages
[2026-08-19T07:04:36.162Z] [INFO] Extraction complete: 626 characters, 1 pages
[2026-08-19T07:04:36.188Z] [INFO] Extraction complete: 765 characters, 1 pages
[2026-08-19T07:04:36.221Z] [INFO] Extraction complete: 755 characters, 1 pages
[2026-08-19T07:04:36.231Z] [INFO] Extraction complete: 742 characters, 1 pages
[2026-08-19T07:04:36.245Z] [INFO] Extraction complete: 845 characters, 1 pages
[2026-08-19T07:04:36.268Z] [INFO] Extraction complete: 798 characters, 1 pages
[2026-08-19T07:04:36.299Z] [INFO] Extraction complete: 691 characters, 1 pages
[2026-08-19T07:04:36.312Z] [INFO] Extraction complete: 619 characters, 1 pages
[2026-08-19T07:04:36.332Z] [INFO] Extraction complete: 816 characters, 1 pages
[2026-08-19T07:04:36.351Z] [INFO] Extraction complete: 803 characters, 1 pages
[2026-08-19T07:04:36.360Z] [INFO] Extraction complete: 585 characters, 1 pages
[2026-08-19T07:04:36.377Z] [INFO] Extraction complete: 910 characters, 1 pages
[2026-08-19T07:04:36.384Z] [INFO] Extraction complete: 624 characters, 1 pages
[2026-08-19T07:04:36.412Z] [INFO] Extraction complete: 666 characters, 1 pages
[2026-08-19T07:04:36.436Z] [INFO] Extraction complete: 827 characters, 1 pages
[2026-08-19T07:04:36.450Z] [INFO] Extraction complete: 774 characters, 1 pages
[2026-08-19T07:04:36.476Z] [INFO] Extraction complete: 777 characters, 1 pages
[2026-08-19T07:04:36.503Z] [INFO] Extraction complete: 979 characters, 1 pages
[2026-08-19T07:04:36.521Z] [INFO] Extraction complete: 607 characters, 1 pages
[2026-08-19T07:04:36.533Z] [INFO] Extraction complete: 916 characters, 1 pages
[2026-08-19T07:04:36.551Z] [INFO] Extraction complete: 582 characters, 1 pages
[2026-08-19T07:04:36.564Z] [INFO] Extraction complete: 864 characters, 1 pages
[2026-08-19T07:04:36.577Z] [INFO] Extraction complete: 670 characters, 1 pages
[2026-08-19T07:04:36.599Z] [INFO] Extraction complete: 807 characters, 1 pages
[2026-08-19T07:04:36.612Z] [INFO] Extraction complete: 841 characters, 1 pages
[2026-08-19T07:04:36.622Z] [INFO] Extraction complete: 860 characters, 1 pages
[2026-08-19T07:04:36.639Z] [INFO] Extraction complete: 671 characters, 1 pages
[2026-08-19T07:04:36.668Z] [INFO] Extraction complete: 595 characters, 1 pages
[2026-08-19T07:04:36.680Z] [INFO] Extraction complete: 666 characters, 1 pages
[2026-08-19T07:04:36.686Z] [INFO] Saved extraction record to Supabase with ID 272 (candidate_id: C1265) for: ananya_yadav_resume_004.pdf
[2026-08-19T07:04:36.688Z] [INFO] Cleaned up temporary file: C:\Users\admin\Downloads\PDF\uploads\documents-1787123070819-261444972.pdf
[2026-08-19T07:04:36.722Z] [INFO] Extraction complete: 629 characters, 1 pages
[2026-08-19T07:04:36.819Z] [INFO] Saved extraction record to Supabase with ID 273 (candidate_id: C1266) for: anika_agarwal_resume_064.pdf
[2026-08-19T07:04:36.820Z] [INFO] Cleaned up temporary file: C:\Users\admin\Downloads\PDF\uploads\documents-1787123070819-650283036.pdf
[2026-08-19T07:04:36.953Z] [INFO] Saved extraction record to Supabase with ID 274 (candidate_id: C1268) for: anil_ghosh_resume_053.pdf
[2026-08-19T07:04:36.954Z] [INFO] Cleaned up temporary file: C:\Users\admin\Downloads\PDF\uploads\documents-1787123070819-720397766.pdf
[2026-08-19T07:04:37.087Z] [INFO] Saved extraction record to Supabase with ID 275 (candidate_id: C1269) for: anil_gupta_resume_057.pdf
[2026-08-19T07:04:37.091Z] [INFO] Cleaned up temporary file: C:\Users\admin\Downloads\PDF\uploads\documents-1787123070819-798221124.pdf
[2026-08-19T07:04:37.225Z] [INFO] Saved extraction record to Supabase with ID 276 (candidate_id: C1271) for: anil_shah_resume_070.pdf
[2026-08-19T07:04:37.226Z] [INFO] Cleaned up temporary file: C:\Users\admin\Downloads\PDF\uploads\documents-1787123070819-485447775.pdf
[2026-08-19T07:04:37.359Z] [INFO] Saved extraction record to Supabase with ID 277 (candidate_id: C1272) for: arjun_qureshi_resume_065.pdf
[2026-08-19T07:04:37.360Z] [INFO] Cleaned up temporary file: C:\Users\admin\Downloads\PDF\uploads\documents-1787123070820-56013326.pdf
[2026-08-19T07:04:37.430Z] [INFO] Saved extraction record to Supabase with ID 278 (candidate_id: C1258) for: abhishek_menon_resume_046.pdf
[2026-08-19T07:04:37.431Z] [INFO] Cleaned up temporary file: C:\Users\admin\Downloads\PDF\uploads\documents-1787123070818-934108079.pdf
[2026-08-19T07:04:37.450Z] [INFO] Saved extraction record to Supabase with ID 280 (candidate_id: C1262) for: ananya_bose_resume_071.pdf
[2026-08-19T07:04:37.452Z] [INFO] Cleaned up temporary file: C:\Users\admin\Downloads\PDF\uploads\documents-1787123070819-431203138.pdf
[2026-08-19T07:04:37.461Z] [INFO] Saved extraction record to Supabase with ID 281 (candidate_id: C1264) for: ananya_kumar_resume_012.pdf
[2026-08-19T07:04:37.468Z] [INFO] Cleaned up temporary file: C:\Users\admin\Downloads\PDF\uploads\documents-1787123070819-614548958.pdf
[2026-08-19T07:04:37.469Z] [INFO] Saved extraction record to Supabase with ID 279 (candidate_id: C1253) for: aadhya_singh_resume_003.pdf
[2026-08-19T07:04:37.470Z] [INFO] Cleaned up temporary file: C:\Users\admin\Downloads\PDF\uploads\documents-1787123070818-957375705.pdf
[2026-08-19T07:04:37.491Z] [INFO] Saved extraction record to Supabase with ID 282 (candidate_id: C1252) for: aadhya_shah_resume_056.pdf
[2026-08-19T07:04:37.497Z] [INFO] Cleaned up temporary file: C:\Users\admin\Downloads\PDF\uploads\documents-1787123070818-593603347.pdf
[2026-08-19T07:04:37.498Z] [INFO] Saved extraction record to Supabase with ID 283 (candidate_id: C1255) for: aarav_chatterjee_resume_015.pdf
[2026-08-19T07:04:37.498Z] [INFO] Cleaned up temporary file: C:\Users\admin\Downloads\PDF\uploads\documents-1787123070818-200588310.pdf
[2026-08-19T07:04:37.499Z] [INFO] Cleaned up temporary file: C:\Users\admin\Downloads\PDF\uploads\documents-1787123070818-173261391.pdf
[2026-08-19T07:04:37.500Z] [INFO] Saved extraction record to Supabase with ID 285 (candidate_id: C1261) for: aditya_verma_resume.pdf
[2026-08-19T07:04:37.499Z] [INFO] Saved extraction record to Supabase with ID 284 (candidate_id: C1259) for: aditya_bose_resume_039.pdf
[2026-08-19T07:04:37.500Z] [INFO] Cleaned up temporary file: C:\Users\admin\Downloads\PDF\uploads\documents-1787123070819-274935881.pdf
[2026-08-19T07:04:37.501Z] [INFO] Saved extraction record to Supabase with ID 286 (candidate_id: C1274) for: deepak_pillai_resume_076.pdf
[2026-08-19T07:04:37.502Z] [INFO] Cleaned up temporary file: C:\Users\admin\Downloads\PDF\uploads\documents-1787123070820-471594642.pdf
[2026-08-19T07:04:37.536Z] [INFO] Saved extraction record to Supabase with ID 287 (candidate_id: C1256) for: aarav_joshi_resume_047.pdf
[2026-08-19T07:04:37.537Z] [INFO] Cleaned up temporary file: C:\Users\admin\Downloads\PDF\uploads\documents-1787123070818-284798390.pdf
[2026-08-19T07:04:37.556Z] [INFO] Saved extraction record to Supabase with ID 288 (candidate_id: C1275) for: dhruv_khan_resume_042.pdf
[2026-08-19T07:04:37.557Z] [INFO] Cleaned up temporary file: C:\Users\admin\Downloads\PDF\uploads\documents-1787123070821-555868006.pdf
[2026-08-19T07:04:37.578Z] [INFO] Saved extraction record to Supabase with ID 289 (candidate_id: C1277) for: divya_das_resume_052.pdf
[2026-08-19T07:04:37.583Z] [INFO] Cleaned up temporary file: C:\Users\admin\Downloads\PDF\uploads\documents-1787123070821-856271374.pdf
[2026-08-19T07:04:37.594Z] [INFO] Saved extraction record to Supabase with ID 290 (candidate_id: C1278) for: divya_nair_resume_069.pdf
[2026-08-19T07:04:37.595Z] [INFO] Cleaned up temporary file: C:\Users\admin\Downloads\PDF\uploads\documents-1787123070821-891482539.pdf
[2026-08-19T07:04:37.601Z] [INFO] Saved extraction record to Supabase with ID 291 (candidate_id: C1280) for: farhan_sheikh_resume.pdf
[2026-08-19T07:04:37.602Z] [INFO] Cleaned up temporary file: C:\Users\admin\Downloads\PDF\uploads\documents-1787123070822-924614171.pdf
[2026-08-19T07:04:37.632Z] [INFO] Saved extraction record to Supabase with ID 292 (candidate_id: C1281) for: gaurav_nair_resume_024.pdf
[2026-08-19T07:04:37.637Z] [INFO] Cleaned up temporary file: C:\Users\admin\Downloads\PDF\uploads\documents-1787123070822-987071848.pdf
[2026-08-19T07:04:37.638Z] [INFO] Saved extraction record to Supabase with ID 293 (candidate_id: C1283) for: ira_reddy_resume_060.pdf
[2026-08-19T07:04:37.640Z] [INFO] Cleaned up temporary file: C:\Users\admin\Downloads\PDF\uploads\documents-1787123070822-173599904.pdf
[2026-08-19T07:04:37.648Z] [INFO] Saved extraction record to Supabase with ID 294 (candidate_id: C1286) for: kabir_das_resume_034.pdf
[2026-08-19T07:04:37.649Z] [INFO] Cleaned up temporary file: C:\Users\admin\Downloads\PDF\uploads\documents-1787123070822-937685278.pdf
[2026-08-19T07:04:37.651Z] [INFO] Saved extraction record to Supabase with ID 295 (candidate_id: C1287) for: kabir_malhotra_resume_019.pdf
[2026-08-19T07:04:37.652Z] [INFO] Cleaned up temporary file: C:\Users\admin\Downloads\PDF\uploads\documents-1787123070822-260272209.pdf
[2026-08-19T07:04:37.654Z] [INFO] Saved extraction record to Supabase with ID 296 (candidate_id: C1289) for: karan_desai_resume.pdf
[2026-08-19T07:04:37.655Z] [INFO] Cleaned up temporary file: C:\Users\admin\Downloads\PDF\uploads\documents-1787123070822-884014759.pdf
[2026-08-19T07:04:37.679Z] [INFO] Saved extraction record to Supabase with ID 297 (candidate_id: C1293) for: krishna_yadav_resume_084.pdf
[2026-08-19T07:04:37.680Z] [INFO] Cleaned up temporary file: C:\Users\admin\Downloads\PDF\uploads\documents-1787123070823-108932674.pdf
[2026-08-19T07:04:37.682Z] [INFO] Saved extraction record to Supabase with ID 298 (candidate_id: C1292) for: krishna_pillai_resume_007.pdf
[2026-08-19T07:04:37.685Z] [INFO] Cleaned up temporary file: C:\Users\admin\Downloads\PDF\uploads\documents-1787123070823-896607441.pdf
[2026-08-19T07:04:37.706Z] [INFO] Saved extraction record to Supabase with ID 299 (candidate_id: C1295) for: kritika_malhotra_resume_049.pdf
[2026-08-19T07:04:37.707Z] [INFO] Cleaned up temporary file: C:\Users\admin\Downloads\PDF\uploads\documents-1787123070823-48870587.pdf
[2026-08-19T07:04:37.725Z] [INFO] Saved extraction record to Supabase with ID 300 (candidate_id: C1296) for: kritika_pillai_resume_085.pdf
[2026-08-19T07:04:37.727Z] [INFO] Cleaned up temporary file: C:\Users\admin\Downloads\PDF\uploads\documents-1787123070823-546223954.pdf
[2026-08-19T07:04:37.736Z] [INFO] Cleaned up temporary file: C:\Users\admin\Downloads\PDF\uploads\documents-1787123070824-454983791.pdf
[2026-08-19T07:04:37.735Z] [INFO] Saved extraction record to Supabase with ID 301 (candidate_id: C1298) for: meera_das_resume_059.pdf
[2026-08-19T07:04:37.770Z] [INFO] Saved extraction record to Supabase with ID 302 (candidate_id: C1299) for: meera_iyer_resume.pdf
[2026-08-19T07:04:37.779Z] [INFO] Cleaned up temporary file: C:\Users\admin\Downloads\PDF\uploads\documents-1787123070824-942539908.pdf
[2026-08-19T07:04:37.804Z] [INFO] Saved extraction record to Supabase with ID 303 (candidate_id: C1301) for: myra_trivedi_resume_048.pdf
[2026-08-19T07:04:37.805Z] [INFO] Cleaned up temporary file: C:\Users\admin\Downloads\PDF\uploads\documents-1787123070826-329607157.pdf
[2026-08-19T07:04:37.810Z] [INFO] Saved extraction record to Supabase with ID 304 (candidate_id: C1303) for: neha_choudhary_resume_022.pdf
[2026-08-19T07:04:37.811Z] [INFO] Cleaned up temporary file: C:\Users\admin\Downloads\PDF\uploads\documents-1787123070826-990049045.pdf
[2026-08-19T07:04:37.812Z] [INFO] Saved extraction record to Supabase with ID 305 (candidate_id: C1305) for: neha_rao_resume_045.pdf
[2026-08-19T07:04:37.814Z] [INFO] Cleaned up temporary file: C:\Users\admin\Downloads\PDF\uploads\documents-1787123070826-36871739.pdf
[2026-08-19T07:04:37.839Z] [INFO] Saved extraction record to Supabase with ID 306 (candidate_id: C1306) for: om_ghosh_resume_038.pdf
[2026-08-19T07:04:37.848Z] [INFO] Cleaned up temporary file: C:\Users\admin\Downloads\PDF\uploads\documents-1787123070826-247119823.pdf
[2026-08-19T07:04:37.865Z] [INFO] Saved extraction record to Supabase with ID 308 (candidate_id: C1310) for: priya_chauhan_resume_051.pdf
[2026-08-19T07:04:37.869Z] [INFO] Cleaned up temporary file: C:\Users\admin\Downloads\PDF\uploads\documents-1787123070826-705795161.pdf
[2026-08-19T07:04:37.881Z] [INFO] Saved extraction record to Supabase with ID 307 (candidate_id: C1309) for: pranav_khan_resume_027.pdf
[2026-08-19T07:04:37.883Z] [INFO] Cleaned up temporary file: C:\Users\admin\Downloads\PDF\uploads\documents-1787123070826-983439627.pdf
[2026-08-19T07:04:37.903Z] [INFO] Saved extraction record to Supabase with ID 309 (candidate_id: C1314) for: priya_verma_resume_025.pdf
[2026-08-19T07:04:37.907Z] [INFO] Cleaned up temporary file: C:\Users\admin\Downloads\PDF\uploads\documents-1787123070827-441585557.pdf
[2026-08-19T07:04:37.910Z] [INFO] Saved extraction record to Supabase with ID 310 (candidate_id: C1311) for: priya_menon_resume_080.pdf
[2026-08-19T07:04:37.911Z] [INFO] Cleaned up temporary file: C:\Users\admin\Downloads\PDF\uploads\documents-1787123070827-505704857.pdf
[2026-08-19T07:04:37.913Z] [INFO] Saved extraction record to Supabase with ID 311 (candidate_id: C1313) for: priya_tiwari_resume_031.pdf
[2026-08-19T07:04:37.915Z] [INFO] Cleaned up temporary file: C:\Users\admin\Downloads\PDF\uploads\documents-1787123070827-563390472.pdf
[2026-08-19T07:04:37.916Z] [INFO] Saved extraction record to Supabase with ID 312 (candidate_id: C1316) for: rakesh_pandey_resume_018.pdf
[2026-08-19T07:04:37.917Z] [INFO] Cleaned up temporary file: C:\Users\admin\Downloads\PDF\uploads\documents-1787123070827-407394820.pdf
[2026-08-19T07:04:37.941Z] [INFO] Saved extraction record to Supabase with ID 313 (candidate_id: C1318) for: rekha_iyer_resume_073.pdf
[2026-08-19T07:04:37.982Z] [INFO] Cleaned up temporary file: C:\Users\admin\Downloads\PDF\uploads\documents-1787123070827-709777304.pdf
[2026-08-19T07:04:37.998Z] [INFO] Saved extraction record to Supabase with ID 314 (candidate_id: C1319) for: reyansh_kulkarni_resume_026.pdf
[2026-08-19T07:04:37.999Z] [INFO] Cleaned up temporary file: C:\Users\admin\Downloads\PDF\uploads\documents-1787123070827-612195778.pdf
[2026-08-19T07:04:38.002Z] [INFO] Saved extraction record to Supabase with ID 315 (candidate_id: C1321) for: ritu_sharma_resume.pdf
[2026-08-19T07:04:38.004Z] [INFO] Cleaned up temporary file: C:\Users\admin\Downloads\PDF\uploads\documents-1787123070828-203058833.pdf
[2026-08-19T07:04:38.006Z] [INFO] Saved extraction record to Supabase with ID 316 (candidate_id: C1324) for: sai_patel_resume_050.pdf
[2026-08-19T07:04:38.009Z] [INFO] Cleaned up temporary file: C:\Users\admin\Downloads\PDF\uploads\documents-1787123070828-512868344.pdf
[2026-08-19T07:04:38.014Z] [INFO] Saved extraction record to Supabase with ID 317 (candidate_id: C1323) for: sai_malhotra_resume_029.pdf
[2026-08-19T07:04:38.015Z] [INFO] Cleaned up temporary file: C:\Users\admin\Downloads\PDF\uploads\documents-1787123070828-273374654.pdf
[2026-08-19T07:04:38.027Z] [INFO] Saved extraction record to Supabase with ID 318 (candidate_id: C1325) for: sanjay_agarwal_resume_017.pdf
[2026-08-19T07:04:38.029Z] [INFO] Cleaned up temporary file: C:\Users\admin\Downloads\PDF\uploads\documents-1787123070828-552947795.pdf
[2026-08-19T07:04:38.031Z] [INFO] Cleaned up temporary file: C:\Users\admin\Downloads\PDF\uploads\documents-1787123070829-870717311.pdf
[2026-08-19T07:04:38.031Z] [INFO] Saved extraction record to Supabase with ID 319 (candidate_id: C1327) for: sara_khan_resume_009.pdf
[2026-08-19T07:04:38.049Z] [INFO] Saved extraction record to Supabase with ID 320 (candidate_id: C1328) for: sara_sharma_resume_002.pdf
[2026-08-19T07:04:38.051Z] [INFO] Cleaned up temporary file: C:\Users\admin\Downloads\PDF\uploads\documents-1787123070829-911255757.pdf
[2026-08-19T07:04:38.052Z] [INFO] Saved extraction record to Supabase with ID 321 (candidate_id: C1329) for: shreya_bhatt_resume_005.pdf
[2026-08-19T07:04:38.053Z] [INFO] Cleaned up temporary file: C:\Users\admin\Downloads\PDF\uploads\documents-1787123070829-63542504.pdf
[2026-08-19T07:04:38.054Z] [INFO] Saved extraction record to Supabase with ID 322 (candidate_id: C1331) for: shreya_sharma_resume_075.pdf
[2026-08-19T07:04:38.054Z] [INFO] Cleaned up temporary file: C:\Users\admin\Downloads\PDF\uploads\documents-1787123070830-642967711.pdf
[2026-08-19T07:04:38.080Z] [INFO] Saved extraction record to Supabase with ID 323 (candidate_id: C1334) for: sunita_agarwal_resume_077.pdf
[2026-08-19T07:04:38.081Z] [INFO] Cleaned up temporary file: C:\Users\admin\Downloads\PDF\uploads\documents-1787123070830-487077775.pdf
[2026-08-19T07:04:38.132Z] [INFO] Saved extraction record to Supabase with ID 324 (candidate_id: C1332) for: siddharth_bansal_resume_081.pdf
[2026-08-19T07:04:38.133Z] [INFO] Cleaned up temporary file: C:\Users\admin\Downloads\PDF\uploads\documents-1787123070830-828420140.pdf
[2026-08-19T07:04:38.137Z] [INFO] Saved extraction record to Supabase with ID 325 (candidate_id: C1337) for: sunita_rao_resume.pdf
[2026-08-19T07:04:38.143Z] [INFO] Cleaned up temporary file: C:\Users\admin\Downloads\PDF\uploads\documents-1787123070830-523391799.pdf
[2026-08-19T07:04:38.145Z] [INFO] Saved extraction record to Supabase with ID 327 (candidate_id: C1338) for: tanvi_kulkarni_resume_078.pdf
[2026-08-19T07:04:38.146Z] [INFO] Cleaned up temporary file: C:\Users\admin\Downloads\PDF\uploads\documents-1787123070830-416846456.pdf
[2026-08-19T07:04:38.147Z] [INFO] Saved extraction record to Supabase with ID 326 (candidate_id: C1339) for: vihaan_bansal_resume_021.pdf
[2026-08-19T07:04:38.147Z] [INFO] Cleaned up temporary file: C:\Users\admin\Downloads\PDF\uploads\documents-1787123070830-201251374.pdf
[2026-08-19T07:04:38.159Z] [INFO] Saved extraction record to Supabase with ID 329 (candidate_id: C1342) for: vivaan_bose_resume_063.pdf
[2026-08-19T07:04:38.163Z] [INFO] Cleaned up temporary file: C:\Users\admin\Downloads\PDF\uploads\documents-1787123070830-575065774.pdf
[2026-08-19T07:04:38.168Z] [INFO] Saved extraction record to Supabase with ID 328 (candidate_id: C1341) for: vishal_saxena_resume_006.pdf
[2026-08-19T07:04:38.168Z] [INFO] Cleaned up temporary file: C:\Users\admin\Downloads\PDF\uploads\documents-1787123070830-82651970.pdf
[2026-08-19T07:04:38.179Z] [INFO] Saved extraction record to Supabase with ID 330 (candidate_id: C1346) for: zara_trivedi_resume_020.pdf
[2026-08-19T07:04:38.180Z] [INFO] Cleaned up temporary file: C:\Users\admin\Downloads\PDF\uploads\documents-1787123070831-848121691.pdf
[2026-08-19T07:04:38.188Z] [INFO] Saved extraction record to Supabase with ID 331 (candidate_id: C1336) for: sunita_naidu_resume_028.pdf
[2026-08-19T07:04:38.189Z] [INFO] Cleaned up temporary file: C:\Users\admin\Downloads\PDF\uploads\documents-1787123070830-362964911.pdf
[2026-08-19T07:04:38.195Z] [INFO] Saved extraction record to Supabase with ID 332 (candidate_id: C1308) for: pranav_bose_resume_074.pdf
[2026-08-19T07:04:38.196Z] [INFO] Cleaned up temporary file: C:\Users\admin\Downloads\PDF\uploads\documents-1787123070826-625040204.pdf
[2026-08-19T07:04:38.219Z] [INFO] Saved extraction record to Supabase with ID 333 (candidate_id: C1251) for: aadhya_nair_resume_043.pdf
[2026-08-19T07:04:38.225Z] [INFO] Cleaned up temporary file: C:\Users\admin\Downloads\PDF\uploads\documents-1787123070818-114767936.pdf
[2026-08-19T07:04:38.267Z] [INFO] Saved extraction record to Supabase with ID 334 (candidate_id: C1254) for: aarav_bhatt_resume_044.pdf
[2026-08-19T07:04:38.267Z] [INFO] Cleaned up temporary file: C:\Users\admin\Downloads\PDF\uploads\documents-1787123070818-459187399.pdf
[2026-08-19T07:04:38.270Z] [INFO] Saved extraction record to Supabase with ID 335 (candidate_id: C1257) for: abhishek_kulkarni_resume_023.pdf
[2026-08-19T07:04:38.274Z] [INFO] Saved extraction record to Supabase with ID 336 (candidate_id: C1260) for: aditya_jain_resume_072.pdf
[2026-08-19T07:04:38.275Z] [INFO] Cleaned up temporary file: C:\Users\admin\Downloads\PDF\uploads\documents-1787123070818-246178625.pdf
[2026-08-19T07:04:38.272Z] [INFO] Cleaned up temporary file: C:\Users\admin\Downloads\PDF\uploads\documents-1787123070818-155074162.pdf
[2026-08-19T07:04:38.281Z] [INFO] Saved extraction record to Supabase with ID 337 (candidate_id: C1263) for: ananya_kapoor_resume.pdf
[2026-08-19T07:04:38.283Z] [INFO] Cleaned up temporary file: C:\Users\admin\Downloads\PDF\uploads\documents-1787123070819-741264651.pdf
[2026-08-19T07:04:38.294Z] [INFO] Saved extraction record to Supabase with ID 338 (candidate_id: C1267) for: anika_desai_resume_010.pdf
[2026-08-19T07:04:38.294Z] [INFO] Cleaned up temporary file: C:\Users\admin\Downloads\PDF\uploads\documents-1787123070819-406563586.pdf
[2026-08-19T07:04:38.311Z] [INFO] Saved extraction record to Supabase with ID 339 (candidate_id: C1270) for: anil_joshi_resume_035.pdf
[2026-08-19T07:04:38.312Z] [INFO] Cleaned up temporary file: C:\Users\admin\Downloads\PDF\uploads\documents-1787123070819-651626804.pdf
[2026-08-19T07:04:38.314Z] [INFO] Saved extraction record to Supabase with ID 340 (candidate_id: C1273) for: ayesha_saxena_resume_041.pdf
[2026-08-19T07:04:38.315Z] [INFO] Cleaned up temporary file: C:\Users\admin\Downloads\PDF\uploads\documents-1787123070820-136862316.pdf
[2026-08-19T07:04:38.317Z] [INFO] Saved extraction record to Supabase with ID 341 (candidate_id: C1276) for: dhruv_saxena_resume_030.pdf
[2026-08-19T07:04:38.317Z] [INFO] Cleaned up temporary file: C:\Users\admin\Downloads\PDF\uploads\documents-1787123070821-689528856.pdf
[2026-08-19T07:04:38.331Z] [INFO] Saved extraction record to Supabase with ID 342 (candidate_id: C1279) for: farhan_rao_resume_001.pdf
[2026-08-19T07:04:38.332Z] [INFO] Cleaned up temporary file: C:\Users\admin\Downloads\PDF\uploads\documents-1787123070821-863455639.pdf
[2026-08-19T07:04:38.359Z] [INFO] Saved extraction record to Supabase with ID 343 (candidate_id: C1282) for: imran_pillai_resume_008.pdf
[2026-08-19T07:04:38.361Z] [INFO] Cleaned up temporary file: C:\Users\admin\Downloads\PDF\uploads\documents-1787123070822-362986124.pdf
[2026-08-19T07:04:38.399Z] [INFO] Saved extraction record to Supabase with ID 346 (candidate_id: C1288) for: kabir_yadav_resume_033.pdf
[2026-08-19T07:04:38.400Z] [INFO] Cleaned up temporary file: C:\Users\admin\Downloads\PDF\uploads\documents-1787123070822-910145325.pdf
[2026-08-19T07:04:38.411Z] [INFO] Saved extraction record to Supabase with ID 344 (candidate_id: C1285) for: ishaan_bhatt_resume.pdf
[2026-08-19T07:04:38.412Z] [INFO] Cleaned up temporary file: C:\Users\admin\Downloads\PDF\uploads\documents-1787123070822-231419908.pdf
[2026-08-19T07:04:38.413Z] [INFO] Saved extraction record to Supabase with ID 345 (candidate_id: C1284) for: ira_yadav_resume_082.pdf
[2026-08-19T07:04:38.422Z] [INFO] Cleaned up temporary file: C:\Users\admin\Downloads\PDF\uploads\documents-1787123070822-952283563.pdf
[2026-08-19T07:04:38.425Z] [INFO] Saved extraction record to Supabase with ID 347 (candidate_id: C1290) for: karthik_ansari_resume_036.pdf
[2026-08-19T07:04:38.432Z] [INFO] Cleaned up temporary file: C:\Users\admin\Downloads\PDF\uploads\documents-1787123070822-758211945.pdf
[2026-08-19T07:04:38.433Z] [INFO] Saved extraction record to Supabase with ID 348 (candidate_id: C1291) for: karthik_das_resume_011.pdf
[2026-08-19T07:04:38.434Z] [INFO] Cleaned up temporary file: C:\Users\admin\Downloads\PDF\uploads\documents-1787123070823-493957206.pdf
[2026-08-19T07:04:38.447Z] [INFO] Saved extraction record to Supabase with ID 350 (candidate_id: C1297) for: meera_bansal_resume_037.pdf
[2026-08-19T07:04:38.467Z] [INFO] Saved extraction record to Supabase with ID 351 (candidate_id: C1300) for: meera_kulkarni_resume_032.pdf
[2026-08-19T07:04:38.470Z] [INFO] Cleaned up temporary file: C:\Users\admin\Downloads\PDF\uploads\documents-1787123070823-152077776.pdf
[2026-08-19T07:04:38.472Z] [INFO] Saved extraction record to Supabase with ID 352 (candidate_id: C1302) for: neha_choudhary_resume.pdf
[2026-08-19T07:04:38.473Z] [INFO] Cleaned up temporary file: C:\Users\admin\Downloads\PDF\uploads\documents-1787123070826-993956947.pdf
[2026-08-19T07:04:38.469Z] [INFO] Cleaned up temporary file: C:\Users\admin\Downloads\PDF\uploads\documents-1787123070824-599382652.pdf
[2026-08-19T07:04:38.460Z] [INFO] Cleaned up temporary file: C:\Users\admin\Downloads\PDF\uploads\documents-1787123070823-334240177.pdf
[2026-08-19T07:04:38.470Z] [INFO] Saved extraction record to Supabase with ID 349 (candidate_id: C1294) for: kritika_kapoor_resume_079.pdf
[2026-08-19T07:04:38.494Z] [INFO] Saved extraction record to Supabase with ID 353 (candidate_id: C1304) for: neha_mishra_resume_054.pdf
[2026-08-19T07:04:38.495Z] [INFO] Cleaned up temporary file: C:\Users\admin\Downloads\PDF\uploads\documents-1787123070826-396126199.pdf
[2026-08-19T07:04:38.525Z] [INFO] Saved extraction record to Supabase with ID 354 (candidate_id: C1307) for: pooja_shah_resume_058.pdf
[2026-08-19T07:04:38.526Z] [INFO] Cleaned up temporary file: C:\Users\admin\Downloads\PDF\uploads\documents-1787123070826-869862903.pdf
[2026-08-19T07:04:38.545Z] [INFO] Saved extraction record to Supabase with ID 355 (candidate_id: C1312) for: priya_nair_resume.pdf
[2026-08-19T07:04:38.546Z] [INFO] Cleaned up temporary file: C:\Users\admin\Downloads\PDF\uploads\documents-1787123070827-763608451.pdf
[2026-08-19T07:04:38.551Z] [INFO] Saved extraction record to Supabase with ID 356 (candidate_id: C1315) for: rahul_patel_resume_083.pdf
[2026-08-19T07:04:38.553Z] [INFO] Cleaned up temporary file: C:\Users\admin\Downloads\PDF\uploads\documents-1787123070827-421514337.pdf
[2026-08-19T07:04:38.558Z] [INFO] Saved extraction record to Supabase with ID 357 (candidate_id: C1317) for: rakesh_reddy_resume_055.pdf
[2026-08-19T07:04:38.560Z] [INFO] Cleaned up temporary file: C:\Users\admin\Downloads\PDF\uploads\documents-1787123070827-299641884.pdf
[2026-08-19T07:04:38.563Z] [INFO] Saved extraction record to Supabase with ID 358 (candidate_id: C1320) for: reyansh_menon_resume_016.pdf
[2026-08-19T07:04:38.565Z] [INFO] Cleaned up temporary file: C:\Users\admin\Downloads\PDF\uploads\documents-1787123070827-362690146.pdf
[2026-08-19T07:04:38.577Z] [INFO] Saved extraction record to Supabase with ID 359 (candidate_id: C1322) for: rohan_mehta_resume.pdf
[2026-08-19T07:04:38.578Z] [INFO] Cleaned up temporary file: C:\Users\admin\Downloads\PDF\uploads\documents-1787123070828-725168686.pdf
[2026-08-19T07:04:38.597Z] [INFO] Saved extraction record to Supabase with ID 360 (candidate_id: C1326) for: sanjay_saxena_resume_066.pdf
[2026-08-19T07:04:38.597Z] [INFO] Cleaned up temporary file: C:\Users\admin\Downloads\PDF\uploads\documents-1787123070829-382448129.pdf
[2026-08-19T07:04:38.604Z] [INFO] Saved extraction record to Supabase with ID 362 (candidate_id: C1333) for: siddharth_reddy_resume_062.pdf
[2026-08-19T07:04:38.611Z] [INFO] Cleaned up temporary file: C:\Users\admin\Downloads\PDF\uploads\documents-1787123070830-175925060.pdf
[2026-08-19T07:04:38.621Z] [INFO] Saved extraction record to Supabase with ID 361 (candidate_id: C1330) for: shreya_choudhary_resume_061.pdf
[2026-08-19T07:04:38.623Z] [INFO] Cleaned up temporary file: C:\Users\admin\Downloads\PDF\uploads\documents-1787123070829-626437825.pdf
[2026-08-19T07:04:38.630Z] [INFO] Cleaned up temporary file: C:\Users\admin\Downloads\PDF\uploads\documents-1787123070830-482123395.pdf
[2026-08-19T07:04:38.630Z] [INFO] Saved extraction record to Supabase with ID 363 (candidate_id: C1335) for: sunita_das_resume_040.pdf
[2026-08-19T07:04:38.650Z] [INFO] Saved extraction record to Supabase with ID 364 (candidate_id: C1340) for: vikram_chauhan_resume.pdf
[2026-08-19T07:04:38.651Z] [INFO] Cleaned up temporary file: C:\Users\admin\Downloads\PDF\uploads\documents-1787123070830-872740570.pdf
[2026-08-19T07:04:38.678Z] [INFO] Saved extraction record to Supabase with ID 365 (candidate_id: C1344) for: zara_bansal_resume_014.pdf
[2026-08-19T07:04:38.684Z] [INFO] Cleaned up temporary file: C:\Users\admin\Downloads\PDF\uploads\documents-1787123070831-715577717.pdf
[2026-08-19T07:04:38.686Z] [INFO] Saved extraction record to Supabase with ID 366 (candidate_id: C1343) for: zara_agarwal_resume_013.pdf
[2026-08-19T07:04:38.694Z] [INFO] Cleaned up temporary file: C:\Users\admin\Downloads\PDF\uploads\documents-1787123070831-817621391.pdf
[2026-08-19T07:04:38.696Z] [INFO] Saved extraction record to Supabase with ID 367 (candidate_id: C1345) for: zara_das_resume_068.pdf
[2026-08-19T07:04:38.698Z] [INFO] Cleaned up temporary file: C:\Users\admin\Downloads\PDF\uploads\documents-1787123070831-38574748.pdf
[2026-08-19T17:28:38.145Z] [INFO] Server is running in production mode on http://localhost:3000
[2026-08-19T17:28:40.034Z] [INFO] ✅ pdfjs-dist fallback self-test passed successfully.
[2026-08-19T17:28:38.150Z] [INFO] Running pdfjs-dist fallback self-test...
[2026-08-19T17:28:41.538Z] [INFO] Successfully connected to Supabase PostgreSQL database.
[2026-08-19T17:28:41.876Z] [INFO] Database extractions table initialized.
[2026-08-19T17:29:24.078Z] [INFO] Performing magic-number verification for: resume_001_Ananya_Sharma.pdf
[2026-08-19T17:29:24.080Z] [INFO] Performing magic-number verification for: resume_002_Priya_Sharma.pdf
[2026-08-19T17:29:24.100Z] [INFO] Performing magic-number verification for: resume_003_Neha_Shah.pdf
[2026-08-19T17:29:24.103Z] [INFO] Performing magic-number verification for: resume_004_Aditya_Patel.pdf
[2026-08-19T17:29:24.105Z] [INFO] Performing magic-number verification for: resume_005_Karan_Patel.pdf
[2026-08-19T17:29:24.116Z] [INFO] Performing magic-number verification for: resume_006_Kavya_Patel.pdf
[2026-08-19T17:29:24.119Z] [INFO] Performing magic-number verification for: resume_007_Arjun_Nair.pdf
[2026-08-19T17:29:24.121Z] [INFO] Performing magic-number verification for: resume_008_Neha_Kulkarni.pdf
[2026-08-19T17:29:24.128Z] [INFO] Performing magic-number verification for: resume_009_Vikram_Kulkarni.pdf
[2026-08-19T17:29:24.131Z] [INFO] Performing magic-number verification for: resume_010_Meera_Deshmukh.pdf
[2026-08-19T17:29:24.133Z] [INFO] Performing magic-number verification for: resume_011_Sneha_Reddy.pdf
[2026-08-19T17:29:24.143Z] [INFO] Performing magic-number verification for: resume_012_Ananya_Kulkarni.pdf
[2026-08-19T17:29:24.152Z] [INFO] Performing magic-number verification for: resume_013_Sneha_Gupta.pdf
[2026-08-19T17:29:24.153Z] [INFO] Performing magic-number verification for: resume_014_Aarav_Deshmukh.pdf
[2026-08-19T17:29:24.154Z] [INFO] Performing magic-number verification for: resume_015_Rahul_Nair.pdf
[2026-08-19T17:29:24.161Z] [INFO] Performing magic-number verification for: resume_016_Arjun_Gupta.pdf
[2026-08-19T17:29:24.165Z] [INFO] Performing magic-number verification for: resume_017_Nikhil_Gupta.pdf
[2026-08-19T17:29:24.168Z] [INFO] Performing magic-number verification for: resume_018_Aarav_Patel.pdf
[2026-08-19T17:29:24.170Z] [INFO] Performing magic-number verification for: resume_019_Vikram_Gupta.pdf
[2026-08-19T17:29:24.171Z] [INFO] Performing magic-number verification for: resume_020_Meera_Singh.pdf
[2026-08-19T17:29:24.171Z] [INFO] Performing magic-number verification for: resume_021_Aditya_Reddy.pdf
[2026-08-19T17:29:24.180Z] [INFO] Performing magic-number verification for: resume_022_Neha_Mishra.pdf
[2026-08-19T17:29:24.183Z] [INFO] Performing magic-number verification for: resume_023_Sneha_Joshi.pdf
[2026-08-19T17:29:24.186Z] [INFO] Performing magic-number verification for: resume_024_Arjun_Reddy.pdf
[2026-08-19T17:29:24.188Z] [INFO] Performing magic-number verification for: resume_025_Vikram_Sharma.pdf
[2026-08-19T17:29:24.200Z] [INFO] Performing magic-number verification for: resume_026_Priya_Gupta.pdf
[2026-08-19T17:29:24.203Z] [INFO] Performing magic-number verification for: resume_027_Priya_Deshmukh.pdf
[2026-08-19T17:29:24.205Z] [INFO] Performing magic-number verification for: resume_028_Neha_Kumar.pdf
[2026-08-19T17:29:24.213Z] [INFO] Performing magic-number verification for: resume_029_Rahul_Gupta.pdf
[2026-08-19T17:29:24.215Z] [INFO] Performing magic-number verification for: resume_030_Kavya_Deshmukh.pdf
[2026-08-19T17:29:24.219Z] [INFO] Performing magic-number verification for: resume_031_Arjun_Patel.pdf
[2026-08-19T17:29:24.227Z] [INFO] Performing magic-number verification for: resume_032_Arjun_Gupta.pdf
[2026-08-19T17:29:24.234Z] [INFO] Performing magic-number verification for: resume_033_Arjun_Verma.pdf
[2026-08-19T17:29:24.237Z] [INFO] Performing magic-number verification for: resume_034_Priya_Mishra.pdf
[2026-08-19T17:29:24.248Z] [INFO] Performing magic-number verification for: resume_036_Sneha_Reddy.pdf
[2026-08-19T17:29:24.245Z] [INFO] Performing magic-number verification for: resume_035_Pooja_Mehta.pdf
[2026-08-19T17:29:24.254Z] [INFO] Performing magic-number verification for: resume_037_Sneha_Reddy.pdf
[2026-08-19T17:29:24.268Z] [INFO] Performing magic-number verification for: resume_038_Neha_Sharma.pdf
[2026-08-19T17:29:24.271Z] [INFO] Performing magic-number verification for: resume_039_Aarav_Patel.pdf
[2026-08-19T17:29:24.280Z] [INFO] Performing magic-number verification for: resume_040_Meera_Deshmukh.pdf
[2026-08-19T17:29:24.285Z] [INFO] Performing magic-number verification for: resume_041_Pooja_Joshi.pdf
[2026-08-19T17:29:24.300Z] [INFO] Performing magic-number verification for: resume_043_Kavya_Joshi.pdf
[2026-08-19T17:29:24.288Z] [INFO] Performing magic-number verification for: resume_042_Meera_Singh.pdf
[2026-08-19T17:29:24.319Z] [INFO] Performing magic-number verification for: resume_044_Nikhil_Shah.pdf
[2026-08-19T17:29:24.332Z] [INFO] Performing magic-number verification for: resume_045_Rahul_Mishra.pdf
[2026-08-19T17:29:24.343Z] [INFO] Performing magic-number verification for: resume_046_Rahul_Shah.pdf
[2026-08-19T17:29:24.354Z] [INFO] Performing magic-number verification for: resume_047_Ananya_Reddy.pdf
[2026-08-19T17:29:24.367Z] [INFO] Performing magic-number verification for: resume_048_Nikhil_Verma.pdf
[2026-08-19T17:29:24.421Z] [INFO] Performing magic-number verification for: resume_051_Neha_Joshi.pdf
[2026-08-19T17:29:24.432Z] [INFO] Performing magic-number verification for: resume_052_Vikram_Mishra.pdf
[2026-08-19T17:29:24.448Z] [INFO] Performing magic-number verification for: resume_053_Kavya_Reddy.pdf
[2026-08-19T17:29:24.461Z] [INFO] Performing magic-number verification for: resume_054_Isha_Sharma.pdf
[2026-08-19T17:29:24.381Z] [INFO] Performing magic-number verification for: resume_049_Nikhil_Verma.pdf
[2026-08-19T17:29:24.393Z] [INFO] Performing magic-number verification for: resume_050_Arjun_Shah.pdf
[2026-08-19T17:29:24.485Z] [INFO] Performing magic-number verification for: resume_056_Karan_Singh.pdf
[2026-08-19T17:29:24.501Z] [INFO] Performing magic-number verification for: resume_057_Aarav_Nair.pdf
[2026-08-19T17:29:24.516Z] [INFO] Performing magic-number verification for: resume_058_Vikram_Mishra.pdf
[2026-08-19T17:29:24.527Z] [INFO] Performing magic-number verification for: resume_059_Nikhil_Nair.pdf
[2026-08-19T17:29:24.543Z] [INFO] Performing magic-number verification for: resume_060_Kavya_Patel.pdf
[2026-08-19T17:29:24.560Z] [INFO] Performing magic-number verification for: resume_061_Ananya_Nair.pdf
[2026-08-19T17:29:24.566Z] [INFO] Performing magic-number verification for: resume_062_Rahul_Gupta.pdf
[2026-08-19T17:29:24.582Z] [INFO] Performing magic-number verification for: resume_063_Rohan_Joshi.pdf
[2026-08-19T17:29:24.603Z] [INFO] Performing magic-number verification for: resume_064_Aditya_Mishra.pdf
[2026-08-19T17:29:24.616Z] [INFO] Performing magic-number verification for: resume_065_Aarav_Shah.pdf
[2026-08-19T17:29:24.626Z] [INFO] Performing magic-number verification for: resume_066_Aarav_Gupta.pdf
[2026-08-19T17:29:24.633Z] [INFO] Performing magic-number verification for: resume_067_Nikhil_Reddy.pdf
[2026-08-19T17:29:24.469Z] [INFO] Performing magic-number verification for: resume_055_Karan_Deshmukh.pdf
[2026-08-19T17:29:24.664Z] [INFO] Performing magic-number verification for: resume_069_Arjun_Mehta.pdf
[2026-08-19T17:29:24.671Z] [INFO] Performing magic-number verification for: resume_070_Isha_Kumar.pdf
[2026-08-19T17:29:24.683Z] [INFO] Performing magic-number verification for: resume_071_Aarav_Nair.pdf
[2026-08-19T17:29:24.698Z] [INFO] Performing magic-number verification for: resume_072_Ananya_Mishra.pdf
[2026-08-19T17:29:24.713Z] [INFO] Performing magic-number verification for: resume_073_Isha_Patel.pdf
[2026-08-19T17:29:24.720Z] [INFO] Performing magic-number verification for: resume_074_Rahul_Mehta.pdf
[2026-08-19T17:29:24.746Z] [INFO] Performing magic-number verification for: resume_075_Kavya_Mishra.pdf
[2026-08-19T17:29:24.755Z] [INFO] Performing magic-number verification for: resume_076_Vikram_Kumar.pdf
[2026-08-19T17:29:24.778Z] [INFO] Performing magic-number verification for: resume_077_Kavya_Sharma.pdf
[2026-08-19T17:29:24.787Z] [INFO] Performing magic-number verification for: resume_078_Meera_Patel.pdf
[2026-08-19T17:29:24.801Z] [INFO] Performing magic-number verification for: resume_079_Kavya_Shah.pdf
[2026-08-19T17:29:24.818Z] [INFO] Performing magic-number verification for: resume_080_Priya_Joshi.pdf
[2026-08-19T17:29:24.835Z] [INFO] Performing magic-number verification for: resume_081_Arjun_Deshmukh.pdf
[2026-08-19T17:29:24.853Z] [INFO] Performing magic-number verification for: resume_082_Isha_Patel.pdf
[2026-08-19T17:29:24.863Z] [INFO] Performing magic-number verification for: resume_083_Kavya_Kulkarni.pdf
[2026-08-19T17:29:24.878Z] [INFO] Performing magic-number verification for: resume_084_Aarav_Kulkarni.pdf
[2026-08-19T17:29:24.885Z] [INFO] Performing magic-number verification for: resume_085_Priya_Mehta.pdf
[2026-08-19T17:29:24.901Z] [INFO] Performing magic-number verification for: resume_086_Sneha_Kumar.pdf
[2026-08-19T17:29:24.912Z] [INFO] Performing magic-number verification for: resume_087_Isha_Nair.pdf
[2026-08-19T17:29:24.935Z] [INFO] Performing magic-number verification for: resume_088_Karan_Mehta.pdf
[2026-08-19T17:29:24.978Z] [INFO] Performing magic-number verification for: resume_089_Aarav_Kumar.pdf
[2026-08-19T17:29:24.644Z] [INFO] Performing magic-number verification for: resume_068_Isha_Gupta.pdf
[2026-08-19T17:29:24.983Z] [INFO] Performing magic-number verification for: resume_091_Karan_Joshi.pdf
[2026-08-19T17:29:24.988Z] [INFO] Performing magic-number verification for: resume_092_Ananya_Gupta.pdf
[2026-08-19T17:29:24.998Z] [INFO] Performing magic-number verification for: resume_093_Aditya_Deshmukh.pdf
[2026-08-19T17:29:25.001Z] [INFO] Performing magic-number verification for: resume_094_Priya_Deshmukh.pdf
[2026-08-19T17:29:25.004Z] [INFO] Performing magic-number verification for: resume_095_Ananya_Shah.pdf
[2026-08-19T17:29:25.009Z] [INFO] Performing magic-number verification for: resume_096_Rohan_Mehta.pdf
[2026-08-19T17:29:25.013Z] [INFO] Performing magic-number verification for: resume_097_Neha_Shah.pdf
[2026-08-19T17:29:25.017Z] [INFO] Performing magic-number verification for: resume_098_Kavya_Kulkarni.pdf
[2026-08-19T17:29:25.020Z] [INFO] Performing magic-number verification for: resume_099_Nikhil_Mishra.pdf
[2026-08-19T17:29:25.028Z] [INFO] Performing magic-number verification for: resume_100_Kavya_Sharma.pdf
[2026-08-19T17:29:25.048Z] [INFO] Performing magic-number verification for: resume_101_Neha_Deshmukh.pdf
[2026-08-19T17:29:25.064Z] [INFO] Performing magic-number verification for: resume_102_Ananya_Kulkarni.pdf
[2026-08-19T17:29:25.088Z] [INFO] Performing magic-number verification for: resume_103_Aditya_Nair.pdf
[2026-08-19T17:29:25.111Z] [INFO] Performing magic-number verification for: resume_104_Arjun_Mishra.pdf
[2026-08-19T17:29:25.127Z] [INFO] Performing magic-number verification for: resume_105_Karan_Mishra.pdf
[2026-08-19T17:29:25.134Z] [INFO] Performing magic-number verification for: resume_106_Arjun_Deshmukh.pdf
[2026-08-19T17:29:25.146Z] [INFO] Performing magic-number verification for: resume_107_Neha_Kulkarni.pdf
[2026-08-19T17:29:25.167Z] [INFO] Performing magic-number verification for: resume_108_Kavya_Shah.pdf
[2026-08-19T17:29:24.980Z] [INFO] Performing magic-number verification for: resume_090_Karan_Shah.pdf
[2026-08-19T17:29:25.185Z] [INFO] Performing magic-number verification for: resume_109_Rohan_Joshi.pdf
[2026-08-19T17:29:25.213Z] [INFO] Performing magic-number verification for: resume_110_Neha_Mishra.pdf
[2026-08-19T17:29:25.216Z] [INFO] Performing magic-number verification for: resume_111_Ananya_Mishra.pdf
[2026-08-19T17:29:25.218Z] [INFO] Performing magic-number verification for: resume_112_Neha_Verma.pdf
[2026-08-19T17:29:25.221Z] [INFO] Performing magic-number verification for: resume_113_Aditya_Reddy.pdf
[2026-08-19T17:29:25.230Z] [INFO] Performing magic-number verification for: resume_114_Aarav_Verma.pdf
[2026-08-19T17:29:25.234Z] [INFO] Performing magic-number verification for: resume_115_Ananya_Nair.pdf
[2026-08-19T17:29:25.236Z] [INFO] Performing magic-number verification for: resume_116_Priya_Nair.pdf
[2026-08-19T17:29:25.238Z] [INFO] Performing magic-number verification for: resume_117_Isha_Nair.pdf
[2026-08-19T17:29:25.250Z] [INFO] Performing magic-number verification for: resume_119_Meera_Shah.pdf
[2026-08-19T17:29:25.253Z] [INFO] Performing magic-number verification for: resume_120_Aditya_Kulkarni.pdf
[2026-08-19T17:29:25.249Z] [INFO] Performing magic-number verification for: resume_118_Karan_Deshmukh.pdf
[2026-08-19T17:29:25.286Z] [INFO] Magic-number check passed for resume_001_Ananya_Sharma.pdf. Detected: pdf
[2026-08-19T17:29:25.320Z] [WARN] qpdf repair skipped for E:\Srinivas\PDF\PDF\uploads\documents-1787160562532-477040954.pdf: spawnSync qpdf ENOENT
[2026-08-19T17:29:25.287Z] [INFO] Starting text extraction for type: pdf
[2026-08-19T17:29:25.506Z] [INFO] Magic-number check passed for resume_002_Priya_Sharma.pdf. Detected: pdf
[2026-08-19T17:29:25.509Z] [INFO] Starting text extraction for type: pdf
[2026-08-19T17:29:25.523Z] [WARN] qpdf repair skipped for E:\Srinivas\PDF\PDF\uploads\documents-1787160562534-678029593.pdf: spawnSync qpdf ENOENT
[2026-08-19T17:29:25.531Z] [INFO] Magic-number check passed for resume_003_Neha_Shah.pdf. Detected: pdf
[2026-08-19T17:29:25.535Z] [INFO] Starting text extraction for type: pdf
[2026-08-19T17:29:25.562Z] [WARN] qpdf repair skipped for E:\Srinivas\PDF\PDF\uploads\documents-1787160562535-883832480.pdf: spawnSync qpdf ENOENT
[2026-08-19T17:29:25.567Z] [INFO] Magic-number check passed for resume_004_Aditya_Patel.pdf. Detected: pdf
[2026-08-19T17:29:25.586Z] [WARN] qpdf repair skipped for E:\Srinivas\PDF\PDF\uploads\documents-1787160562536-429043547.pdf: spawnSync qpdf ENOENT
[2026-08-19T17:29:25.569Z] [INFO] Starting text extraction for type: pdf
[2026-08-19T17:29:25.597Z] [INFO] Magic-number check passed for resume_005_Karan_Patel.pdf. Detected: pdf
[2026-08-19T17:29:25.602Z] [INFO] Starting text extraction for type: pdf
[2026-08-19T17:29:25.617Z] [WARN] qpdf repair skipped for E:\Srinivas\PDF\PDF\uploads\documents-1787160562536-931591914.pdf: spawnSync qpdf ENOENT
[2026-08-19T17:29:25.629Z] [INFO] Magic-number check passed for resume_006_Kavya_Patel.pdf. Detected: pdf
[2026-08-19T17:29:25.632Z] [INFO] Starting text extraction for type: pdf
[2026-08-19T17:29:25.648Z] [WARN] qpdf repair skipped for E:\Srinivas\PDF\PDF\uploads\documents-1787160562536-816817680.pdf: spawnSync qpdf ENOENT
[2026-08-19T17:29:25.650Z] [INFO] Magic-number check passed for resume_007_Arjun_Nair.pdf. Detected: pdf
[2026-08-19T17:29:25.652Z] [INFO] Starting text extraction for type: pdf
[2026-08-19T17:29:25.667Z] [WARN] qpdf repair skipped for E:\Srinivas\PDF\PDF\uploads\documents-1787160562537-882528886.pdf: spawnSync qpdf ENOENT
[2026-08-19T17:29:25.670Z] [INFO] Magic-number check passed for resume_008_Neha_Kulkarni.pdf. Detected: pdf
[2026-08-19T17:29:25.681Z] [INFO] Starting text extraction for type: pdf
[2026-08-19T17:29:25.701Z] [WARN] qpdf repair skipped for E:\Srinivas\PDF\PDF\uploads\documents-1787160562546-716194574.pdf: spawnSync qpdf ENOENT
[2026-08-19T17:29:25.703Z] [INFO] Magic-number check passed for resume_009_Vikram_Kulkarni.pdf. Detected: pdf
[2026-08-19T17:29:25.713Z] [INFO] Starting text extraction for type: pdf
[2026-08-19T17:29:25.720Z] [WARN] qpdf repair skipped for E:\Srinivas\PDF\PDF\uploads\documents-1787160562547-434687284.pdf: spawnSync qpdf ENOENT
[2026-08-19T17:29:25.734Z] [INFO] Magic-number check passed for resume_010_Meera_Deshmukh.pdf. Detected: pdf
[2026-08-19T17:29:25.735Z] [INFO] Starting text extraction for type: pdf
[2026-08-19T17:29:25.765Z] [WARN] qpdf repair skipped for E:\Srinivas\PDF\PDF\uploads\documents-1787160562548-137497065.pdf: spawnSync qpdf ENOENT
[2026-08-19T17:29:25.784Z] [INFO] Magic-number check passed for resume_011_Sneha_Reddy.pdf. Detected: pdf
[2026-08-19T17:29:25.787Z] [INFO] Starting text extraction for type: pdf
[2026-08-19T17:29:25.813Z] [WARN] qpdf repair skipped for E:\Srinivas\PDF\PDF\uploads\documents-1787160562550-977652515.pdf: spawnSync qpdf ENOENT
[2026-08-19T17:29:25.819Z] [INFO] Starting text extraction for type: pdf
[2026-08-19T17:29:25.817Z] [INFO] Magic-number check passed for resume_012_Ananya_Kulkarni.pdf. Detected: pdf
[2026-08-19T17:29:25.830Z] [WARN] qpdf repair skipped for E:\Srinivas\PDF\PDF\uploads\documents-1787160562551-843609459.pdf: spawnSync qpdf ENOENT
[2026-08-19T17:29:25.832Z] [INFO] Magic-number check passed for resume_013_Sneha_Gupta.pdf. Detected: pdf
[2026-08-19T17:29:25.833Z] [INFO] Starting text extraction for type: pdf
[2026-08-19T17:29:25.843Z] [WARN] qpdf repair skipped for E:\Srinivas\PDF\PDF\uploads\documents-1787160562552-652254527.pdf: spawnSync qpdf ENOENT
[2026-08-19T17:29:25.849Z] [INFO] Magic-number check passed for resume_014_Aarav_Deshmukh.pdf. Detected: pdf
[2026-08-19T17:29:25.852Z] [INFO] Starting text extraction for type: pdf
[2026-08-19T17:29:25.870Z] [WARN] qpdf repair skipped for E:\Srinivas\PDF\PDF\uploads\documents-1787160562552-117784790.pdf: spawnSync qpdf ENOENT
[2026-08-19T17:29:25.873Z] [INFO] Magic-number check passed for resume_015_Rahul_Nair.pdf. Detected: pdf
[2026-08-19T17:29:25.883Z] [INFO] Starting text extraction for type: pdf
[2026-08-19T17:29:25.898Z] [WARN] qpdf repair skipped for E:\Srinivas\PDF\PDF\uploads\documents-1787160562552-880633754.pdf: spawnSync qpdf ENOENT
[2026-08-19T17:29:25.902Z] [INFO] Magic-number check passed for resume_016_Arjun_Gupta.pdf. Detected: pdf
[2026-08-19T17:29:25.912Z] [INFO] Starting text extraction for type: pdf
[2026-08-19T17:29:25.920Z] [WARN] qpdf repair skipped for E:\Srinivas\PDF\PDF\uploads\documents-1787160562552-577009967.pdf: spawnSync qpdf ENOENT
[2026-08-19T17:29:25.923Z] [INFO] Magic-number check passed for resume_017_Nikhil_Gupta.pdf. Detected: pdf
[2026-08-19T17:29:25.927Z] [INFO] Starting text extraction for type: pdf
[2026-08-19T17:29:25.947Z] [WARN] qpdf repair skipped for E:\Srinivas\PDF\PDF\uploads\documents-1787160562553-514341228.pdf: spawnSync qpdf ENOENT
[2026-08-19T17:29:25.950Z] [INFO] Magic-number check passed for resume_019_Vikram_Gupta.pdf. Detected: pdf
[2026-08-19T17:29:25.951Z] [INFO] Starting text extraction for type: pdf
[2026-08-19T17:29:25.967Z] [WARN] qpdf repair skipped for E:\Srinivas\PDF\PDF\uploads\documents-1787160562554-344089720.pdf: spawnSync qpdf ENOENT
[2026-08-19T17:29:25.970Z] [INFO] Magic-number check passed for resume_018_Aarav_Patel.pdf. Detected: pdf
[2026-08-19T17:29:25.979Z] [INFO] Starting text extraction for type: pdf
[2026-08-19T17:29:26.001Z] [WARN] qpdf repair skipped for E:\Srinivas\PDF\PDF\uploads\documents-1787160562553-113708025.pdf: spawnSync qpdf ENOENT
[2026-08-19T17:29:26.004Z] [INFO] Magic-number check passed for resume_022_Neha_Mishra.pdf. Detected: pdf
[2026-08-19T17:29:26.021Z] [WARN] qpdf repair skipped for E:\Srinivas\PDF\PDF\uploads\documents-1787160562555-302763847.pdf: spawnSync qpdf ENOENT
[2026-08-19T17:29:26.009Z] [INFO] Starting text extraction for type: pdf
[2026-08-19T17:29:26.028Z] [INFO] Magic-number check passed for resume_020_Meera_Singh.pdf. Detected: pdf
[2026-08-19T17:29:26.033Z] [INFO] Starting text extraction for type: pdf
[2026-08-19T17:29:26.049Z] [WARN] qpdf repair skipped for E:\Srinivas\PDF\PDF\uploads\documents-1787160562554-116229575.pdf: spawnSync qpdf ENOENT
[2026-08-19T17:29:26.051Z] [INFO] Magic-number check passed for resume_023_Sneha_Joshi.pdf. Detected: pdf
[2026-08-19T17:29:26.052Z] [INFO] Starting text extraction for type: pdf
[2026-08-19T17:29:26.066Z] [WARN] qpdf repair skipped for E:\Srinivas\PDF\PDF\uploads\documents-1787160562557-301162292.pdf: spawnSync qpdf ENOENT
[2026-08-19T17:29:26.068Z] [INFO] Magic-number check passed for resume_024_Arjun_Reddy.pdf. Detected: pdf
[2026-08-19T17:29:26.073Z] [INFO] Starting text extraction for type: pdf
[2026-08-19T17:29:26.086Z] [WARN] qpdf repair skipped for E:\Srinivas\PDF\PDF\uploads\documents-1787160562557-94671142.pdf: spawnSync qpdf ENOENT
[2026-08-19T17:29:26.094Z] [INFO] Magic-number check passed for resume_025_Vikram_Sharma.pdf. Detected: pdf
[2026-08-19T17:29:26.096Z] [INFO] Starting text extraction for type: pdf
[2026-08-19T17:29:26.106Z] [WARN] qpdf repair skipped for E:\Srinivas\PDF\PDF\uploads\documents-1787160562558-473721763.pdf: spawnSync qpdf ENOENT
[2026-08-19T17:29:26.113Z] [INFO] Magic-number check passed for resume_026_Priya_Gupta.pdf. Detected: pdf
[2026-08-19T17:29:26.116Z] [INFO] Starting text extraction for type: pdf
[2026-08-19T17:29:26.135Z] [WARN] qpdf repair skipped for E:\Srinivas\PDF\PDF\uploads\documents-1787160562558-318651341.pdf: spawnSync qpdf ENOENT
[2026-08-19T17:29:26.138Z] [INFO] Magic-number check passed for resume_027_Priya_Deshmukh.pdf. Detected: pdf
[2026-08-19T17:29:26.168Z] [WARN] qpdf repair skipped for E:\Srinivas\PDF\PDF\uploads\documents-1787160562558-683957521.pdf: spawnSync qpdf ENOENT
[2026-08-19T17:29:26.146Z] [INFO] Starting text extraction for type: pdf
[2026-08-19T17:29:27.197Z] [INFO] Extraction complete: 1108 characters, 1 pages
[2026-08-19T17:29:27.198Z] [INFO] Extraction complete: 1108 characters, 1 pages
[2026-08-19T17:29:27.199Z] [INFO] Extraction complete: 1065 characters, 1 pages
[2026-08-19T17:29:27.200Z] [INFO] Extraction complete: 1065 characters, 1 pages
[2026-08-19T17:29:27.201Z] [INFO] Extraction complete: 1065 characters, 1 pages
[2026-08-19T17:29:27.201Z] [INFO] Extraction complete: 1087 characters, 1 pages
[2026-08-19T17:29:27.202Z] [INFO] Extraction complete: 1087 characters, 1 pages
[2026-08-19T17:29:27.202Z] [INFO] Extraction complete: 1087 characters, 1 pages
[2026-08-19T17:29:27.203Z] [INFO] Extraction complete: 1071 characters, 1 pages
[2026-08-19T17:29:27.204Z] [INFO] Extraction complete: 1071 characters, 1 pages
[2026-08-19T17:29:27.208Z] [INFO] Extraction complete: 1071 characters, 1 pages
[2026-08-19T17:29:27.214Z] [INFO] Extraction complete: 1086 characters, 1 pages
[2026-08-19T17:29:27.217Z] [INFO] Extraction complete: 1086 characters, 1 pages
[2026-08-19T17:29:27.219Z] [INFO] Extraction complete: 1086 characters, 1 pages
[2026-08-19T17:29:27.223Z] [INFO] Extraction complete: 1034 characters, 1 pages
[2026-08-19T17:29:27.224Z] [INFO] Extraction complete: 1034 characters, 1 pages
[2026-08-19T17:29:27.224Z] [INFO] Extraction complete: 1034 characters, 1 pages
[2026-08-19T17:29:27.230Z] [INFO] Extraction complete: 1062 characters, 1 pages
[2026-08-19T17:29:27.231Z] [INFO] Extraction complete: 1062 characters, 1 pages
[2026-08-19T17:29:27.232Z] [INFO] Extraction complete: 1062 characters, 1 pages
[2026-08-19T17:29:27.233Z] [INFO] Extraction complete: 1033 characters, 1 pages
[2026-08-19T17:29:27.234Z] [INFO] Extraction complete: 1033 characters, 1 pages
[2026-08-19T17:29:27.235Z] [INFO] Extraction complete: 1033 characters, 1 pages
[2026-08-19T17:29:27.237Z] [INFO] Extraction complete: 1071 characters, 1 pages
[2026-08-19T17:29:27.236Z] [INFO] Extraction complete: 1071 characters, 1 pages
[2026-08-19T17:29:27.238Z] [INFO] Extraction complete: 1071 characters, 1 pages
[2026-08-19T17:29:27.267Z] [INFO] Magic-number check passed for resume_029_Rahul_Gupta.pdf. Detected: pdf
[2026-08-19T17:29:27.269Z] [INFO] Starting text extraction for type: pdf
[2026-08-19T17:29:27.286Z] [WARN] qpdf repair skipped for E:\Srinivas\PDF\PDF\uploads\documents-1787160562560-679095926.pdf: spawnSync qpdf ENOENT
[2026-08-19T17:29:27.328Z] [INFO] Extraction complete: 1089 characters, 1 pages
[2026-08-19T17:29:27.335Z] [INFO] Magic-number check passed for resume_028_Neha_Kumar.pdf. Detected: pdf
[2026-08-19T17:29:27.337Z] [INFO] Starting text extraction for type: pdf
[2026-08-19T17:29:27.353Z] [WARN] qpdf repair skipped for E:\Srinivas\PDF\PDF\uploads\documents-1787160562559-526525315.pdf: spawnSync qpdf ENOENT
[2026-08-19T17:29:27.385Z] [INFO] Extraction complete: 1041 characters, 1 pages
[2026-08-19T17:29:27.392Z] [INFO] Magic-number check passed for resume_030_Kavya_Deshmukh.pdf. Detected: pdf
[2026-08-19T17:29:27.394Z] [INFO] Starting text extraction for type: pdf
[2026-08-19T17:29:27.403Z] [WARN] qpdf repair skipped for E:\Srinivas\PDF\PDF\uploads\documents-1787160562561-602999770.pdf: spawnSync qpdf ENOENT
[2026-08-19T17:29:27.433Z] [INFO] Extraction complete: 1041 characters, 1 pages
[2026-08-19T17:29:27.434Z] [INFO] Magic-number check passed for resume_031_Arjun_Patel.pdf. Detected: pdf
[2026-08-19T17:29:27.436Z] [INFO] Starting text extraction for type: pdf
[2026-08-19T17:29:27.451Z] [WARN] qpdf repair skipped for E:\Srinivas\PDF\PDF\uploads\documents-1787160562563-592484668.pdf: spawnSync qpdf ENOENT
[2026-08-19T17:29:27.454Z] [WARN] pdf-parse failed for E:\Srinivas\PDF\PDF\uploads\documents-1787160562563-592484668.pdf (bad XRef entry). Falling back to pdfjs-dist...
[2026-08-19T17:29:27.500Z] [INFO] Starting text extraction for type: pdf
[2026-08-19T17:29:27.499Z] [INFO] Magic-number check passed for resume_021_Aditya_Reddy.pdf. Detected: pdf
[2026-08-19T17:29:27.510Z] [WARN] qpdf repair skipped for E:\Srinivas\PDF\PDF\uploads\documents-1787160562554-412124774.pdf: spawnSync qpdf ENOENT
[2026-08-19T17:29:27.530Z] [INFO] Extraction complete: 1088 characters, 1 pages
[2026-08-19T17:29:27.533Z] [INFO] Magic-number check passed for resume_032_Arjun_Gupta.pdf. Detected: pdf
[2026-08-19T17:29:27.536Z] [INFO] Starting text extraction for type: pdf
[2026-08-19T17:29:27.549Z] [WARN] qpdf repair skipped for E:\Srinivas\PDF\PDF\uploads\documents-1787160562578-421241331.pdf: spawnSync qpdf ENOENT
[2026-08-19T17:29:27.571Z] [INFO] Extraction complete: 1044 characters, 1 pages
[2026-08-19T17:29:27.577Z] [INFO] Magic-number check passed for resume_034_Priya_Mishra.pdf. Detected: pdf
[2026-08-19T17:29:27.586Z] [WARN] qpdf repair skipped for E:\Srinivas\PDF\PDF\uploads\documents-1787160562579-6246670.pdf: spawnSync qpdf ENOENT
[2026-08-19T17:29:27.578Z] [INFO] Starting text extraction for type: pdf
[2026-08-19T17:29:27.605Z] [INFO] Extraction complete: 1044 characters, 1 pages
[2026-08-19T17:29:27.608Z] [INFO] Magic-number check passed for resume_033_Arjun_Verma.pdf. Detected: pdf
[2026-08-19T17:29:27.609Z] [INFO] Starting text extraction for type: pdf
[2026-08-19T17:29:27.623Z] [WARN] qpdf repair skipped for E:\Srinivas\PDF\PDF\uploads\documents-1787160562578-717337524.pdf: spawnSync qpdf ENOENT
[2026-08-19T17:29:27.630Z] [WARN] pdf-parse failed for E:\Srinivas\PDF\PDF\uploads\documents-1787160562578-717337524.pdf (bad XRef entry). Falling back to pdfjs-dist...
[2026-08-19T17:29:27.637Z] [INFO] Magic-number check passed for resume_035_Pooja_Mehta.pdf. Detected: pdf
[2026-08-19T17:29:27.644Z] [INFO] Starting text extraction for type: pdf
[2026-08-19T17:29:27.653Z] [WARN] qpdf repair skipped for E:\Srinivas\PDF\PDF\uploads\documents-1787160562580-954450042.pdf: spawnSync qpdf ENOENT
[2026-08-19T17:29:27.674Z] [INFO] Extraction complete: 1073 characters, 1 pages
[2026-08-19T17:29:27.677Z] [INFO] Magic-number check passed for resume_036_Sneha_Reddy.pdf. Detected: pdf
[2026-08-19T17:29:27.679Z] [INFO] Starting text extraction for type: pdf
[2026-08-19T17:29:27.697Z] [WARN] qpdf repair skipped for E:\Srinivas\PDF\PDF\uploads\documents-1787160562580-439223590.pdf: spawnSync qpdf ENOENT
[2026-08-19T17:29:27.713Z] [INFO] Extraction complete: 1056 characters, 1 pages
[2026-08-19T17:29:27.715Z] [INFO] Magic-number check passed for resume_037_Sneha_Reddy.pdf. Detected: pdf
[2026-08-19T17:29:27.728Z] [WARN] qpdf repair skipped for E:\Srinivas\PDF\PDF\uploads\documents-1787160562580-156702360.pdf: spawnSync qpdf ENOENT
[2026-08-19T17:29:27.745Z] [INFO] Magic-number check passed for resume_038_Neha_Sharma.pdf. Detected: pdf
[2026-08-19T17:29:27.742Z] [INFO] Extraction complete: 1056 characters, 1 pages
[2026-08-19T17:29:27.763Z] [WARN] qpdf repair skipped for E:\Srinivas\PDF\PDF\uploads\documents-1787160562580-840311952.pdf: spawnSync qpdf ENOENT
[2026-08-19T17:29:27.768Z] [WARN] pdf-parse failed for E:\Srinivas\PDF\PDF\uploads\documents-1787160562580-840311952.pdf (bad XRef entry). Falling back to pdfjs-dist...
[2026-08-19T17:29:27.716Z] [INFO] Starting text extraction for type: pdf
[2026-08-19T17:29:27.746Z] [INFO] Starting text extraction for type: pdf
[2026-08-19T17:29:27.781Z] [INFO] Magic-number check passed for resume_039_Aarav_Patel.pdf. Detected: pdf
[2026-08-19T17:29:27.787Z] [INFO] Starting text extraction for type: pdf
[2026-08-19T17:29:27.808Z] [WARN] qpdf repair skipped for E:\Srinivas\PDF\PDF\uploads\documents-1787160562580-495629013.pdf: spawnSync qpdf ENOENT
[2026-08-19T17:29:27.843Z] [INFO] Extraction complete: 1050 characters, 1 pages
[2026-08-19T17:29:27.846Z] [INFO] Magic-number check passed for resume_040_Meera_Deshmukh.pdf. Detected: pdf
[2026-08-19T17:29:27.850Z] [INFO] Starting text extraction for type: pdf
[2026-08-19T17:29:27.868Z] [WARN] qpdf repair skipped for E:\Srinivas\PDF\PDF\uploads\documents-1787160562580-12284478.pdf: spawnSync qpdf ENOENT
[2026-08-19T17:29:27.898Z] [INFO] Extraction complete: 1066 characters, 1 pages
[2026-08-19T17:29:27.901Z] [INFO] Magic-number check passed for resume_041_Pooja_Joshi.pdf. Detected: pdf
[2026-08-19T17:29:27.902Z] [INFO] Starting text extraction for type: pdf
[2026-08-19T17:29:27.915Z] [WARN] qpdf repair skipped for E:\Srinivas\PDF\PDF\uploads\documents-1787160562581-137969299.pdf: spawnSync qpdf ENOENT
[2026-08-19T17:29:27.930Z] [INFO] Extraction complete: 1066 characters, 1 pages
[2026-08-19T17:29:27.931Z] [INFO] Magic-number check passed for resume_043_Kavya_Joshi.pdf. Detected: pdf
[2026-08-19T17:29:27.932Z] [INFO] Starting text extraction for type: pdf
[2026-08-19T17:29:27.946Z] [WARN] qpdf repair skipped for E:\Srinivas\PDF\PDF\uploads\documents-1787160562581-153922567.pdf: spawnSync qpdf ENOENT
[2026-08-19T17:29:27.949Z] [WARN] pdf-parse failed for E:\Srinivas\PDF\PDF\uploads\documents-1787160562581-153922567.pdf (bad XRef entry). Falling back to pdfjs-dist...
[2026-08-19T17:29:27.961Z] [INFO] Magic-number check passed for resume_042_Meera_Singh.pdf. Detected: pdf
[2026-08-19T17:29:27.963Z] [INFO] Starting text extraction for type: pdf
[2026-08-19T17:29:27.977Z] [WARN] qpdf repair skipped for E:\Srinivas\PDF\PDF\uploads\documents-1787160562581-63160800.pdf: spawnSync qpdf ENOENT
[2026-08-19T17:29:27.993Z] [INFO] Extraction complete: 1029 characters, 1 pages
[2026-08-19T17:29:27.995Z] [INFO] Magic-number check passed for resume_044_Nikhil_Shah.pdf. Detected: pdf
[2026-08-19T17:29:27.996Z] [INFO] Starting text extraction for type: pdf
[2026-08-19T17:29:28.006Z] [WARN] qpdf repair skipped for E:\Srinivas\PDF\PDF\uploads\documents-1787160562581-828775035.pdf: spawnSync qpdf ENOENT
[2026-08-19T17:29:28.024Z] [INFO] Extraction complete: 1095 characters, 1 pages
[2026-08-19T17:29:28.025Z] [INFO] Magic-number check passed for resume_045_Rahul_Mishra.pdf. Detected: pdf
[2026-08-19T17:29:28.027Z] [INFO] Starting text extraction for type: pdf
[2026-08-19T17:29:28.034Z] [WARN] qpdf repair skipped for E:\Srinivas\PDF\PDF\uploads\documents-1787160562581-254035675.pdf: spawnSync qpdf ENOENT
[2026-08-19T17:29:28.051Z] [INFO] Extraction complete: 1095 characters, 1 pages
[2026-08-19T17:29:28.053Z] [INFO] Magic-number check passed for resume_047_Ananya_Reddy.pdf. Detected: pdf
[2026-08-19T17:29:28.054Z] [INFO] Starting text extraction for type: pdf
[2026-08-19T17:29:28.066Z] [WARN] qpdf repair skipped for E:\Srinivas\PDF\PDF\uploads\documents-1787160562581-538557535.pdf: spawnSync qpdf ENOENT
[2026-08-19T17:29:28.068Z] [WARN] pdf-parse failed for E:\Srinivas\PDF\PDF\uploads\documents-1787160562581-538557535.pdf (bad XRef entry). Falling back to pdfjs-dist...
[2026-08-19T17:29:28.077Z] [INFO] Magic-number check passed for resume_048_Nikhil_Verma.pdf. Detected: pdf
[2026-08-19T17:29:28.081Z] [INFO] Starting text extraction for type: pdf
[2026-08-19T17:29:28.095Z] [WARN] qpdf repair skipped for E:\Srinivas\PDF\PDF\uploads\documents-1787160562582-320390120.pdf: spawnSync qpdf ENOENT
[2026-08-19T17:29:28.110Z] [INFO] Extraction complete: 1029 characters, 1 pages
[2026-08-19T17:29:28.113Z] [INFO] Magic-number check passed for resume_046_Rahul_Shah.pdf. Detected: pdf
[2026-08-19T17:29:28.114Z] [INFO] Starting text extraction for type: pdf
[2026-08-19T17:29:28.129Z] [WARN] qpdf repair skipped for E:\Srinivas\PDF\PDF\uploads\documents-1787160562581-768691578.pdf: spawnSync qpdf ENOENT
[2026-08-19T17:29:28.147Z] [INFO] Extraction complete: 1032 characters, 1 pages
[2026-08-19T17:29:28.151Z] [INFO] Magic-number check passed for resume_049_Nikhil_Verma.pdf. Detected: pdf
[2026-08-19T17:29:28.153Z] [INFO] Starting text extraction for type: pdf
[2026-08-19T17:29:28.165Z] [WARN] qpdf repair skipped for E:\Srinivas\PDF\PDF\uploads\documents-1787160562582-174046512.pdf: spawnSync qpdf ENOENT
[2026-08-19T17:29:28.183Z] [INFO] Extraction complete: 1032 characters, 1 pages
[2026-08-19T17:29:28.185Z] [INFO] Magic-number check passed for resume_050_Arjun_Shah.pdf. Detected: pdf
[2026-08-19T17:29:28.187Z] [INFO] Starting text extraction for type: pdf
[2026-08-19T17:29:28.203Z] [WARN] qpdf repair skipped for E:\Srinivas\PDF\PDF\uploads\documents-1787160562582-9375869.pdf: spawnSync qpdf ENOENT
[2026-08-19T17:29:28.209Z] [WARN] pdf-parse failed for E:\Srinivas\PDF\PDF\uploads\documents-1787160562582-9375869.pdf (bad XRef entry). Falling back to pdfjs-dist...
[2026-08-19T17:29:28.216Z] [INFO] Magic-number check passed for resume_051_Neha_Joshi.pdf. Detected: pdf
[2026-08-19T17:29:28.218Z] [INFO] Starting text extraction for type: pdf
[2026-08-19T17:29:28.233Z] [WARN] qpdf repair skipped for E:\Srinivas\PDF\PDF\uploads\documents-1787160562582-16902228.pdf: spawnSync qpdf ENOENT
[2026-08-19T17:29:28.260Z] [INFO] Extraction complete: 1047 characters, 1 pages
[2026-08-19T17:29:28.265Z] [INFO] Magic-number check passed for resume_052_Vikram_Mishra.pdf. Detected: pdf
[2026-08-19T17:29:28.268Z] [INFO] Starting text extraction for type: pdf
[2026-08-19T17:29:28.282Z] [WARN] qpdf repair skipped for E:\Srinivas\PDF\PDF\uploads\documents-1787160562584-357144518.pdf: spawnSync qpdf ENOENT
[2026-08-19T17:29:28.301Z] [INFO] Extraction complete: 1053 characters, 1 pages
[2026-08-19T17:29:28.302Z] [INFO] Magic-number check passed for resume_053_Kavya_Reddy.pdf. Detected: pdf
[2026-08-19T17:29:28.304Z] [INFO] Starting text extraction for type: pdf
[2026-08-19T17:29:28.317Z] [WARN] qpdf repair skipped for E:\Srinivas\PDF\PDF\uploads\documents-1787160562584-613817425.pdf: spawnSync qpdf ENOENT
[2026-08-19T17:29:28.332Z] [INFO] Extraction complete: 1053 characters, 1 pages
[2026-08-19T17:29:28.335Z] [INFO] Magic-number check passed for resume_056_Karan_Singh.pdf. Detected: pdf
[2026-08-19T17:29:28.336Z] [INFO] Starting text extraction for type: pdf
[2026-08-19T17:29:28.351Z] [WARN] qpdf repair skipped for E:\Srinivas\PDF\PDF\uploads\documents-1787160562585-95994455.pdf: spawnSync qpdf ENOENT
[2026-08-19T17:29:28.358Z] [WARN] pdf-parse failed for E:\Srinivas\PDF\PDF\uploads\documents-1787160562585-95994455.pdf (bad XRef entry). Falling back to pdfjs-dist...
[2026-08-19T17:29:28.365Z] [INFO] Magic-number check passed for resume_055_Karan_Deshmukh.pdf. Detected: pdf
[2026-08-19T17:29:28.366Z] [INFO] Starting text extraction for type: pdf
[2026-08-19T17:29:28.378Z] [WARN] qpdf repair skipped for E:\Srinivas\PDF\PDF\uploads\documents-1787160562585-16963288.pdf: spawnSync qpdf ENOENT
[2026-08-19T17:29:28.395Z] [INFO] Extraction complete: 1098 characters, 1 pages
[2026-08-19T17:29:28.396Z] [INFO] Magic-number check passed for resume_054_Isha_Sharma.pdf. Detected: pdf
[2026-08-19T17:29:28.404Z] [WARN] qpdf repair skipped for E:\Srinivas\PDF\PDF\uploads\documents-1787160562585-780662657.pdf: spawnSync qpdf ENOENT
[2026-08-19T17:29:28.397Z] [INFO] Starting text extraction for type: pdf
[2026-08-19T17:29:28.418Z] [INFO] Extraction complete: 1045 characters, 1 pages
[2026-08-19T17:29:28.419Z] [INFO] Magic-number check passed for resume_057_Aarav_Nair.pdf. Detected: pdf
[2026-08-19T17:29:28.420Z] [INFO] Starting text extraction for type: pdf
[2026-08-19T17:29:28.430Z] [WARN] qpdf repair skipped for E:\Srinivas\PDF\PDF\uploads\documents-1787160562664-430559927.pdf: spawnSync qpdf ENOENT
[2026-08-19T17:29:28.442Z] [INFO] Extraction complete: 1045 characters, 1 pages
[2026-08-19T17:29:28.444Z] [INFO] Magic-number check passed for resume_058_Vikram_Mishra.pdf. Detected: pdf
[2026-08-19T17:29:28.445Z] [INFO] Starting text extraction for type: pdf
[2026-08-19T17:29:28.457Z] [WARN] qpdf repair skipped for E:\Srinivas\PDF\PDF\uploads\documents-1787160562665-741792893.pdf: spawnSync qpdf ENOENT
[2026-08-19T17:29:28.466Z] [WARN] pdf-parse failed for E:\Srinivas\PDF\PDF\uploads\documents-1787160562665-741792893.pdf (bad XRef entry). Falling back to pdfjs-dist...
[2026-08-19T17:29:28.477Z] [INFO] Magic-number check passed for resume_060_Kavya_Patel.pdf. Detected: pdf
[2026-08-19T17:29:28.478Z] [INFO] Starting text extraction for type: pdf
[2026-08-19T17:29:28.487Z] [WARN] qpdf repair skipped for E:\Srinivas\PDF\PDF\uploads\documents-1787160562672-24099885.pdf: spawnSync qpdf ENOENT
[2026-08-19T17:29:28.503Z] [INFO] Extraction complete: 1072 characters, 1 pages
[2026-08-19T17:29:28.504Z] [INFO] Magic-number check passed for resume_059_Nikhil_Nair.pdf. Detected: pdf
[2026-08-19T17:29:28.506Z] [INFO] Starting text extraction for type: pdf
[2026-08-19T17:29:28.517Z] [WARN] qpdf repair skipped for E:\Srinivas\PDF\PDF\uploads\documents-1787160562665-776606331.pdf: spawnSync qpdf ENOENT
[2026-08-19T17:29:28.530Z] [INFO] Extraction complete: 1053 characters, 1 pages
[2026-08-19T17:29:28.535Z] [INFO] Magic-number check passed for resume_061_Ananya_Nair.pdf. Detected: pdf
[2026-08-19T17:29:28.544Z] [INFO] Starting text extraction for type: pdf
[2026-08-19T17:29:28.554Z] [WARN] qpdf repair skipped for E:\Srinivas\PDF\PDF\uploads\documents-1787160562673-359385563.pdf: spawnSync qpdf ENOENT
[2026-08-19T17:29:28.569Z] [INFO] Extraction complete: 1053 characters, 1 pages
[2026-08-19T17:29:28.577Z] [INFO] Magic-number check passed for resume_063_Rohan_Joshi.pdf. Detected: pdf
[2026-08-19T17:29:28.579Z] [INFO] Starting text extraction for type: pdf
[2026-08-19T17:29:28.587Z] [WARN] qpdf repair skipped for E:\Srinivas\PDF\PDF\uploads\documents-1787160562679-874655525.pdf: spawnSync qpdf ENOENT
[2026-08-19T17:29:28.591Z] [WARN] pdf-parse failed for E:\Srinivas\PDF\PDF\uploads\documents-1787160562679-874655525.pdf (bad XRef entry). Falling back to pdfjs-dist...
[2026-08-19T17:29:28.601Z] [INFO] Magic-number check passed for resume_062_Rahul_Gupta.pdf. Detected: pdf
[2026-08-19T17:29:28.609Z] [INFO] Starting text extraction for type: pdf
[2026-08-19T17:29:28.616Z] [WARN] qpdf repair skipped for E:\Srinivas\PDF\PDF\uploads\documents-1787160562679-699827064.pdf: spawnSync qpdf ENOENT
[2026-08-19T17:29:28.641Z] [INFO] Extraction complete: 1069 characters, 1 pages
[2026-08-19T17:29:28.643Z] [INFO] Magic-number check passed for resume_064_Aditya_Mishra.pdf. Detected: pdf
[2026-08-19T17:29:28.648Z] [INFO] Starting text extraction for type: pdf
[2026-08-19T17:29:28.673Z] [WARN] qpdf repair skipped for E:\Srinivas\PDF\PDF\uploads\documents-1787160562679-692337400.pdf: spawnSync qpdf ENOENT
[2026-08-19T17:29:28.694Z] [INFO] Extraction complete: 1094 characters, 1 pages
[2026-08-19T17:29:28.695Z] [INFO] Magic-number check passed for resume_066_Aarav_Gupta.pdf. Detected: pdf
[2026-08-19T17:29:28.695Z] [INFO] Starting text extraction for type: pdf
[2026-08-19T17:29:28.707Z] [WARN] qpdf repair skipped for E:\Srinivas\PDF\PDF\uploads\documents-1787160562680-728065303.pdf: spawnSync qpdf ENOENT
[2026-08-19T17:29:28.724Z] [INFO] Magic-number check passed for resume_065_Aarav_Shah.pdf. Detected: pdf
[2026-08-19T17:29:28.722Z] [INFO] Extraction complete: 1094 characters, 1 pages
[2026-08-19T17:29:28.725Z] [INFO] Starting text extraction for type: pdf
[2026-08-19T17:29:28.735Z] [WARN] qpdf repair skipped for E:\Srinivas\PDF\PDF\uploads\documents-1787160562680-401284460.pdf: spawnSync qpdf ENOENT
[2026-08-19T17:29:28.743Z] [WARN] pdf-parse failed for E:\Srinivas\PDF\PDF\uploads\documents-1787160562680-401284460.pdf (bad XRef entry). Falling back to pdfjs-dist...
[2026-08-19T17:29:28.759Z] [INFO] Magic-number check passed for resume_067_Nikhil_Reddy.pdf. Detected: pdf
[2026-08-19T17:29:28.761Z] [INFO] Starting text extraction for type: pdf
[2026-08-19T17:29:28.770Z] [WARN] qpdf repair skipped for E:\Srinivas\PDF\PDF\uploads\documents-1787160562680-104452583.pdf: spawnSync qpdf ENOENT
[2026-08-19T17:29:28.800Z] [INFO] Extraction complete: 1080 characters, 1 pages
[2026-08-19T17:29:28.801Z] [INFO] Magic-number check passed for resume_068_Isha_Gupta.pdf. Detected: pdf
[2026-08-19T17:29:28.802Z] [INFO] Starting text extraction for type: pdf
[2026-08-19T17:29:28.818Z] [WARN] qpdf repair skipped for E:\Srinivas\PDF\PDF\uploads\documents-1787160562680-509751098.pdf: spawnSync qpdf ENOENT
[2026-08-19T17:29:28.844Z] [INFO] Extraction complete: 1049 characters, 1 pages
[2026-08-19T17:29:28.846Z] [INFO] Magic-number check passed for resume_070_Isha_Kumar.pdf. Detected: pdf
[2026-08-19T17:29:28.847Z] [INFO] Starting text extraction for type: pdf
[2026-08-19T17:29:28.853Z] [WARN] qpdf repair skipped for E:\Srinivas\PDF\PDF\uploads\documents-1787160562681-177650813.pdf: spawnSync qpdf ENOENT
[2026-08-19T17:29:28.885Z] [INFO] Extraction complete: 1049 characters, 1 pages
[2026-08-19T17:29:28.886Z] [INFO] Magic-number check passed for resume_071_Aarav_Nair.pdf. Detected: pdf
[2026-08-19T17:29:28.893Z] [INFO] Starting text extraction for type: pdf
[2026-08-19T17:29:28.903Z] [WARN] qpdf repair skipped for E:\Srinivas\PDF\PDF\uploads\documents-1787160562681-468981975.pdf: spawnSync qpdf ENOENT
[2026-08-19T17:29:28.906Z] [WARN] pdf-parse failed for E:\Srinivas\PDF\PDF\uploads\documents-1787160562681-468981975.pdf (bad XRef entry). Falling back to pdfjs-dist...
[2026-08-19T17:29:28.920Z] [INFO] Magic-number check passed for resume_072_Ananya_Mishra.pdf. Detected: pdf
[2026-08-19T17:29:28.929Z] [INFO] Starting text extraction for type: pdf
[2026-08-19T17:29:28.942Z] [WARN] qpdf repair skipped for E:\Srinivas\PDF\PDF\uploads\documents-1787160562681-773628542.pdf: spawnSync qpdf ENOENT
[2026-08-19T17:29:28.968Z] [INFO] Extraction complete: 1085 characters, 1 pages
[2026-08-19T17:29:28.969Z] [INFO] Magic-number check passed for resume_073_Isha_Patel.pdf. Detected: pdf
[2026-08-19T17:29:28.986Z] [WARN] qpdf repair skipped for E:\Srinivas\PDF\PDF\uploads\documents-1787160562681-239638151.pdf: spawnSync qpdf ENOENT
[2026-08-19T17:29:28.970Z] [INFO] Starting text extraction for type: pdf
[2026-08-19T17:29:29.014Z] [INFO] Extraction complete: 1090 characters, 1 pages
[2026-08-19T17:29:29.016Z] [INFO] Magic-number check passed for resume_069_Arjun_Mehta.pdf. Detected: pdf
[2026-08-19T17:29:29.017Z] [INFO] Starting text extraction for type: pdf
[2026-08-19T17:29:29.028Z] [WARN] qpdf repair skipped for E:\Srinivas\PDF\PDF\uploads\documents-1787160562681-653728634.pdf: spawnSync qpdf ENOENT
[2026-08-19T17:29:29.053Z] [INFO] Extraction complete: 1090 characters, 1 pages
[2026-08-19T17:29:29.060Z] [INFO] Magic-number check passed for resume_074_Rahul_Mehta.pdf. Detected: pdf
[2026-08-19T17:29:29.062Z] [INFO] Starting text extraction for type: pdf
[2026-08-19T17:29:29.069Z] [WARN] qpdf repair skipped for E:\Srinivas\PDF\PDF\uploads\documents-1787160562683-46664708.pdf: spawnSync qpdf ENOENT
[2026-08-19T17:29:29.080Z] [WARN] pdf-parse failed for E:\Srinivas\PDF\PDF\uploads\documents-1787160562683-46664708.pdf (bad XRef entry). Falling back to pdfjs-dist...
[2026-08-19T17:29:29.097Z] [INFO] Starting text extraction for type: pdf
[2026-08-19T17:29:29.115Z] [WARN] qpdf repair skipped for E:\Srinivas\PDF\PDF\uploads\documents-1787160562684-829384671.pdf: spawnSync qpdf ENOENT
[2026-08-19T17:29:29.088Z] [INFO] Magic-number check passed for resume_075_Kavya_Mishra.pdf. Detected: pdf
[2026-08-19T17:29:29.136Z] [INFO] Extraction complete: 1079 characters, 1 pages
[2026-08-19T17:29:29.143Z] [INFO] Magic-number check passed for resume_076_Vikram_Kumar.pdf. Detected: pdf
[2026-08-19T17:29:29.145Z] [INFO] Starting text extraction for type: pdf
[2026-08-19T17:29:29.158Z] [WARN] qpdf repair skipped for E:\Srinivas\PDF\PDF\uploads\documents-1787160562685-826848632.pdf: spawnSync qpdf ENOENT
[2026-08-19T17:29:29.183Z] [INFO] Extraction complete: 1089 characters, 1 pages
[2026-08-19T17:29:29.184Z] [INFO] Magic-number check passed for resume_077_Kavya_Sharma.pdf. Detected: pdf
[2026-08-19T17:29:29.185Z] [INFO] Starting text extraction for type: pdf
[2026-08-19T17:29:29.200Z] [WARN] qpdf repair skipped for E:\Srinivas\PDF\PDF\uploads\documents-1787160562685-712873065.pdf: spawnSync qpdf ENOENT
[2026-08-19T17:29:29.248Z] [INFO] Extraction complete: 1089 characters, 1 pages
[2026-08-19T17:29:29.251Z] [INFO] Magic-number check passed for resume_078_Meera_Patel.pdf. Detected: pdf
[2026-08-19T17:29:29.252Z] [INFO] Starting text extraction for type: pdf
[2026-08-19T17:29:29.271Z] [WARN] pdf-parse failed for E:\Srinivas\PDF\PDF\uploads\documents-1787160562690-506248938.pdf (bad XRef entry). Falling back to pdfjs-dist...
[2026-08-19T17:29:29.267Z] [WARN] qpdf repair skipped for E:\Srinivas\PDF\PDF\uploads\documents-1787160562690-506248938.pdf: spawnSync qpdf ENOENT
[2026-08-19T17:29:29.283Z] [INFO] Magic-number check passed for resume_079_Kavya_Shah.pdf. Detected: pdf
[2026-08-19T17:29:29.284Z] [INFO] Starting text extraction for type: pdf
[2026-08-19T17:29:29.297Z] [WARN] qpdf repair skipped for E:\Srinivas\PDF\PDF\uploads\documents-1787160562691-484410321.pdf: spawnSync qpdf ENOENT
[2026-08-19T17:29:29.317Z] [INFO] Extraction complete: 1075 characters, 1 pages
[2026-08-19T17:29:29.319Z] [INFO] Magic-number check passed for resume_080_Priya_Joshi.pdf. Detected: pdf
[2026-08-19T17:29:29.320Z] [INFO] Starting text extraction for type: pdf
[2026-08-19T17:29:29.336Z] [WARN] qpdf repair skipped for E:\Srinivas\PDF\PDF\uploads\documents-1787160562691-309721196.pdf: spawnSync qpdf ENOENT
[2026-08-19T17:29:29.382Z] [INFO] Extraction complete: 1061 characters, 1 pages
[2026-08-19T17:29:29.384Z] [INFO] Magic-number check passed for resume_081_Arjun_Deshmukh.pdf. Detected: pdf
[2026-08-19T17:29:29.385Z] [INFO] Starting text extraction for type: pdf
[2026-08-19T17:29:29.398Z] [WARN] qpdf repair skipped for E:\Srinivas\PDF\PDF\uploads\documents-1787160562720-163140786.pdf: spawnSync qpdf ENOENT
[2026-08-19T17:29:29.431Z] [INFO] Extraction complete: 1061 characters, 1 pages
[2026-08-19T17:29:29.433Z] [INFO] Magic-number check passed for resume_082_Isha_Patel.pdf. Detected: pdf
[2026-08-19T17:29:29.434Z] [INFO] Starting text extraction for type: pdf
[2026-08-19T17:29:29.446Z] [WARN] qpdf repair skipped for E:\Srinivas\PDF\PDF\uploads\documents-1787160562720-353557853.pdf: spawnSync qpdf ENOENT
[2026-08-19T17:29:29.450Z] [WARN] pdf-parse failed for E:\Srinivas\PDF\PDF\uploads\documents-1787160562720-353557853.pdf (bad XRef entry). Falling back to pdfjs-dist...
[2026-08-19T17:29:29.457Z] [INFO] Magic-number check passed for resume_083_Kavya_Kulkarni.pdf. Detected: pdf
[2026-08-19T17:29:29.459Z] [INFO] Starting text extraction for type: pdf
[2026-08-19T17:29:29.469Z] [WARN] qpdf repair skipped for E:\Srinivas\PDF\PDF\uploads\documents-1787160562720-626643994.pdf: spawnSync qpdf ENOENT
[2026-08-19T17:29:29.500Z] [INFO] Extraction complete: 1054 characters, 1 pages
[2026-08-19T17:29:29.502Z] [INFO] Magic-number check passed for resume_085_Priya_Mehta.pdf. Detected: pdf
[2026-08-19T17:29:29.504Z] [INFO] Starting text extraction for type: pdf
[2026-08-19T17:29:29.521Z] [WARN] qpdf repair skipped for E:\Srinivas\PDF\PDF\uploads\documents-1787160562721-237081854.pdf: spawnSync qpdf ENOENT
[2026-08-19T17:29:29.546Z] [INFO] Extraction complete: 1054 characters, 1 pages
[2026-08-19T17:29:29.548Z] [INFO] Magic-number check passed for resume_084_Aarav_Kulkarni.pdf. Detected: pdf
[2026-08-19T17:29:29.554Z] [WARN] qpdf repair skipped for E:\Srinivas\PDF\PDF\uploads\documents-1787160562720-153217777.pdf: spawnSync qpdf ENOENT
[2026-08-19T17:29:29.548Z] [INFO] Starting text extraction for type: pdf
[2026-08-19T17:29:29.581Z] [INFO] Extraction complete: 1054 characters, 1 pages
[2026-08-19T17:29:29.584Z] [INFO] Magic-number check passed for resume_086_Sneha_Kumar.pdf. Detected: pdf
[2026-08-19T17:29:29.584Z] [INFO] Starting text extraction for type: pdf
[2026-08-19T17:29:29.598Z] [WARN] qpdf repair skipped for E:\Srinivas\PDF\PDF\uploads\documents-1787160562721-863904807.pdf: spawnSync qpdf ENOENT
[2026-08-19T17:29:29.601Z] [WARN] pdf-parse failed for E:\Srinivas\PDF\PDF\uploads\documents-1787160562721-863904807.pdf (bad XRef entry). Falling back to pdfjs-dist...
[2026-08-19T17:29:29.611Z] [INFO] Magic-number check passed for resume_087_Isha_Nair.pdf. Detected: pdf
[2026-08-19T17:29:29.611Z] [INFO] Starting text extraction for type: pdf
[2026-08-19T17:29:29.619Z] [WARN] qpdf repair skipped for E:\Srinivas\PDF\PDF\uploads\documents-1787160562721-236484392.pdf: spawnSync qpdf ENOENT
[2026-08-19T17:29:29.646Z] [INFO] Extraction complete: 1044 characters, 1 pages
[2026-08-19T17:29:29.650Z] [INFO] Magic-number check passed for resume_088_Karan_Mehta.pdf. Detected: pdf
[2026-08-19T17:29:29.652Z] [INFO] Starting text extraction for type: pdf
[2026-08-19T17:29:29.666Z] [WARN] qpdf repair skipped for E:\Srinivas\PDF\PDF\uploads\documents-1787160562721-967062603.pdf: spawnSync qpdf ENOENT
[2026-08-19T17:29:29.694Z] [INFO] Extraction complete: 1087 characters, 1 pages
[2026-08-19T17:29:29.697Z] [INFO] Magic-number check passed for resume_089_Aarav_Kumar.pdf. Detected: pdf
[2026-08-19T17:29:29.698Z] [INFO] Starting text extraction for type: pdf
[2026-08-19T17:29:29.714Z] [WARN] qpdf repair skipped for E:\Srinivas\PDF\PDF\uploads\documents-1787160562721-9206389.pdf: spawnSync qpdf ENOENT
[2026-08-19T17:29:29.736Z] [INFO] Extraction complete: 1087 characters, 1 pages
[2026-08-19T17:29:29.737Z] [INFO] Magic-number check passed for resume_090_Karan_Shah.pdf. Detected: pdf
[2026-08-19T17:29:29.746Z] [INFO] Starting text extraction for type: pdf
[2026-08-19T17:29:29.762Z] [WARN] qpdf repair skipped for E:\Srinivas\PDF\PDF\uploads\documents-1787160562721-74350703.pdf: spawnSync qpdf ENOENT
[2026-08-19T17:29:29.767Z] [WARN] pdf-parse failed for E:\Srinivas\PDF\PDF\uploads\documents-1787160562721-74350703.pdf (bad XRef entry). Falling back to pdfjs-dist...
[2026-08-19T17:29:29.780Z] [INFO] Magic-number check passed for resume_091_Karan_Joshi.pdf. Detected: pdf
[2026-08-19T17:29:29.782Z] [INFO] Starting text extraction for type: pdf
[2026-08-19T17:29:29.795Z] [WARN] qpdf repair skipped for E:\Srinivas\PDF\PDF\uploads\documents-1787160562721-882940048.pdf: spawnSync qpdf ENOENT
[2026-08-19T17:29:29.819Z] [INFO] Extraction complete: 1063 characters, 1 pages
[2026-08-19T17:29:29.820Z] [INFO] Magic-number check passed for resume_093_Aditya_Deshmukh.pdf. Detected: pdf
[2026-08-19T17:29:29.823Z] [INFO] Starting text extraction for type: pdf
[2026-08-19T17:29:29.835Z] [WARN] qpdf repair skipped for E:\Srinivas\PDF\PDF\uploads\documents-1787160562722-805484603.pdf: spawnSync qpdf ENOENT
[2026-08-19T17:29:29.856Z] [INFO] Extraction complete: 1057 characters, 1 pages
[2026-08-19T17:29:29.862Z] [INFO] Starting text extraction for type: pdf
[2026-08-19T17:29:29.861Z] [INFO] Magic-number check passed for resume_092_Ananya_Gupta.pdf. Detected: pdf
[2026-08-19T17:29:29.871Z] [WARN] qpdf repair skipped for E:\Srinivas\PDF\PDF\uploads\documents-1787160562721-725653325.pdf: spawnSync qpdf ENOENT
[2026-08-19T17:29:29.900Z] [INFO] Extraction complete: 1057 characters, 1 pages
[2026-08-19T17:29:29.902Z] [INFO] Magic-number check passed for resume_095_Ananya_Shah.pdf. Detected: pdf
[2026-08-19T17:29:29.903Z] [INFO] Starting text extraction for type: pdf
[2026-08-19T17:29:29.920Z] [WARN] qpdf repair skipped for E:\Srinivas\PDF\PDF\uploads\documents-1787160562723-701587328.pdf: spawnSync qpdf ENOENT
[2026-08-19T17:29:29.932Z] [WARN] pdf-parse failed for E:\Srinivas\PDF\PDF\uploads\documents-1787160562723-701587328.pdf (bad XRef entry). Falling back to pdfjs-dist...
[2026-08-19T17:29:29.945Z] [INFO] Magic-number check passed for resume_094_Priya_Deshmukh.pdf. Detected: pdf
[2026-08-19T17:29:29.947Z] [INFO] Starting text extraction for type: pdf
[2026-08-19T17:29:29.966Z] [WARN] qpdf repair skipped for E:\Srinivas\PDF\PDF\uploads\documents-1787160562723-432105672.pdf: spawnSync qpdf ENOENT
[2026-08-19T17:29:29.989Z] [INFO] Extraction complete: 1104 characters, 1 pages
[2026-08-19T17:29:29.996Z] [INFO] Magic-number check passed for resume_096_Rohan_Mehta.pdf. Detected: pdf
[2026-08-19T17:29:29.998Z] [INFO] Starting text extraction for type: pdf
[2026-08-19T17:29:30.004Z] [WARN] qpdf repair skipped for E:\Srinivas\PDF\PDF\uploads\documents-1787160562724-884858876.pdf: spawnSync qpdf ENOENT
[2026-08-19T17:29:30.035Z] [INFO] Extraction complete: 1057 characters, 1 pages
[2026-08-19T17:29:30.036Z] [INFO] Magic-number check passed for resume_097_Neha_Shah.pdf. Detected: pdf
[2026-08-19T17:29:30.041Z] [INFO] Starting text extraction for type: pdf
[2026-08-19T17:29:30.064Z] [WARN] qpdf repair skipped for E:\Srinivas\PDF\PDF\uploads\documents-1787160562726-824221195.pdf: spawnSync qpdf ENOENT
[2026-08-19T17:29:30.098Z] [INFO] Extraction complete: 1057 characters, 1 pages
[2026-08-19T17:29:30.103Z] [INFO] Magic-number check passed for resume_099_Nikhil_Mishra.pdf. Detected: pdf
[2026-08-19T17:29:30.108Z] [INFO] Starting text extraction for type: pdf
[2026-08-19T17:29:30.133Z] [WARN] qpdf repair skipped for E:\Srinivas\PDF\PDF\uploads\documents-1787160562729-924378433.pdf: spawnSync qpdf ENOENT
[2026-08-19T17:29:30.137Z] [WARN] pdf-parse failed for E:\Srinivas\PDF\PDF\uploads\documents-1787160562729-924378433.pdf (bad XRef entry). Falling back to pdfjs-dist...
[2026-08-19T17:29:30.157Z] [INFO] Magic-number check passed for resume_098_Kavya_Kulkarni.pdf. Detected: pdf
[2026-08-19T17:29:30.162Z] [INFO] Starting text extraction for type: pdf
[2026-08-19T17:29:30.183Z] [WARN] qpdf repair skipped for E:\Srinivas\PDF\PDF\uploads\documents-1787160562727-428537292.pdf: spawnSync qpdf ENOENT
[2026-08-19T17:29:30.220Z] [INFO] Extraction complete: 1066 characters, 1 pages
[2026-08-19T17:29:30.229Z] [INFO] Magic-number check passed for resume_100_Kavya_Sharma.pdf. Detected: pdf
[2026-08-19T17:29:30.232Z] [INFO] Starting text extraction for type: pdf
[2026-08-19T17:29:30.265Z] [WARN] qpdf repair skipped for E:\Srinivas\PDF\PDF\uploads\documents-1787160562729-544848209.pdf: spawnSync qpdf ENOENT
[2026-08-19T17:29:30.299Z] [INFO] Extraction complete: 1041 characters, 1 pages
[2026-08-19T17:29:30.300Z] [INFO] Magic-number check passed for resume_101_Neha_Deshmukh.pdf. Detected: pdf
[2026-08-19T17:29:30.301Z] [INFO] Starting text extraction for type: pdf
[2026-08-19T17:29:30.318Z] [WARN] qpdf repair skipped for E:\Srinivas\PDF\PDF\uploads\documents-1787160562730-863047568.pdf: spawnSync qpdf ENOENT
[2026-08-19T17:29:30.400Z] [INFO] Extraction complete: 1041 characters, 1 pages
[2026-08-19T17:29:30.402Z] [INFO] Magic-number check passed for resume_104_Arjun_Mishra.pdf. Detected: pdf
[2026-08-19T17:29:30.403Z] [INFO] Starting text extraction for type: pdf
[2026-08-19T17:29:30.442Z] [WARN] qpdf repair skipped for E:\Srinivas\PDF\PDF\uploads\documents-1787160562730-929756977.pdf: spawnSync qpdf ENOENT
[2026-08-19T17:29:30.452Z] [WARN] pdf-parse failed for E:\Srinivas\PDF\PDF\uploads\documents-1787160562730-929756977.pdf (bad XRef entry). Falling back to pdfjs-dist...
[2026-08-19T17:29:30.464Z] [INFO] Magic-number check passed for resume_103_Aditya_Nair.pdf. Detected: pdf
[2026-08-19T17:29:30.464Z] [INFO] Starting text extraction for type: pdf
[2026-08-19T17:29:30.473Z] [WARN] qpdf repair skipped for E:\Srinivas\PDF\PDF\uploads\documents-1787160562730-515575157.pdf: spawnSync qpdf ENOENT
[2026-08-19T17:29:30.530Z] [INFO] Extraction complete: 1033 characters, 1 pages
[2026-08-19T17:29:30.534Z] [INFO] Magic-number check passed for resume_105_Karan_Mishra.pdf. Detected: pdf
[2026-08-19T17:29:30.595Z] [WARN] qpdf repair skipped for E:\Srinivas\PDF\PDF\uploads\documents-1787160562730-20205785.pdf: spawnSync qpdf ENOENT
[2026-08-19T17:29:30.545Z] [INFO] Starting text extraction for type: pdf
[2026-08-19T17:29:30.617Z] [INFO] Extraction complete: 1060 characters, 1 pages
[2026-08-19T17:29:30.618Z] [INFO] Magic-number check passed for resume_106_Arjun_Deshmukh.pdf. Detected: pdf
[2026-08-19T17:29:30.632Z] [WARN] qpdf repair skipped for E:\Srinivas\PDF\PDF\uploads\documents-1787160562763-206694946.pdf: spawnSync qpdf ENOENT
[2026-08-19T17:29:30.651Z] [INFO] Extraction complete: 1060 characters, 1 pages
[2026-08-19T17:29:30.652Z] [INFO] Magic-number check passed for resume_107_Neha_Kulkarni.pdf. Detected: pdf
[2026-08-19T17:29:30.619Z] [INFO] Starting text extraction for type: pdf
[2026-08-19T17:29:30.653Z] [INFO] Starting text extraction for type: pdf
[2026-08-19T17:29:30.670Z] [WARN] qpdf repair skipped for E:\Srinivas\PDF\PDF\uploads\documents-1787160562763-366830.pdf: spawnSync qpdf ENOENT
[2026-08-19T17:29:30.683Z] [WARN] pdf-parse failed for E:\Srinivas\PDF\PDF\uploads\documents-1787160562763-366830.pdf (bad XRef entry). Falling back to pdfjs-dist...
[2026-08-19T17:29:30.701Z] [INFO] Magic-number check passed for resume_108_Kavya_Shah.pdf. Detected: pdf
[2026-08-19T17:29:30.703Z] [INFO] Starting text extraction for type: pdf
[2026-08-19T17:29:30.717Z] [WARN] qpdf repair skipped for E:\Srinivas\PDF\PDF\uploads\documents-1787160562763-517580472.pdf: spawnSync qpdf ENOENT
[2026-08-19T17:29:30.739Z] [INFO] Extraction complete: 1084 characters, 1 pages
[2026-08-19T17:29:30.745Z] [INFO] Magic-number check passed for resume_109_Rohan_Joshi.pdf. Detected: pdf
[2026-08-19T17:29:30.765Z] [WARN] qpdf repair skipped for E:\Srinivas\PDF\PDF\uploads\documents-1787160562763-122907711.pdf: spawnSync qpdf ENOENT
[2026-08-19T17:29:30.785Z] [INFO] Extraction complete: 1084 characters, 1 pages
[2026-08-19T17:29:30.750Z] [INFO] Starting text extraction for type: pdf
[2026-08-19T17:29:30.786Z] [INFO] Magic-number check passed for resume_110_Neha_Mishra.pdf. Detected: pdf
[2026-08-19T17:29:30.792Z] [INFO] Starting text extraction for type: pdf
[2026-08-19T17:29:30.806Z] [WARN] qpdf repair skipped for E:\Srinivas\PDF\PDF\uploads\documents-1787160562763-403697132.pdf: spawnSync qpdf ENOENT
[2026-08-19T17:29:30.837Z] [INFO] Extraction complete: 1084 characters, 1 pages
[2026-08-19T17:29:30.844Z] [INFO] Magic-number check passed for resume_111_Ananya_Mishra.pdf. Detected: pdf
[2026-08-19T17:29:30.848Z] [INFO] Starting text extraction for type: pdf
[2026-08-19T17:29:30.861Z] [WARN] qpdf repair skipped for E:\Srinivas\PDF\PDF\uploads\documents-1787160562764-55110867.pdf: spawnSync qpdf ENOENT
[2026-08-19T17:29:30.868Z] [WARN] pdf-parse failed for E:\Srinivas\PDF\PDF\uploads\documents-1787160562764-55110867.pdf (bad XRef entry). Falling back to pdfjs-dist...
[2026-08-19T17:29:30.881Z] [INFO] Starting text extraction for type: pdf
[2026-08-19T17:29:30.880Z] [INFO] Magic-number check passed for resume_112_Neha_Verma.pdf. Detected: pdf
[2026-08-19T17:29:30.891Z] [WARN] qpdf repair skipped for E:\Srinivas\PDF\PDF\uploads\documents-1787160562764-527210824.pdf: spawnSync qpdf ENOENT
[2026-08-19T17:29:30.920Z] [INFO] Extraction complete: 1079 characters, 1 pages
[2026-08-19T17:29:30.922Z] [INFO] Magic-number check passed for resume_113_Aditya_Reddy.pdf. Detected: pdf
[2026-08-19T17:29:30.927Z] [INFO] Starting text extraction for type: pdf
[2026-08-19T17:29:30.936Z] [WARN] qpdf repair skipped for E:\Srinivas\PDF\PDF\uploads\documents-1787160562764-100263782.pdf: spawnSync qpdf ENOENT
[2026-08-19T17:29:30.951Z] [INFO] Extraction complete: 1073 characters, 1 pages
[2026-08-19T17:29:30.957Z] [INFO] Magic-number check passed for resume_115_Ananya_Nair.pdf. Detected: pdf
[2026-08-19T17:29:30.963Z] [INFO] Starting text extraction for type: pdf
[2026-08-19T17:29:30.980Z] [WARN] qpdf repair skipped for E:\Srinivas\PDF\PDF\uploads\documents-1787160562764-565559889.pdf: spawnSync qpdf ENOENT
[2026-08-19T17:29:31.004Z] [INFO] Extraction complete: 1073 characters, 1 pages
[2026-08-19T17:29:31.007Z] [INFO] Magic-number check passed for resume_114_Aarav_Verma.pdf. Detected: pdf
[2026-08-19T17:29:31.013Z] [INFO] Starting text extraction for type: pdf
[2026-08-19T17:29:31.020Z] [WARN] qpdf repair skipped for E:\Srinivas\PDF\PDF\uploads\documents-1787160562764-747406855.pdf: spawnSync qpdf ENOENT
[2026-08-19T17:29:31.031Z] [WARN] pdf-parse failed for E:\Srinivas\PDF\PDF\uploads\documents-1787160562764-747406855.pdf (bad XRef entry). Falling back to pdfjs-dist...
[2026-08-19T17:29:31.037Z] [INFO] Magic-number check passed for resume_116_Priya_Nair.pdf. Detected: pdf
[2026-08-19T17:29:31.047Z] [INFO] Starting text extraction for type: pdf
[2026-08-19T17:29:31.056Z] [WARN] qpdf repair skipped for E:\Srinivas\PDF\PDF\uploads\documents-1787160562764-60499922.pdf: spawnSync qpdf ENOENT
[2026-08-19T17:29:31.098Z] [INFO] Extraction complete: 1064 characters, 1 pages
[2026-08-19T17:29:31.099Z] [INFO] Magic-number check passed for resume_117_Isha_Nair.pdf. Detected: pdf
[2026-08-19T17:29:31.099Z] [INFO] Starting text extraction for type: pdf
[2026-08-19T17:29:31.107Z] [WARN] qpdf repair skipped for E:\Srinivas\PDF\PDF\uploads\documents-1787160562769-756065413.pdf: spawnSync qpdf ENOENT
[2026-08-19T17:29:31.133Z] [INFO] Extraction complete: 1045 characters, 1 pages
[2026-08-19T17:29:31.134Z] [INFO] Magic-number check passed for resume_119_Meera_Shah.pdf. Detected: pdf
[2026-08-19T17:29:31.135Z] [INFO] Starting text extraction for type: pdf
[2026-08-19T17:29:31.151Z] [WARN] qpdf repair skipped for E:\Srinivas\PDF\PDF\uploads\documents-1787160562769-333826932.pdf: spawnSync qpdf ENOENT
[2026-08-19T17:29:31.179Z] [INFO] Extraction complete: 1045 characters, 1 pages
[2026-08-19T17:29:31.181Z] [INFO] Magic-number check passed for resume_118_Karan_Deshmukh.pdf. Detected: pdf
[2026-08-19T17:29:31.182Z] [INFO] Starting text extraction for type: pdf
[2026-08-19T17:29:31.199Z] [WARN] qpdf repair skipped for E:\Srinivas\PDF\PDF\uploads\documents-1787160562769-823577894.pdf: spawnSync qpdf ENOENT
[2026-08-19T17:29:31.203Z] [WARN] pdf-parse failed for E:\Srinivas\PDF\PDF\uploads\documents-1787160562769-823577894.pdf (bad XRef entry). Falling back to pdfjs-dist...
[2026-08-19T17:29:31.211Z] [INFO] Magic-number check passed for resume_120_Aditya_Kulkarni.pdf. Detected: pdf
[2026-08-19T17:29:31.212Z] [INFO] Starting text extraction for type: pdf
[2026-08-19T17:29:31.230Z] [WARN] qpdf repair skipped for E:\Srinivas\PDF\PDF\uploads\documents-1787160562770-804873024.pdf: spawnSync qpdf ENOENT
[2026-08-19T17:29:31.252Z] [INFO] Extraction complete: 1081 characters, 1 pages
[2026-08-19T17:29:31.264Z] [INFO] Magic-number check passed for resume_102_Ananya_Kulkarni.pdf. Detected: pdf
[2026-08-19T17:29:31.265Z] [INFO] Starting text extraction for type: pdf
[2026-08-19T17:29:31.303Z] [INFO] Extraction complete: 1098 characters, 1 pages
[2026-08-19T17:29:31.279Z] [WARN] qpdf repair skipped for E:\Srinivas\PDF\PDF\uploads\documents-1787160562730-737615337.pdf: spawnSync qpdf ENOENT
[2026-08-19T17:29:31.414Z] [INFO] Saved extraction record to Supabase with ID 470 (candidate_id: C1449) for: resume_001_Ananya_Sharma.pdf
[2026-08-19T17:29:31.420Z] [INFO] Cleaned up temporary file: E:\Srinivas\PDF\PDF\uploads\documents-1787160562532-477040954.pdf
[2026-08-19T17:29:31.571Z] [INFO] Extraction complete: 1076 characters, 1 pages
[2026-08-19T17:29:31.624Z] [INFO] Extraction complete: 1045 characters, 1 pages
[2026-08-19T17:29:31.666Z] [INFO] Extraction complete: 1085 characters, 1 pages
[2026-08-19T17:29:31.700Z] [INFO] Extraction complete: 1049 characters, 1 pages
[2026-08-19T17:29:31.746Z] [INFO] Extraction complete: 1050 characters, 1 pages
[2026-08-19T17:29:31.783Z] [INFO] Extraction complete: 1066 characters, 1 pages
[2026-08-19T17:29:31.827Z] [INFO] Extraction complete: 1091 characters, 1 pages
[2026-08-19T17:29:31.874Z] [INFO] Extraction complete: 1078 characters, 1 pages
[2026-08-19T17:29:31.959Z] [INFO] Extraction complete: 1067 characters, 1 pages
[2026-08-19T17:29:31.913Z] [INFO] Extraction complete: 1057 characters, 1 pages
[2026-08-19T17:29:31.986Z] [INFO] Extraction complete: 1042 characters, 1 pages
[2026-08-19T17:29:32.017Z] [INFO] Extraction complete: 1072 characters, 1 pages
[2026-08-19T17:29:32.044Z] [INFO] Extraction complete: 1065 characters, 1 pages
[2026-08-19T17:29:32.104Z] [INFO] Extraction complete: 1040 characters, 1 pages
[2026-08-19T17:29:32.192Z] [INFO] Extraction complete: 1053 characters, 1 pages
[2026-08-19T17:29:32.276Z] [INFO] Extraction complete: 1060 characters, 1 pages
[2026-08-19T17:29:32.356Z] [INFO] Extraction complete: 1059 characters, 1 pages
[2026-08-19T17:29:32.427Z] [INFO] Extraction complete: 1067 characters, 1 pages
[2026-08-19T17:29:32.464Z] [INFO] Extraction complete: 1054 characters, 1 pages
[2026-08-19T17:29:32.527Z] [INFO] Extraction complete: 1102 characters, 1 pages
[2026-08-19T17:29:32.570Z] [INFO] Extraction complete: 1065 characters, 1 pages
[2026-08-19T17:29:32.601Z] [INFO] Extraction complete: 1068 characters, 1 pages
[2026-08-19T17:29:32.636Z] [INFO] Extraction complete: 1067 characters, 1 pages
[2026-08-19T17:29:32.668Z] [INFO] Saved extraction record to Supabase with ID 471 (candidate_id: C1459) for: resume_011_Sneha_Reddy.pdf
[2026-08-19T17:29:32.672Z] [INFO] Cleaned up temporary file: E:\Srinivas\PDF\PDF\uploads\documents-1787160562550-977652515.pdf
[2026-08-19T17:29:32.828Z] [INFO] Saved extraction record to Supabase with ID 472 (candidate_id: C1460) for: resume_012_Ananya_Kulkarni.pdf
[2026-08-19T17:29:32.844Z] [INFO] Cleaned up temporary file: E:\Srinivas\PDF\PDF\uploads\documents-1787160562551-843609459.pdf
[2026-08-19T17:29:32.992Z] [INFO] Saved extraction record to Supabase with ID 473 (candidate_id: C1461) for: resume_013_Sneha_Gupta.pdf
[2026-08-19T17:29:32.994Z] [INFO] Cleaned up temporary file: E:\Srinivas\PDF\PDF\uploads\documents-1787160562552-652254527.pdf
[2026-08-19T17:29:33.149Z] [INFO] Saved extraction record to Supabase with ID 474 (candidate_id: C1462) for: resume_014_Aarav_Deshmukh.pdf
[2026-08-19T17:29:33.155Z] [INFO] Cleaned up temporary file: E:\Srinivas\PDF\PDF\uploads\documents-1787160562552-117784790.pdf
[2026-08-19T17:29:33.313Z] [INFO] Saved extraction record to Supabase with ID 475 (candidate_id: C1463) for: resume_015_Rahul_Nair.pdf
[2026-08-19T17:29:33.316Z] [INFO] Cleaned up temporary file: E:\Srinivas\PDF\PDF\uploads\documents-1787160562552-880633754.pdf
[2026-08-19T17:29:33.472Z] [INFO] Saved extraction record to Supabase with ID 476 (candidate_id: C1464) for: resume_016_Arjun_Gupta.pdf
[2026-08-19T17:29:33.475Z] [INFO] Cleaned up temporary file: E:\Srinivas\PDF\PDF\uploads\documents-1787160562552-577009967.pdf
[2026-08-19T17:29:33.629Z] [INFO] Saved extraction record to Supabase with ID 477 (candidate_id: C1465) for: resume_017_Nikhil_Gupta.pdf
[2026-08-19T17:29:33.631Z] [INFO] Cleaned up temporary file: E:\Srinivas\PDF\PDF\uploads\documents-1787160562553-514341228.pdf
[2026-08-19T17:29:33.674Z] [INFO] Saved extraction record to Supabase with ID 478 (candidate_id: C1450) for: resume_002_Priya_Sharma.pdf
[2026-08-19T17:29:33.678Z] [INFO] Cleaned up temporary file: E:\Srinivas\PDF\PDF\uploads\documents-1787160562534-678029593.pdf
[2026-08-19T17:29:33.702Z] [INFO] Saved extraction record to Supabase with ID 479 (candidate_id: C1451) for: resume_003_Neha_Shah.pdf
[2026-08-19T17:29:33.705Z] [INFO] Cleaned up temporary file: E:\Srinivas\PDF\PDF\uploads\documents-1787160562535-883832480.pdf
[2026-08-19T17:29:33.710Z] [INFO] Saved extraction record to Supabase with ID 480 (candidate_id: C1457) for: resume_009_Vikram_Kulkarni.pdf
[2026-08-19T17:29:33.714Z] [INFO] Cleaned up temporary file: E:\Srinivas\PDF\PDF\uploads\documents-1787160562547-434687284.pdf
[2026-08-19T17:29:33.738Z] [INFO] Saved extraction record to Supabase with ID 481 (candidate_id: C1452) for: resume_004_Aditya_Patel.pdf
[2026-08-19T17:29:33.742Z] [INFO] Cleaned up temporary file: E:\Srinivas\PDF\PDF\uploads\documents-1787160562536-429043547.pdf
[2026-08-19T17:29:33.751Z] [INFO] Saved extraction record to Supabase with ID 482 (candidate_id: C1453) for: resume_005_Karan_Patel.pdf
[2026-08-19T17:29:33.753Z] [INFO] Cleaned up temporary file: E:\Srinivas\PDF\PDF\uploads\documents-1787160562536-931591914.pdf
[2026-08-19T17:29:33.785Z] [INFO] Saved extraction record to Supabase with ID 483 (candidate_id: C1467) for: resume_019_Vikram_Gupta.pdf
[2026-08-19T17:29:33.787Z] [INFO] Cleaned up temporary file: E:\Srinivas\PDF\PDF\uploads\documents-1787160562554-344089720.pdf
[2026-08-19T17:29:33.821Z] [INFO] Saved extraction record to Supabase with ID 484 (candidate_id: C1466) for: resume_018_Aarav_Patel.pdf
[2026-08-19T17:29:33.826Z] [INFO] Cleaned up temporary file: E:\Srinivas\PDF\PDF\uploads\documents-1787160562553-113708025.pdf
[2026-08-19T17:29:33.857Z] [INFO] Saved extraction record to Supabase with ID 485 (candidate_id: C1470) for: resume_022_Neha_Mishra.pdf
[2026-08-19T17:29:33.861Z] [INFO] Cleaned up temporary file: E:\Srinivas\PDF\PDF\uploads\documents-1787160562555-302763847.pdf
[2026-08-19T17:29:33.864Z] [INFO] Saved extraction record to Supabase with ID 486 (candidate_id: C1468) for: resume_020_Meera_Singh.pdf
[2026-08-19T17:29:33.867Z] [INFO] Cleaned up temporary file: E:\Srinivas\PDF\PDF\uploads\documents-1787160562554-116229575.pdf
[2026-08-19T17:29:33.894Z] [INFO] Saved extraction record to Supabase with ID 487 (candidate_id: C1471) for: resume_023_Sneha_Joshi.pdf
[2026-08-19T17:29:33.896Z] [INFO] Cleaned up temporary file: E:\Srinivas\PDF\PDF\uploads\documents-1787160562557-301162292.pdf
[2026-08-19T17:29:33.930Z] [INFO] Saved extraction record to Supabase with ID 489 (candidate_id: C1456) for: resume_008_Neha_Kulkarni.pdf
[2026-08-19T17:29:33.932Z] [INFO] Cleaned up temporary file: E:\Srinivas\PDF\PDF\uploads\documents-1787160562546-716194574.pdf
[2026-08-19T17:29:33.941Z] [INFO] Saved extraction record to Supabase with ID 490 (candidate_id: C1473) for: resume_025_Vikram_Sharma.pdf
[2026-08-19T17:29:33.943Z] [INFO] Cleaned up temporary file: E:\Srinivas\PDF\PDF\uploads\documents-1787160562558-473721763.pdf
[2026-08-19T17:29:33.954Z] [INFO] Saved extraction record to Supabase with ID 491 (candidate_id: C1455) for: resume_007_Arjun_Nair.pdf
[2026-08-19T17:29:33.955Z] [INFO] Cleaned up temporary file: E:\Srinivas\PDF\PDF\uploads\documents-1787160562537-882528886.pdf
[2026-08-19T17:29:33.968Z] [INFO] Saved extraction record to Supabase with ID 492 (candidate_id: C1474) for: resume_026_Priya_Gupta.pdf
[2026-08-19T17:29:33.970Z] [INFO] Cleaned up temporary file: E:\Srinivas\PDF\PDF\uploads\documents-1787160562558-318651341.pdf
[2026-08-19T17:29:34.006Z] [INFO] Saved extraction record to Supabase with ID 493 (candidate_id: C1475) for: resume_027_Priya_Deshmukh.pdf
[2026-08-19T17:29:34.009Z] [INFO] Cleaned up temporary file: E:\Srinivas\PDF\PDF\uploads\documents-1787160562558-683957521.pdf
[2026-08-19T17:29:34.013Z] [INFO] Saved extraction record to Supabase with ID 494 (candidate_id: C1477) for: resume_029_Rahul_Gupta.pdf
[2026-08-19T17:29:34.015Z] [INFO] Cleaned up temporary file: E:\Srinivas\PDF\PDF\uploads\documents-1787160562560-679095926.pdf
[2026-08-19T17:29:34.048Z] [INFO] Saved extraction record to Supabase with ID 495 (candidate_id: C1476) for: resume_028_Neha_Kumar.pdf
[2026-08-19T17:29:34.050Z] [INFO] Cleaned up temporary file: E:\Srinivas\PDF\PDF\uploads\documents-1787160562559-526525315.pdf
[2026-08-19T17:29:34.085Z] [INFO] Saved extraction record to Supabase with ID 496 (candidate_id: C1478) for: resume_030_Kavya_Deshmukh.pdf
[2026-08-19T17:29:34.087Z] [INFO] Cleaned up temporary file: E:\Srinivas\PDF\PDF\uploads\documents-1787160562561-602999770.pdf
[2026-08-19T17:29:34.097Z] [INFO] Saved extraction record to Supabase with ID 497 (candidate_id: C1469) for: resume_021_Aditya_Reddy.pdf
[2026-08-19T17:29:34.100Z] [INFO] Cleaned up temporary file: E:\Srinivas\PDF\PDF\uploads\documents-1787160562554-412124774.pdf
[2026-08-19T17:29:34.115Z] [INFO] Saved extraction record to Supabase with ID 499 (candidate_id: C1482) for: resume_034_Priya_Mishra.pdf
[2026-08-19T17:29:34.117Z] [INFO] Cleaned up temporary file: E:\Srinivas\PDF\PDF\uploads\documents-1787160562579-6246670.pdf
[2026-08-19T17:29:34.159Z] [INFO] Saved extraction record to Supabase with ID 500 (candidate_id: C1483) for: resume_035_Pooja_Mehta.pdf
[2026-08-19T17:29:34.161Z] [INFO] Cleaned up temporary file: E:\Srinivas\PDF\PDF\uploads\documents-1787160562580-954450042.pdf
[2026-08-19T17:29:34.164Z] [INFO] Saved extraction record to Supabase with ID 501 (candidate_id: C1484) for: resume_036_Sneha_Reddy.pdf
[2026-08-19T17:29:34.168Z] [INFO] Cleaned up temporary file: E:\Srinivas\PDF\PDF\uploads\documents-1787160562580-439223590.pdf
[2026-08-19T17:29:34.206Z] [INFO] Saved extraction record to Supabase with ID 502 (candidate_id: C1485) for: resume_037_Sneha_Reddy.pdf
[2026-08-19T17:29:34.210Z] [INFO] Cleaned up temporary file: E:\Srinivas\PDF\PDF\uploads\documents-1787160562580-156702360.pdf
[2026-08-19T17:29:34.244Z] [INFO] Saved extraction record to Supabase with ID 503 (candidate_id: C1487) for: resume_039_Aarav_Patel.pdf
[2026-08-19T17:29:34.247Z] [INFO] Cleaned up temporary file: E:\Srinivas\PDF\PDF\uploads\documents-1787160562580-495629013.pdf
[2026-08-19T17:29:34.252Z] [INFO] Saved extraction record to Supabase with ID 504 (candidate_id: C1488) for: resume_040_Meera_Deshmukh.pdf
[2026-08-19T17:29:34.286Z] [INFO] Saved extraction record to Supabase with ID 488 (candidate_id: C1472) for: resume_024_Arjun_Reddy.pdf
[2026-08-19T17:29:34.265Z] [INFO] Cleaned up temporary file: E:\Srinivas\PDF\PDF\uploads\documents-1787160562581-137969299.pdf
[2026-08-19T17:29:34.255Z] [INFO] Cleaned up temporary file: E:\Srinivas\PDF\PDF\uploads\documents-1787160562580-12284478.pdf
[2026-08-19T17:29:34.264Z] [INFO] Saved extraction record to Supabase with ID 505 (candidate_id: C1489) for: resume_041_Pooja_Joshi.pdf
[2026-08-19T17:29:34.288Z] [INFO] Cleaned up temporary file: E:\Srinivas\PDF\PDF\uploads\documents-1787160562557-94671142.pdf
[2026-08-19T17:29:34.311Z] [INFO] Saved extraction record to Supabase with ID 506 (candidate_id: C1490) for: resume_042_Meera_Singh.pdf
[2026-08-19T17:29:34.313Z] [INFO] Cleaned up temporary file: E:\Srinivas\PDF\PDF\uploads\documents-1787160562581-63160800.pdf
[2026-08-19T17:29:34.318Z] [INFO] Saved extraction record to Supabase with ID 507 (candidate_id: C1492) for: resume_044_Nikhil_Shah.pdf
[2026-08-19T17:29:34.320Z] [INFO] Cleaned up temporary file: E:\Srinivas\PDF\PDF\uploads\documents-1787160562581-828775035.pdf
[2026-08-19T17:29:34.361Z] [INFO] Saved extraction record to Supabase with ID 508 (candidate_id: C1493) for: resume_045_Rahul_Mishra.pdf
[2026-08-19T17:29:34.363Z] [INFO] Cleaned up temporary file: E:\Srinivas\PDF\PDF\uploads\documents-1787160562581-254035675.pdf
[2026-08-19T17:29:34.406Z] [INFO] Saved extraction record to Supabase with ID 509 (candidate_id: C1496) for: resume_048_Nikhil_Verma.pdf
[2026-08-19T17:29:34.409Z] [INFO] Cleaned up temporary file: E:\Srinivas\PDF\PDF\uploads\documents-1787160562582-320390120.pdf
[2026-08-19T17:29:34.419Z] [INFO] Saved extraction record to Supabase with ID 510 (candidate_id: C1494) for: resume_046_Rahul_Shah.pdf
[2026-08-19T17:29:34.426Z] [INFO] Cleaned up temporary file: E:\Srinivas\PDF\PDF\uploads\documents-1787160562581-768691578.pdf
[2026-08-19T17:29:34.442Z] [INFO] Saved extraction record to Supabase with ID 511 (candidate_id: C1497) for: resume_049_Nikhil_Verma.pdf
[2026-08-19T17:29:34.449Z] [INFO] Cleaned up temporary file: E:\Srinivas\PDF\PDF\uploads\documents-1787160562582-174046512.pdf
[2026-08-19T17:29:34.457Z] [INFO] Saved extraction record to Supabase with ID 512 (candidate_id: C1499) for: resume_051_Neha_Joshi.pdf
[2026-08-19T17:29:34.459Z] [INFO] Cleaned up temporary file: E:\Srinivas\PDF\PDF\uploads\documents-1787160562582-16902228.pdf
[2026-08-19T17:29:34.469Z] [INFO] Saved extraction record to Supabase with ID 513 (candidate_id: C1458) for: resume_010_Meera_Deshmukh.pdf
[2026-08-19T17:29:34.478Z] [INFO] Cleaned up temporary file: E:\Srinivas\PDF\PDF\uploads\documents-1787160562548-137497065.pdf
[2026-08-19T17:29:34.482Z] [INFO] Saved extraction record to Supabase with ID 514 (candidate_id: C1500) for: resume_052_Vikram_Mishra.pdf
[2026-08-19T17:29:34.483Z] [INFO] Cleaned up temporary file: E:\Srinivas\PDF\PDF\uploads\documents-1787160562584-357144518.pdf
[2026-08-19T17:29:34.486Z] [INFO] Saved extraction record to Supabase with ID 515 (candidate_id: C1501) for: resume_053_Kavya_Reddy.pdf
[2026-08-19T17:29:34.489Z] [INFO] Cleaned up temporary file: E:\Srinivas\PDF\PDF\uploads\documents-1787160562584-613817425.pdf
[2026-08-19T17:29:34.498Z] [INFO] Saved extraction record to Supabase with ID 498 (candidate_id: C1480) for: resume_032_Arjun_Gupta.pdf
[2026-08-19T17:29:34.500Z] [INFO] Cleaned up temporary file: E:\Srinivas\PDF\PDF\uploads\documents-1787160562578-421241331.pdf
[2026-08-19T17:29:34.516Z] [INFO] Saved extraction record to Supabase with ID 516 (candidate_id: C1503) for: resume_055_Karan_Deshmukh.pdf
[2026-08-19T17:29:34.518Z] [INFO] Cleaned up temporary file: E:\Srinivas\PDF\PDF\uploads\documents-1787160562585-16963288.pdf
[2026-08-19T17:29:34.595Z] [INFO] Saved extraction record to Supabase with ID 517 (candidate_id: C1502) for: resume_054_Isha_Sharma.pdf
[2026-08-19T17:29:34.616Z] [INFO] Cleaned up temporary file: E:\Srinivas\PDF\PDF\uploads\documents-1787160562585-780662657.pdf
[2026-08-19T17:29:34.618Z] [INFO] Saved extraction record to Supabase with ID 519 (candidate_id: C1508) for: resume_060_Kavya_Patel.pdf
[2026-08-19T17:29:34.636Z] [INFO] Cleaned up temporary file: E:\Srinivas\PDF\PDF\uploads\documents-1787160562672-24099885.pdf
[2026-08-19T17:29:34.649Z] [INFO] Saved extraction record to Supabase with ID 520 (candidate_id: C1507) for: resume_059_Nikhil_Nair.pdf
[2026-08-19T17:29:34.653Z] [INFO] Cleaned up temporary file: E:\Srinivas\PDF\PDF\uploads\documents-1787160562665-776606331.pdf
[2026-08-19T17:29:34.663Z] [INFO] Saved extraction record to Supabase with ID 521 (candidate_id: C1509) for: resume_061_Ananya_Nair.pdf
[2026-08-19T17:29:34.666Z] [INFO] Cleaned up temporary file: E:\Srinivas\PDF\PDF\uploads\documents-1787160562673-359385563.pdf
[2026-08-19T17:29:34.670Z] [INFO] Saved extraction record to Supabase with ID 522 (candidate_id: C1510) for: resume_062_Rahul_Gupta.pdf
[2026-08-19T17:29:34.680Z] [INFO] Cleaned up temporary file: E:\Srinivas\PDF\PDF\uploads\documents-1787160562679-699827064.pdf
[2026-08-19T17:29:34.689Z] [INFO] Saved extraction record to Supabase with ID 523 (candidate_id: C1512) for: resume_064_Aditya_Mishra.pdf
[2026-08-19T17:29:34.695Z] [INFO] Cleaned up temporary file: E:\Srinivas\PDF\PDF\uploads\documents-1787160562679-692337400.pdf
[2026-08-19T17:29:34.700Z] [INFO] Saved extraction record to Supabase with ID 524 (candidate_id: C1514) for: resume_066_Aarav_Gupta.pdf
[2026-08-19T17:29:34.705Z] [INFO] Cleaned up temporary file: E:\Srinivas\PDF\PDF\uploads\documents-1787160562680-728065303.pdf
[2026-08-19T17:29:34.713Z] [INFO] Saved extraction record to Supabase with ID 525 (candidate_id: C1454) for: resume_006_Kavya_Patel.pdf
[2026-08-19T17:29:34.716Z] [INFO] Cleaned up temporary file: E:\Srinivas\PDF\PDF\uploads\documents-1787160562536-816817680.pdf
[2026-08-19T17:29:34.720Z] [INFO] Saved extraction record to Supabase with ID 526 (candidate_id: C1515) for: resume_067_Nikhil_Reddy.pdf
[2026-08-19T17:29:34.728Z] [INFO] Cleaned up temporary file: E:\Srinivas\PDF\PDF\uploads\documents-1787160562680-104452583.pdf
[2026-08-19T17:29:34.759Z] [INFO] Saved extraction record to Supabase with ID 527 (candidate_id: C1516) for: resume_068_Isha_Gupta.pdf
[2026-08-19T17:29:34.762Z] [INFO] Cleaned up temporary file: E:\Srinivas\PDF\PDF\uploads\documents-1787160562680-509751098.pdf
[2026-08-19T17:29:34.805Z] [INFO] Saved extraction record to Supabase with ID 529 (candidate_id: C1520) for: resume_072_Ananya_Mishra.pdf
[2026-08-19T17:29:34.806Z] [INFO] Cleaned up temporary file: E:\Srinivas\PDF\PDF\uploads\documents-1787160562681-773628542.pdf
[2026-08-19T17:29:34.818Z] [INFO] Saved extraction record to Supabase with ID 531 (candidate_id: C1517) for: resume_069_Arjun_Mehta.pdf
[2026-08-19T17:29:34.827Z] [INFO] Saved extraction record to Supabase with ID 530 (candidate_id: C1521) for: resume_073_Isha_Patel.pdf
[2026-08-19T17:29:34.819Z] [INFO] Cleaned up temporary file: E:\Srinivas\PDF\PDF\uploads\documents-1787160562681-653728634.pdf
[2026-08-19T17:29:34.830Z] [INFO] Cleaned up temporary file: E:\Srinivas\PDF\PDF\uploads\documents-1787160562681-239638151.pdf
[2026-08-19T17:29:34.837Z] [INFO] Saved extraction record to Supabase with ID 532 (candidate_id: C1523) for: resume_075_Kavya_Mishra.pdf
[2026-08-19T17:29:34.839Z] [INFO] Cleaned up temporary file: E:\Srinivas\PDF\PDF\uploads\documents-1787160562684-829384671.pdf
[2026-08-19T17:29:34.851Z] [INFO] Saved extraction record to Supabase with ID 533 (candidate_id: C1524) for: resume_076_Vikram_Kumar.pdf
[2026-08-19T17:29:34.859Z] [INFO] Cleaned up temporary file: E:\Srinivas\PDF\PDF\uploads\documents-1787160562685-826848632.pdf
[2026-08-19T17:29:34.866Z] [INFO] Saved extraction record to Supabase with ID 534 (candidate_id: C1525) for: resume_077_Kavya_Sharma.pdf
[2026-08-19T17:29:34.869Z] [INFO] Cleaned up temporary file: E:\Srinivas\PDF\PDF\uploads\documents-1787160562685-712873065.pdf
[2026-08-19T17:29:34.912Z] [INFO] Saved extraction record to Supabase with ID 536 (candidate_id: C1528) for: resume_080_Priya_Joshi.pdf
[2026-08-19T17:29:34.915Z] [INFO] Cleaned up temporary file: E:\Srinivas\PDF\PDF\uploads\documents-1787160562691-309721196.pdf
[2026-08-19T17:29:34.936Z] [INFO] Saved extraction record to Supabase with ID 518 (candidate_id: C1505) for: resume_057_Aarav_Nair.pdf
[2026-08-19T17:29:34.940Z] [INFO] Cleaned up temporary file: E:\Srinivas\PDF\PDF\uploads\documents-1787160562664-430559927.pdf
[2026-08-19T17:29:34.963Z] [INFO] Cleaned up temporary file: E:\Srinivas\PDF\PDF\uploads\documents-1787160562720-163140786.pdf
[2026-08-19T17:29:34.960Z] [INFO] Saved extraction record to Supabase with ID 537 (candidate_id: C1529) for: resume_081_Arjun_Deshmukh.pdf
[2026-08-19T17:29:34.968Z] [INFO] Saved extraction record to Supabase with ID 538 (candidate_id: C1531) for: resume_083_Kavya_Kulkarni.pdf
[2026-08-19T17:29:34.975Z] [INFO] Cleaned up temporary file: E:\Srinivas\PDF\PDF\uploads\documents-1787160562720-626643994.pdf
[2026-08-19T17:29:34.985Z] [INFO] Saved extraction record to Supabase with ID 539 (candidate_id: C1533) for: resume_085_Priya_Mehta.pdf
[2026-08-19T17:29:34.990Z] [INFO] Cleaned up temporary file: E:\Srinivas\PDF\PDF\uploads\documents-1787160562721-237081854.pdf
[2026-08-19T17:29:35.001Z] [INFO] Saved extraction record to Supabase with ID 540 (candidate_id: C1532) for: resume_084_Aarav_Kulkarni.pdf
[2026-08-19T17:29:35.003Z] [INFO] Cleaned up temporary file: E:\Srinivas\PDF\PDF\uploads\documents-1787160562720-153217777.pdf
[2026-08-19T17:29:35.015Z] [INFO] Saved extraction record to Supabase with ID 541 (candidate_id: C1535) for: resume_087_Isha_Nair.pdf
[2026-08-19T17:29:35.019Z] [INFO] Cleaned up temporary file: E:\Srinivas\PDF\PDF\uploads\documents-1787160562721-236484392.pdf
[2026-08-19T17:29:35.067Z] [INFO] Saved extraction record to Supabase with ID 543 (candidate_id: C1537) for: resume_089_Aarav_Kumar.pdf
[2026-08-19T17:29:35.068Z] [INFO] Cleaned up temporary file: E:\Srinivas\PDF\PDF\uploads\documents-1787160562721-9206389.pdf
[2026-08-19T17:29:35.093Z] [INFO] Saved extraction record to Supabase with ID 544 (candidate_id: C1539) for: resume_091_Karan_Joshi.pdf
[2026-08-19T17:29:35.095Z] [INFO] Cleaned up temporary file: E:\Srinivas\PDF\PDF\uploads\documents-1787160562721-882940048.pdf
[2026-08-19T17:29:35.116Z] [INFO] Saved extraction record to Supabase with ID 545 (candidate_id: C1541) for: resume_093_Aditya_Deshmukh.pdf
[2026-08-19T17:29:35.119Z] [INFO] Cleaned up temporary file: E:\Srinivas\PDF\PDF\uploads\documents-1787160562722-805484603.pdf
[2026-08-19T17:29:35.126Z] [INFO] Saved extraction record to Supabase with ID 546 (candidate_id: C1540) for: resume_092_Ananya_Gupta.pdf
[2026-08-19T17:29:35.131Z] [INFO] Cleaned up temporary file: E:\Srinivas\PDF\PDF\uploads\documents-1787160562721-725653325.pdf
[2026-08-19T17:29:35.136Z] [INFO] Saved extraction record to Supabase with ID 528 (candidate_id: C1518) for: resume_070_Isha_Kumar.pdf
[2026-08-19T17:29:35.141Z] [INFO] Cleaned up temporary file: E:\Srinivas\PDF\PDF\uploads\documents-1787160562681-177650813.pdf
[2026-08-19T17:29:35.151Z] [INFO] Saved extraction record to Supabase with ID 547 (candidate_id: C1542) for: resume_094_Priya_Deshmukh.pdf
[2026-08-19T17:29:35.156Z] [INFO] Cleaned up temporary file: E:\Srinivas\PDF\PDF\uploads\documents-1787160562723-432105672.pdf
[2026-08-19T17:29:35.166Z] [INFO] Saved extraction record to Supabase with ID 548 (candidate_id: C1544) for: resume_096_Rohan_Mehta.pdf
[2026-08-19T17:29:35.169Z] [INFO] Cleaned up temporary file: E:\Srinivas\PDF\PDF\uploads\documents-1787160562724-884858876.pdf
[2026-08-19T17:29:35.177Z] [INFO] Saved extraction record to Supabase with ID 549 (candidate_id: C1545) for: resume_097_Neha_Shah.pdf
[2026-08-19T17:29:35.182Z] [INFO] Cleaned up temporary file: E:\Srinivas\PDF\PDF\uploads\documents-1787160562726-824221195.pdf
[2026-08-19T17:29:35.226Z] [INFO] Saved extraction record to Supabase with ID 550 (candidate_id: C1546) for: resume_098_Kavya_Kulkarni.pdf
[2026-08-19T17:29:35.228Z] [INFO] Cleaned up temporary file: E:\Srinivas\PDF\PDF\uploads\documents-1787160562727-428537292.pdf
[2026-08-19T17:29:35.241Z] [INFO] Saved extraction record to Supabase with ID 535 (candidate_id: C1527) for: resume_079_Kavya_Shah.pdf
[2026-08-19T17:29:35.243Z] [INFO] Cleaned up temporary file: E:\Srinivas\PDF\PDF\uploads\documents-1787160562691-484410321.pdf
[2026-08-19T17:29:35.252Z] [INFO] Saved extraction record to Supabase with ID 551 (candidate_id: C1548) for: resume_100_Kavya_Sharma.pdf
[2026-08-19T17:29:35.253Z] [INFO] Cleaned up temporary file: E:\Srinivas\PDF\PDF\uploads\documents-1787160562729-544848209.pdf
[2026-08-19T17:29:35.275Z] [INFO] Saved extraction record to Supabase with ID 552 (candidate_id: C1549) for: resume_101_Neha_Deshmukh.pdf
[2026-08-19T17:29:35.278Z] [INFO] Cleaned up temporary file: E:\Srinivas\PDF\PDF\uploads\documents-1787160562730-863047568.pdf
[2026-08-19T17:29:35.282Z] [INFO] Saved extraction record to Supabase with ID 553 (candidate_id: C1551) for: resume_103_Aditya_Nair.pdf
[2026-08-19T17:29:35.284Z] [INFO] Cleaned up temporary file: E:\Srinivas\PDF\PDF\uploads\documents-1787160562730-515575157.pdf
[2026-08-19T17:29:35.287Z] [INFO] Saved extraction record to Supabase with ID 554 (candidate_id: C1553) for: resume_105_Karan_Mishra.pdf
[2026-08-19T17:29:35.296Z] [INFO] Cleaned up temporary file: E:\Srinivas\PDF\PDF\uploads\documents-1787160562730-20205785.pdf
[2026-08-19T17:29:35.310Z] [INFO] Saved extraction record to Supabase with ID 555 (candidate_id: C1554) for: resume_106_Arjun_Deshmukh.pdf
[2026-08-19T17:29:35.312Z] [INFO] Cleaned up temporary file: E:\Srinivas\PDF\PDF\uploads\documents-1787160562763-206694946.pdf
[2026-08-19T17:29:35.314Z] [INFO] Saved extraction record to Supabase with ID 556 (candidate_id: C1556) for: resume_108_Kavya_Shah.pdf
[2026-08-19T17:29:35.316Z] [INFO] Cleaned up temporary file: E:\Srinivas\PDF\PDF\uploads\documents-1787160562763-517580472.pdf
[2026-08-19T17:29:35.328Z] [INFO] Saved extraction record to Supabase with ID 557 (candidate_id: C1557) for: resume_109_Rohan_Joshi.pdf
[2026-08-19T17:29:35.332Z] [INFO] Cleaned up temporary file: E:\Srinivas\PDF\PDF\uploads\documents-1787160562763-122907711.pdf
[2026-08-19T17:29:35.389Z] [INFO] Saved extraction record to Supabase with ID 558 (candidate_id: C1558) for: resume_110_Neha_Mishra.pdf
[2026-08-19T17:29:35.394Z] [INFO] Cleaned up temporary file: E:\Srinivas\PDF\PDF\uploads\documents-1787160562763-403697132.pdf
[2026-08-19T17:29:35.399Z] [INFO] Saved extraction record to Supabase with ID 542 (candidate_id: C1536) for: resume_088_Karan_Mehta.pdf
[2026-08-19T17:29:35.403Z] [INFO] Cleaned up temporary file: E:\Srinivas\PDF\PDF\uploads\documents-1787160562721-967062603.pdf
[2026-08-19T17:29:35.418Z] [INFO] Saved extraction record to Supabase with ID 559 (candidate_id: C1560) for: resume_112_Neha_Verma.pdf
[2026-08-19T17:29:35.426Z] [INFO] Cleaned up temporary file: E:\Srinivas\PDF\PDF\uploads\documents-1787160562764-527210824.pdf
[2026-08-19T17:29:35.434Z] [INFO] Saved extraction record to Supabase with ID 560 (candidate_id: C1561) for: resume_113_Aditya_Reddy.pdf
[2026-08-19T17:29:35.435Z] [INFO] Cleaned up temporary file: E:\Srinivas\PDF\PDF\uploads\documents-1787160562764-100263782.pdf
[2026-08-19T17:29:35.450Z] [INFO] Saved extraction record to Supabase with ID 562 (candidate_id: C1564) for: resume_116_Priya_Nair.pdf
[2026-08-19T17:29:35.451Z] [INFO] Cleaned up temporary file: E:\Srinivas\PDF\PDF\uploads\documents-1787160562764-60499922.pdf
[2026-08-19T17:29:35.455Z] [INFO] Saved extraction record to Supabase with ID 561 (candidate_id: C1563) for: resume_115_Ananya_Nair.pdf
[2026-08-19T17:29:35.463Z] [INFO] Cleaned up temporary file: E:\Srinivas\PDF\PDF\uploads\documents-1787160562764-565559889.pdf
[2026-08-19T17:29:35.470Z] [INFO] Saved extraction record to Supabase with ID 563 (candidate_id: C1565) for: resume_117_Isha_Nair.pdf
[2026-08-19T17:29:35.488Z] [INFO] Cleaned up temporary file: E:\Srinivas\PDF\PDF\uploads\documents-1787160562769-756065413.pdf
[2026-08-19T17:29:35.515Z] [INFO] Saved extraction record to Supabase with ID 565 (candidate_id: C1568) for: resume_120_Aditya_Kulkarni.pdf
[2026-08-19T17:29:35.520Z] [INFO] Cleaned up temporary file: E:\Srinivas\PDF\PDF\uploads\documents-1787160562770-804873024.pdf
[2026-08-19T17:29:35.534Z] [INFO] Cleaned up temporary file: E:\Srinivas\PDF\PDF\uploads\documents-1787160562769-333826932.pdf
[2026-08-19T17:29:35.540Z] [INFO] Saved extraction record to Supabase with ID 566 (candidate_id: C1550) for: resume_102_Ananya_Kulkarni.pdf
[2026-08-19T17:29:35.529Z] [INFO] Saved extraction record to Supabase with ID 564 (candidate_id: C1567) for: resume_119_Meera_Shah.pdf
[2026-08-19T17:29:35.545Z] [INFO] Cleaned up temporary file: E:\Srinivas\PDF\PDF\uploads\documents-1787160562730-737615337.pdf
[2026-08-19T17:29:35.551Z] [INFO] Saved extraction record to Supabase with ID 567 (candidate_id: C1479) for: resume_031_Arjun_Patel.pdf
[2026-08-19T17:29:35.553Z] [INFO] Cleaned up temporary file: E:\Srinivas\PDF\PDF\uploads\documents-1787160562563-592484668.pdf
[2026-08-19T17:29:35.560Z] [INFO] Saved extraction record to Supabase with ID 568 (candidate_id: C1481) for: resume_033_Arjun_Verma.pdf
[2026-08-19T17:29:35.566Z] [INFO] Cleaned up temporary file: E:\Srinivas\PDF\PDF\uploads\documents-1787160562578-717337524.pdf
[2026-08-19T17:29:35.593Z] [INFO] Saved extraction record to Supabase with ID 570 (candidate_id: C1491) for: resume_043_Kavya_Joshi.pdf
[2026-08-19T17:29:35.739Z] [INFO] Cleaned up temporary file: E:\Srinivas\PDF\PDF\uploads\documents-1787160562581-153922567.pdf
[2026-08-19T17:29:35.744Z] [INFO] Saved extraction record to Supabase with ID 571 (candidate_id: C1495) for: resume_047_Ananya_Reddy.pdf
[2026-08-19T17:29:35.749Z] [INFO] Cleaned up temporary file: E:\Srinivas\PDF\PDF\uploads\documents-1787160562581-538557535.pdf
[2026-08-19T17:29:35.755Z] [INFO] Saved extraction record to Supabase with ID 572 (candidate_id: C1498) for: resume_050_Arjun_Shah.pdf
[2026-08-19T17:29:35.766Z] [INFO] Cleaned up temporary file: E:\Srinivas\PDF\PDF\uploads\documents-1787160562582-9375869.pdf
[2026-08-19T17:29:35.775Z] [INFO] Saved extraction record to Supabase with ID 573 (candidate_id: C1504) for: resume_056_Karan_Singh.pdf
[2026-08-19T17:29:35.782Z] [INFO] Cleaned up temporary file: E:\Srinivas\PDF\PDF\uploads\documents-1787160562585-95994455.pdf
[2026-08-19T17:29:35.785Z] [INFO] Saved extraction record to Supabase with ID 574 (candidate_id: C1506) for: resume_058_Vikram_Mishra.pdf
[2026-08-19T17:29:35.786Z] [INFO] Cleaned up temporary file: E:\Srinivas\PDF\PDF\uploads\documents-1787160562665-741792893.pdf
[2026-08-19T17:29:35.799Z] [INFO] Saved extraction record to Supabase with ID 576 (candidate_id: C1513) for: resume_065_Aarav_Shah.pdf
[2026-08-19T17:29:35.801Z] [INFO] Cleaned up temporary file: E:\Srinivas\PDF\PDF\uploads\documents-1787160562680-401284460.pdf
[2026-08-19T17:29:35.803Z] [INFO] Saved extraction record to Supabase with ID 575 (candidate_id: C1511) for: resume_063_Rohan_Joshi.pdf
[2026-08-19T17:29:35.806Z] [INFO] Cleaned up temporary file: E:\Srinivas\PDF\PDF\uploads\documents-1787160562679-874655525.pdf
[2026-08-19T17:29:35.816Z] [INFO] Saved extraction record to Supabase with ID 578 (candidate_id: C1522) for: resume_074_Rahul_Mehta.pdf
[2026-08-19T17:29:35.819Z] [INFO] Saved extraction record to Supabase with ID 577 (candidate_id: C1519) for: resume_071_Aarav_Nair.pdf
[2026-08-19T17:29:35.817Z] [INFO] Cleaned up temporary file: E:\Srinivas\PDF\PDF\uploads\documents-1787160562683-46664708.pdf
[2026-08-19T17:29:35.824Z] [INFO] Cleaned up temporary file: E:\Srinivas\PDF\PDF\uploads\documents-1787160562681-468981975.pdf
[2026-08-19T17:29:35.835Z] [INFO] Saved extraction record to Supabase with ID 579 (candidate_id: C1526) for: resume_078_Meera_Patel.pdf
[2026-08-19T17:29:35.836Z] [INFO] Cleaned up temporary file: E:\Srinivas\PDF\PDF\uploads\documents-1787160562690-506248938.pdf
[2026-08-19T17:29:35.887Z] [INFO] Saved extraction record to Supabase with ID 580 (candidate_id: C1530) for: resume_082_Isha_Patel.pdf
[2026-08-19T17:29:35.890Z] [INFO] Cleaned up temporary file: E:\Srinivas\PDF\PDF\uploads\documents-1787160562720-353557853.pdf
[2026-08-19T17:29:35.899Z] [INFO] Saved extraction record to Supabase with ID 581 (candidate_id: C1534) for: resume_086_Sneha_Kumar.pdf
[2026-08-19T17:29:35.900Z] [INFO] Cleaned up temporary file: E:\Srinivas\PDF\PDF\uploads\documents-1787160562721-863904807.pdf
[2026-08-19T17:29:35.914Z] [INFO] Saved extraction record to Supabase with ID 582 (candidate_id: C1538) for: resume_090_Karan_Shah.pdf
[2026-08-19T17:29:35.917Z] [INFO] Cleaned up temporary file: E:\Srinivas\PDF\PDF\uploads\documents-1787160562721-74350703.pdf
[2026-08-19T17:29:35.927Z] [INFO] Saved extraction record to Supabase with ID 583 (candidate_id: C1543) for: resume_095_Ananya_Shah.pdf
[2026-08-19T17:29:35.930Z] [INFO] Cleaned up temporary file: E:\Srinivas\PDF\PDF\uploads\documents-1787160562723-701587328.pdf
[2026-08-19T17:29:35.942Z] [INFO] Saved extraction record to Supabase with ID 584 (candidate_id: C1547) for: resume_099_Nikhil_Mishra.pdf
[2026-08-19T17:29:35.946Z] [INFO] Cleaned up temporary file: E:\Srinivas\PDF\PDF\uploads\documents-1787160562729-924378433.pdf
[2026-08-19T17:29:35.956Z] [INFO] Saved extraction record to Supabase with ID 585 (candidate_id: C1552) for: resume_104_Arjun_Mishra.pdf
[2026-08-19T17:29:35.963Z] [INFO] Cleaned up temporary file: E:\Srinivas\PDF\PDF\uploads\documents-1787160562730-929756977.pdf
[2026-08-19T17:29:35.966Z] [INFO] Cleaned up temporary file: E:\Srinivas\PDF\PDF\uploads\documents-1787160562763-366830.pdf
[2026-08-19T17:29:35.964Z] [INFO] Saved extraction record to Supabase with ID 586 (candidate_id: C1555) for: resume_107_Neha_Kulkarni.pdf
[2026-08-19T17:29:35.972Z] [INFO] Saved extraction record to Supabase with ID 587 (candidate_id: C1559) for: resume_111_Ananya_Mishra.pdf
[2026-08-19T17:29:35.981Z] [INFO] Cleaned up temporary file: E:\Srinivas\PDF\PDF\uploads\documents-1787160562764-55110867.pdf
[2026-08-19T17:29:35.989Z] [INFO] Saved extraction record to Supabase with ID 588 (candidate_id: C1562) for: resume_114_Aarav_Verma.pdf
[2026-08-19T17:29:35.995Z] [INFO] Cleaned up temporary file: E:\Srinivas\PDF\PDF\uploads\documents-1787160562764-747406855.pdf
[2026-08-19T17:29:36.035Z] [INFO] Saved extraction record to Supabase with ID 589 (candidate_id: C1566) for: resume_118_Karan_Deshmukh.pdf
[2026-08-19T17:29:36.036Z] [INFO] Cleaned up temporary file: E:\Srinivas\PDF\PDF\uploads\documents-1787160562769-823577894.pdf
[2026-08-19T17:29:36.310Z] [INFO] Saved extraction record to Supabase with ID 569 (candidate_id: C1486) for: resume_038_Neha_Sharma.pdf
[2026-08-19T17:29:36.433Z] [INFO] Cleaned up temporary file: E:\Srinivas\PDF\PDF\uploads\documents-1787160562580-840311952.pdf
[2026-08-19T17:30:59.740Z] [INFO] Sending 120 document(s) to webhook as a single payload...
[2026-08-19T17:30:59.753Z] [INFO] Sending payload to webhook: https://sakshi654.app.n8n.cloud/webhook-test/e601a6d1-9dbf-4b9d-b2bb-69c6dec0bd45 (Attempt 1/3)
[2026-08-19T17:31:01.079Z] [INFO] Webhook successfully delivered on attempt 1. Status: 200
[2026-08-19T17:31:54.672Z] [INFO] Sending 120 document(s) to webhook as a single payload...
[2026-08-19T17:31:54.676Z] [INFO] Sending payload to webhook: https://sakshi654.app.n8n.cloud/webhook-test/e601a6d1-9dbf-4b9d-b2bb-69c6dec0bd45 (Attempt 1/3)
[2026-08-19T17:31:55.764Z] [ERROR] Webhook delivery failed on attempt 1: Request failed with status code 404
[2026-08-19T17:31:55.768Z] [INFO] Retrying in 1000ms...
[2026-08-19T17:31:56.776Z] [INFO] Sending payload to webhook: https://sakshi654.app.n8n.cloud/webhook-test/e601a6d1-9dbf-4b9d-b2bb-69c6dec0bd45 (Attempt 2/3)
[2026-08-19T17:31:57.168Z] [ERROR] Webhook delivery failed on attempt 2: Request failed with status code 404
[2026-08-19T17:31:57.169Z] [INFO] Retrying in 2000ms...
[2026-08-19T17:31:59.193Z] [INFO] Sending payload to webhook: https://sakshi654.app.n8n.cloud/webhook-test/e601a6d1-9dbf-4b9d-b2bb-69c6dec0bd45 (Attempt 3/3)
[2026-08-19T17:31:59.597Z] [ERROR] Webhook delivery failed on attempt 3: Request failed with status code 404
[2026-08-19T17:31:59.598Z] [ERROR] All webhook delivery attempts failed.
[2026-08-19T18:12:31.199Z] [INFO] Performing magic-number verification for: resume_094_Priya_Deshmukh.pdf
[2026-08-19T18:12:31.194Z] [INFO] Performing magic-number verification for: resume_027_Priya_Deshmukh.pdf
[2026-08-19T18:12:31.203Z] [INFO] Magic-number check passed for resume_027_Priya_Deshmukh.pdf. Detected: pdf
[2026-08-19T18:12:31.206Z] [INFO] Starting text extraction for type: pdf
[2026-08-19T18:12:31.334Z] [WARN] qpdf repair skipped for E:\Srinivas\PDF\PDF\uploads\documents-1787163149995-936115796.pdf: spawnSync qpdf ENOENT
[2026-08-19T18:12:31.373Z] [WARN] pdf-parse failed for E:\Srinivas\PDF\PDF\uploads\documents-1787163149995-936115796.pdf (bad XRef entry). Falling back to pdfjs-dist...
[2026-08-19T18:12:31.429Z] [INFO] Magic-number check passed for resume_094_Priya_Deshmukh.pdf. Detected: pdf
[2026-08-19T18:12:31.429Z] [INFO] Starting text extraction for type: pdf
[2026-08-19T18:12:31.437Z] [WARN] qpdf repair skipped for E:\Srinivas\PDF\PDF\uploads\documents-1787163149998-117290169.pdf: spawnSync qpdf ENOENT
[2026-08-19T18:12:31.493Z] [INFO] Extraction complete: 1104 characters, 1 pages
[2026-08-19T18:12:31.571Z] [INFO] Extraction complete: 1107 characters, 1 pages
[2026-08-19T18:12:31.632Z] [INFO] Saved extraction record to Supabase with ID 590 (candidate_id: C1570) for: resume_094_Priya_Deshmukh.pdf
[2026-08-19T18:12:31.634Z] [INFO] Cleaned up temporary file: E:\Srinivas\PDF\PDF\uploads\documents-1787163149998-117290169.pdf
[2026-08-19T18:12:32.573Z] [INFO] Saved extraction record to Supabase with ID 591 (candidate_id: C1569) for: resume_027_Priya_Deshmukh.pdf
[2026-08-19T18:12:32.575Z] [INFO] Cleaned up temporary file: E:\Srinivas\PDF\PDF\uploads\documents-1787163149995-936115796.pdf
[2026-08-19T18:12:53.114Z] [INFO] Sending 2 document(s) to webhook as a single payload...
[2026-08-19T18:12:53.115Z] [INFO] Sending payload to webhook: https://sakshi654.app.n8n.cloud/webhook-test/e601a6d1-9dbf-4b9d-b2bb-69c6dec0bd45 (Attempt 1/3)
[2026-08-19T18:12:54.116Z] [INFO] Webhook successfully delivered on attempt 1. Status: 200
[2026-08-19T18:14:10.346Z] [INFO] Sending 2 document(s) to webhook as a single payload...
[2026-08-19T18:14:10.348Z] [INFO] Sending payload to webhook: https://sakshi654.app.n8n.cloud/webhook-test/e601a6d1-9dbf-4b9d-b2bb-69c6dec0bd45 (Attempt 1/3)
[2026-08-19T18:14:11.321Z] [INFO] Webhook successfully delivered on attempt 1. Status: 200
[2026-08-19T18:17:24.479Z] [INFO] Performing magic-number verification for: resume_002_Priya_Sharma.pdf
[2026-08-19T18:17:24.484Z] [INFO] Performing magic-number verification for: resume_007_Arjun_Nair.pdf
[2026-08-19T18:17:24.535Z] [INFO] Performing magic-number verification for: resume_008_Neha_Kulkarni.pdf
[2026-08-19T18:17:24.541Z] [INFO] Performing magic-number verification for: resume_009_Vikram_Kulkarni.pdf
[2026-08-19T18:17:24.544Z] [INFO] Performing magic-number verification for: resume_010_Meera_Deshmukh.pdf
[2026-08-19T18:17:24.554Z] [INFO] Performing magic-number verification for: resume_011_Sneha_Reddy.pdf
[2026-08-19T18:17:24.583Z] [INFO] Performing magic-number verification for: resume_014_Aarav_Deshmukh.pdf
[2026-08-19T18:17:24.585Z] [INFO] Performing magic-number verification for: resume_015_Rahul_Nair.pdf
[2026-08-19T18:17:24.587Z] [INFO] Performing magic-number verification for: resume_016_Arjun_Gupta.pdf
[2026-08-19T18:17:24.598Z] [INFO] Performing magic-number verification for: resume_017_Nikhil_Gupta.pdf
[2026-08-19T18:17:24.600Z] [INFO] Performing magic-number verification for: resume_018_Aarav_Patel.pdf
[2026-08-19T18:17:24.602Z] [INFO] Performing magic-number verification for: resume_019_Vikram_Gupta.pdf
[2026-08-19T18:17:24.603Z] [INFO] Performing magic-number verification for: resume_020_Meera_Singh.pdf
[2026-08-19T18:17:24.605Z] [INFO] Performing magic-number verification for: resume_021_Aditya_Reddy.pdf
[2026-08-19T18:17:24.611Z] [INFO] Performing magic-number verification for: resume_022_Neha_Mishra.pdf
[2026-08-19T18:17:24.555Z] [INFO] Performing magic-number verification for: resume_013_Sneha_Gupta.pdf
[2026-08-19T18:17:24.618Z] [INFO] Performing magic-number verification for: resume_024_Arjun_Reddy.pdf
[2026-08-19T18:17:24.646Z] [INFO] Performing magic-number verification for: resume_025_Vikram_Sharma.pdf
[2026-08-19T18:17:24.616Z] [INFO] Performing magic-number verification for: resume_023_Sneha_Joshi.pdf
[2026-08-19T18:17:24.653Z] [INFO] Performing magic-number verification for: resume_037_Sneha_Reddy.pdf
[2026-08-19T18:17:24.649Z] [INFO] Performing magic-number verification for: resume_036_Sneha_Reddy.pdf
[2026-08-19T18:17:24.664Z] [INFO] Starting text extraction for type: pdf
[2026-08-19T18:17:24.700Z] [WARN] qpdf repair skipped for E:\Srinivas\PDF\PDF\uploads\documents-1787163442870-671367926.pdf: spawnSync qpdf ENOENT
[2026-08-19T18:17:24.791Z] [INFO] Starting text extraction for type: pdf
[2026-08-19T18:17:24.807Z] [WARN] qpdf repair skipped for E:\Srinivas\PDF\PDF\uploads\documents-1787163442871-372932186.pdf: spawnSync qpdf ENOENT
[2026-08-19T18:17:24.890Z] [INFO] Extraction complete: 1082 characters, 1 pages
[2026-08-19T18:17:24.782Z] [INFO] Extraction complete: 1085 characters, 1 pages
[2026-08-19T18:17:24.663Z] [INFO] Magic-number check passed for resume_002_Priya_Sharma.pdf. Detected: pdf
[2026-08-19T18:17:24.786Z] [INFO] Magic-number check passed for resume_007_Arjun_Nair.pdf. Detected: pdf
[2026-08-19T18:17:24.896Z] [INFO] Magic-number check passed for resume_008_Neha_Kulkarni.pdf. Detected: pdf
[2026-08-19T18:17:24.900Z] [INFO] Starting text extraction for type: pdf
[2026-08-19T18:17:24.964Z] [WARN] qpdf repair skipped for E:\Srinivas\PDF\PDF\uploads\documents-1787163442871-927857530.pdf: spawnSync qpdf ENOENT
[2026-08-19T18:17:25.026Z] [INFO] Extraction complete: 1080 characters, 1 pages
[2026-08-19T18:17:25.028Z] [INFO] Magic-number check passed for resume_009_Vikram_Kulkarni.pdf. Detected: pdf
[2026-08-19T18:17:25.030Z] [INFO] Starting text extraction for type: pdf
[2026-08-19T18:17:25.046Z] [WARN] qpdf repair skipped for E:\Srinivas\PDF\PDF\uploads\documents-1787163442873-158738327.pdf: spawnSync qpdf ENOENT
[2026-08-19T18:17:25.113Z] [INFO] Extraction complete: 1080 characters, 1 pages
[2026-08-19T18:17:25.124Z] [INFO] Magic-number check passed for resume_010_Meera_Deshmukh.pdf. Detected: pdf
[2026-08-19T18:17:25.137Z] [INFO] Starting text extraction for type: pdf
[2026-08-19T18:17:25.148Z] [WARN] qpdf repair skipped for E:\Srinivas\PDF\PDF\uploads\documents-1787163442874-970232212.pdf: spawnSync qpdf ENOENT
[2026-08-19T18:17:25.152Z] [WARN] pdf-parse failed for E:\Srinivas\PDF\PDF\uploads\documents-1787163442874-970232212.pdf (bad XRef entry). Falling back to pdfjs-dist...
[2026-08-19T18:17:25.183Z] [INFO] Magic-number check passed for resume_011_Sneha_Reddy.pdf. Detected: pdf
[2026-08-19T18:17:25.198Z] [INFO] Starting text extraction for type: pdf
[2026-08-19T18:17:25.265Z] [WARN] qpdf repair skipped for E:\Srinivas\PDF\PDF\uploads\documents-1787163442874-188240480.pdf: spawnSync qpdf ENOENT
[2026-08-19T18:17:25.371Z] [INFO] Extraction complete: 1032 characters, 1 pages
[2026-08-19T18:17:25.403Z] [INFO] Magic-number check passed for resume_013_Sneha_Gupta.pdf. Detected: pdf
[2026-08-19T18:17:25.405Z] [INFO] Starting text extraction for type: pdf
[2026-08-19T18:17:25.437Z] [WARN] qpdf repair skipped for E:\Srinivas\PDF\PDF\uploads\documents-1787163442875-480508411.pdf: spawnSync qpdf ENOENT
[2026-08-19T18:17:25.580Z] [INFO] Extraction complete: 1085 characters, 1 pages
[2026-08-19T18:17:25.585Z] [INFO] Magic-number check passed for resume_014_Aarav_Deshmukh.pdf. Detected: pdf
[2026-08-19T18:17:25.586Z] [INFO] Starting text extraction for type: pdf
[2026-08-19T18:17:25.610Z] [WARN] qpdf repair skipped for E:\Srinivas\PDF\PDF\uploads\documents-1787163442932-257198696.pdf: spawnSync qpdf ENOENT
[2026-08-19T18:17:25.650Z] [INFO] Extraction complete: 1085 characters, 1 pages
[2026-08-19T18:17:25.663Z] [INFO] Magic-number check passed for resume_015_Rahul_Nair.pdf. Detected: pdf
[2026-08-19T18:17:25.665Z] [INFO] Starting text extraction for type: pdf
[2026-08-19T18:17:25.722Z] [WARN] qpdf repair skipped for E:\Srinivas\PDF\PDF\uploads\documents-1787163442932-10740068.pdf: spawnSync qpdf ENOENT
[2026-08-19T18:17:25.731Z] [WARN] pdf-parse failed for E:\Srinivas\PDF\PDF\uploads\documents-1787163442932-10740068.pdf (bad XRef entry). Falling back to pdfjs-dist...
[2026-08-19T18:17:25.746Z] [INFO] Magic-number check passed for resume_017_Nikhil_Gupta.pdf. Detected: pdf
[2026-08-19T18:17:25.769Z] [INFO] Starting text extraction for type: pdf
[2026-08-19T18:17:25.786Z] [WARN] qpdf repair skipped for E:\Srinivas\PDF\PDF\uploads\documents-1787163442936-6835284.pdf: spawnSync qpdf ENOENT
[2026-08-19T18:17:25.863Z] [INFO] Extraction complete: 1040 characters, 1 pages
[2026-08-19T18:17:25.865Z] [INFO] Magic-number check passed for resume_016_Arjun_Gupta.pdf. Detected: pdf
[2026-08-19T18:17:25.866Z] [INFO] Starting text extraction for type: pdf
[2026-08-19T18:17:25.966Z] [INFO] Extraction complete: 1090 characters, 1 pages
[2026-08-19T18:17:25.876Z] [WARN] qpdf repair skipped for E:\Srinivas\PDF\PDF\uploads\documents-1787163442932-530923339.pdf: spawnSync qpdf ENOENT
[2026-08-19T18:17:25.979Z] [INFO] Magic-number check passed for resume_018_Aarav_Patel.pdf. Detected: pdf
[2026-08-19T18:17:25.980Z] [INFO] Starting text extraction for type: pdf
[2026-08-19T18:17:26.067Z] [WARN] qpdf repair skipped for E:\Srinivas\PDF\PDF\uploads\documents-1787163442938-342890122.pdf: spawnSync qpdf ENOENT
[2026-08-19T18:17:26.121Z] [INFO] Extraction complete: 1090 characters, 1 pages
[2026-08-19T18:17:26.131Z] [INFO] Magic-number check passed for resume_019_Vikram_Gupta.pdf. Detected: pdf
[2026-08-19T18:17:26.136Z] [INFO] Starting text extraction for type: pdf
[2026-08-19T18:17:26.172Z] [WARN] qpdf repair skipped for E:\Srinivas\PDF\PDF\uploads\documents-1787163442949-576047393.pdf: spawnSync qpdf ENOENT
[2026-08-19T18:17:26.182Z] [WARN] pdf-parse failed for E:\Srinivas\PDF\PDF\uploads\documents-1787163442949-576047393.pdf (bad XRef entry). Falling back to pdfjs-dist...
[2026-08-19T18:17:26.202Z] [INFO] Magic-number check passed for resume_020_Meera_Singh.pdf. Detected: pdf
[2026-08-19T18:17:26.203Z] [INFO] Starting text extraction for type: pdf
[2026-08-19T18:17:26.213Z] [WARN] qpdf repair skipped for E:\Srinivas\PDF\PDF\uploads\documents-1787163442950-168019764.pdf: spawnSync qpdf ENOENT
[2026-08-19T18:17:26.234Z] [INFO] Extraction complete: 1033 characters, 1 pages
[2026-08-19T18:17:26.235Z] [INFO] Magic-number check passed for resume_021_Aditya_Reddy.pdf. Detected: pdf
[2026-08-19T18:17:26.237Z] [INFO] Starting text extraction for type: pdf
[2026-08-19T18:17:26.249Z] [WARN] qpdf repair skipped for E:\Srinivas\PDF\PDF\uploads\documents-1787163442951-548252368.pdf: spawnSync qpdf ENOENT
[2026-08-19T18:17:26.308Z] [INFO] Extraction complete: 1088 characters, 1 pages
[2026-08-19T18:17:26.310Z] [INFO] Starting text extraction for type: pdf
[2026-08-19T18:17:26.319Z] [WARN] qpdf repair skipped for E:\Srinivas\PDF\PDF\uploads\documents-1787163442970-827947073.pdf: spawnSync qpdf ENOENT
[2026-08-19T18:17:26.309Z] [INFO] Magic-number check passed for resume_023_Sneha_Joshi.pdf. Detected: pdf
[2026-08-19T18:17:26.353Z] [INFO] Extraction complete: 1088 characters, 1 pages
[2026-08-19T18:17:26.355Z] [INFO] Magic-number check passed for resume_022_Neha_Mishra.pdf. Detected: pdf
[2026-08-19T18:17:26.361Z] [INFO] Starting text extraction for type: pdf
[2026-08-19T18:17:26.399Z] [WARN] qpdf repair skipped for E:\Srinivas\PDF\PDF\uploads\documents-1787163442970-186490599.pdf: spawnSync qpdf ENOENT
[2026-08-19T18:17:26.402Z] [WARN] pdf-parse failed for E:\Srinivas\PDF\PDF\uploads\documents-1787163442970-186490599.pdf (bad XRef entry). Falling back to pdfjs-dist...
[2026-08-19T18:17:26.417Z] [INFO] Magic-number check passed for resume_024_Arjun_Reddy.pdf. Detected: pdf
[2026-08-19T18:17:26.420Z] [INFO] Starting text extraction for type: pdf
[2026-08-19T18:17:26.437Z] [WARN] qpdf repair skipped for E:\Srinivas\PDF\PDF\uploads\documents-1787163442970-983352665.pdf: spawnSync qpdf ENOENT
[2026-08-19T18:17:26.485Z] [INFO] Extraction complete: 1051 characters, 1 pages
[2026-08-19T18:17:26.492Z] [INFO] Magic-number check passed for resume_036_Sneha_Reddy.pdf. Detected: pdf
[2026-08-19T18:17:26.493Z] [INFO] Starting text extraction for type: pdf
[2026-08-19T18:17:26.537Z] [WARN] qpdf repair skipped for E:\Srinivas\PDF\PDF\uploads\documents-1787163442980-535169404.pdf: spawnSync qpdf ENOENT
[2026-08-19T18:17:26.576Z] [INFO] Extraction complete: 1056 characters, 1 pages
[2026-08-19T18:17:26.601Z] [INFO] Saved extraction record to Supabase with ID 592 (candidate_id: C1571) for: resume_002_Priya_Sharma.pdf
[2026-08-19T18:17:26.606Z] [INFO] Cleaned up temporary file: E:\Srinivas\PDF\PDF\uploads\documents-1787163442870-671367926.pdf
[2026-08-19T18:17:26.624Z] [INFO] Magic-number check passed for resume_037_Sneha_Reddy.pdf. Detected: pdf
[2026-08-19T18:17:26.637Z] [INFO] Starting text extraction for type: pdf
[2026-08-19T18:17:26.687Z] [WARN] qpdf repair skipped for E:\Srinivas\PDF\PDF\uploads\documents-1787163442992-197843983.pdf: spawnSync qpdf ENOENT
[2026-08-19T18:17:26.753Z] [INFO] Extraction complete: 1086 characters, 1 pages
[2026-08-19T18:17:26.762Z] [INFO] Magic-number check passed for resume_025_Vikram_Sharma.pdf. Detected: pdf
[2026-08-19T18:17:26.812Z] [WARN] qpdf repair skipped for E:\Srinivas\PDF\PDF\uploads\documents-1787163442970-147311456.pdf: spawnSync qpdf ENOENT
[2026-08-19T18:17:26.763Z] [INFO] Starting text extraction for type: pdf
[2026-08-19T18:17:26.846Z] [INFO] Extraction complete: 1071 characters, 1 pages
[2026-08-19T18:17:26.935Z] [INFO] Extraction complete: 1056 characters, 1 pages
[2026-08-19T18:17:27.036Z] [INFO] Extraction complete: 1033 characters, 1 pages
[2026-08-19T18:17:27.328Z] [INFO] Extraction complete: 1061 characters, 1 pages
[2026-08-19T18:17:27.519Z] [INFO] Extraction complete: 1081 characters, 1 pages
[2026-08-19T18:17:27.563Z] [INFO] Saved extraction record to Supabase with ID 593 (candidate_id: C1584) for: resume_020_Meera_Singh.pdf
[2026-08-19T18:17:27.568Z] [INFO] Cleaned up temporary file: E:\Srinivas\PDF\PDF\uploads\documents-1787163442950-168019764.pdf
[2026-08-19T18:17:27.685Z] [INFO] Saved extraction record to Supabase with ID 594 (candidate_id: C1585) for: resume_021_Aditya_Reddy.pdf
[2026-08-19T18:17:27.688Z] [INFO] Cleaned up temporary file: E:\Srinivas\PDF\PDF\uploads\documents-1787163442951-548252368.pdf
[2026-08-19T18:17:27.813Z] [INFO] Saved extraction record to Supabase with ID 595 (candidate_id: C1587) for: resume_023_Sneha_Joshi.pdf
[2026-08-19T18:17:27.816Z] [INFO] Cleaned up temporary file: E:\Srinivas\PDF\PDF\uploads\documents-1787163442970-827947073.pdf
[2026-08-19T18:17:27.941Z] [INFO] Saved extraction record to Supabase with ID 596 (candidate_id: C1588) for: resume_024_Arjun_Reddy.pdf
[2026-08-19T18:17:27.952Z] [INFO] Cleaned up temporary file: E:\Srinivas\PDF\PDF\uploads\documents-1787163442970-983352665.pdf
[2026-08-19T18:17:28.069Z] [INFO] Saved extraction record to Supabase with ID 597 (candidate_id: C1590) for: resume_036_Sneha_Reddy.pdf
[2026-08-19T18:17:28.071Z] [INFO] Cleaned up temporary file: E:\Srinivas\PDF\PDF\uploads\documents-1787163442980-535169404.pdf
[2026-08-19T18:17:28.199Z] [INFO] Saved extraction record to Supabase with ID 598 (candidate_id: C1591) for: resume_037_Sneha_Reddy.pdf
[2026-08-19T18:17:28.205Z] [INFO] Cleaned up temporary file: E:\Srinivas\PDF\PDF\uploads\documents-1787163442992-197843983.pdf
[2026-08-19T18:17:28.326Z] [INFO] Saved extraction record to Supabase with ID 599 (candidate_id: C1589) for: resume_025_Vikram_Sharma.pdf
[2026-08-19T18:17:28.328Z] [INFO] Cleaned up temporary file: E:\Srinivas\PDF\PDF\uploads\documents-1787163442970-147311456.pdf
[2026-08-19T18:17:28.462Z] [INFO] Saved extraction record to Supabase with ID 600 (candidate_id: C1575) for: resume_010_Meera_Deshmukh.pdf
[2026-08-19T18:17:28.473Z] [INFO] Cleaned up temporary file: E:\Srinivas\PDF\PDF\uploads\documents-1787163442874-970232212.pdf
[2026-08-19T18:17:28.512Z] [INFO] Saved extraction record to Supabase with ID 601 (candidate_id: C1576) for: resume_011_Sneha_Reddy.pdf
[2026-08-19T18:17:28.529Z] [INFO] Cleaned up temporary file: E:\Srinivas\PDF\PDF\uploads\documents-1787163442874-188240480.pdf
[2026-08-19T18:17:28.550Z] [INFO] Saved extraction record to Supabase with ID 602 (candidate_id: C1581) for: resume_017_Nikhil_Gupta.pdf
[2026-08-19T18:17:28.552Z] [INFO] Cleaned up temporary file: E:\Srinivas\PDF\PDF\uploads\documents-1787163442936-6835284.pdf
[2026-08-19T18:17:28.564Z] [INFO] Saved extraction record to Supabase with ID 603 (candidate_id: C1580) for: resume_016_Arjun_Gupta.pdf
[2026-08-19T18:17:28.566Z] [INFO] Cleaned up temporary file: E:\Srinivas\PDF\PDF\uploads\documents-1787163442932-530923339.pdf
[2026-08-19T18:17:28.569Z] [INFO] Saved extraction record to Supabase with ID 604 (candidate_id: C1572) for: resume_007_Arjun_Nair.pdf
[2026-08-19T18:17:28.577Z] [INFO] Cleaned up temporary file: E:\Srinivas\PDF\PDF\uploads\documents-1787163442871-372932186.pdf
[2026-08-19T18:17:28.601Z] [INFO] Cleaned up temporary file: E:\Srinivas\PDF\PDF\uploads\documents-1787163442875-480508411.pdf
[2026-08-19T18:17:28.597Z] [INFO] Saved extraction record to Supabase with ID 605 (candidate_id: C1577) for: resume_013_Sneha_Gupta.pdf
[2026-08-19T18:17:28.603Z] [INFO] Saved extraction record to Supabase with ID 606 (candidate_id: C1578) for: resume_014_Aarav_Deshmukh.pdf
[2026-08-19T18:17:28.605Z] [INFO] Cleaned up temporary file: E:\Srinivas\PDF\PDF\uploads\documents-1787163442932-257198696.pdf
[2026-08-19T18:17:28.614Z] [INFO] Saved extraction record to Supabase with ID 607 (candidate_id: C1582) for: resume_018_Aarav_Patel.pdf
[2026-08-19T18:17:28.616Z] [INFO] Cleaned up temporary file: E:\Srinivas\PDF\PDF\uploads\documents-1787163442938-342890122.pdf
[2026-08-19T18:17:28.631Z] [INFO] Saved extraction record to Supabase with ID 608 (candidate_id: C1574) for: resume_009_Vikram_Kulkarni.pdf
[2026-08-19T18:17:28.632Z] [INFO] Cleaned up temporary file: E:\Srinivas\PDF\PDF\uploads\documents-1787163442873-158738327.pdf
[2026-08-19T18:17:28.634Z] [INFO] Saved extraction record to Supabase with ID 609 (candidate_id: C1573) for: resume_008_Neha_Kulkarni.pdf
[2026-08-19T18:17:28.636Z] [INFO] Cleaned up temporary file: E:\Srinivas\PDF\PDF\uploads\documents-1787163442871-927857530.pdf
[2026-08-19T18:17:28.646Z] [INFO] Saved extraction record to Supabase with ID 610 (candidate_id: C1579) for: resume_015_Rahul_Nair.pdf
[2026-08-19T18:17:28.648Z] [INFO] Cleaned up temporary file: E:\Srinivas\PDF\PDF\uploads\documents-1787163442932-10740068.pdf
[2026-08-19T18:17:28.659Z] [INFO] Saved extraction record to Supabase with ID 611 (candidate_id: C1583) for: resume_019_Vikram_Gupta.pdf
[2026-08-19T18:17:28.663Z] [INFO] Cleaned up temporary file: E:\Srinivas\PDF\PDF\uploads\documents-1787163442949-576047393.pdf
[2026-08-19T18:17:28.675Z] [INFO] Saved extraction record to Supabase with ID 612 (candidate_id: C1586) for: resume_022_Neha_Mishra.pdf
[2026-08-19T18:17:28.680Z] [INFO] Cleaned up temporary file: E:\Srinivas\PDF\PDF\uploads\documents-1787163442970-186490599.pdf
[2026-08-19T18:17:54.319Z] [INFO] Sending 21 document(s) to webhook as a single payload...
[2026-08-19T18:17:54.326Z] [INFO] Sending payload to webhook: https://sakshi654.app.n8n.cloud/webhook-test/e601a6d1-9dbf-4b9d-b2bb-69c6dec0bd45 (Attempt 1/3)
[2026-08-19T18:17:55.346Z] [INFO] Webhook successfully delivered on attempt 1. Status: 200
[2026-08-20T16:06:19.760Z] [INFO] Server is running in production mode on http://localhost:3000
[2026-08-20T16:06:19.771Z] [INFO] Running pdfjs-dist fallback self-test...
[2026-08-20T16:06:23.730Z] [INFO] ✅ pdfjs-dist fallback self-test passed successfully.
[2026-08-20T16:06:24.785Z] [INFO] Successfully connected to Supabase PostgreSQL database.
[2026-08-20T16:06:25.143Z] [INFO] Database extractions table initialized.
[2026-08-20T16:15:08.786Z] [INFO] Performing magic-number verification for: resume_108_Kavya_Shah.pdf
[2026-08-20T16:15:08.790Z] [INFO] Performing magic-number verification for: resume_109_Rohan_Joshi.pdf
[2026-08-20T16:15:08.799Z] [INFO] Performing magic-number verification for: resume_113_Aditya_Reddy.pdf
[2026-08-20T16:15:08.792Z] [INFO] Performing magic-number verification for: resume_110_Neha_Mishra.pdf
[2026-08-20T16:15:08.801Z] [INFO] Performing magic-number verification for: resume_114_Aarav_Verma.pdf
[2026-08-20T16:15:08.803Z] [INFO] Performing magic-number verification for: resume_115_Ananya_Nair.pdf
[2026-08-20T16:15:08.793Z] [INFO] Performing magic-number verification for: resume_111_Ananya_Mishra.pdf
[2026-08-20T16:15:08.805Z] [INFO] Performing magic-number verification for: resume_116_Priya_Nair.pdf
[2026-08-20T16:15:08.807Z] [INFO] Performing magic-number verification for: resume_117_Isha_Nair.pdf
[2026-08-20T16:15:08.808Z] [INFO] Performing magic-number verification for: resume_118_Karan_Deshmukh.pdf
[2026-08-20T16:15:08.795Z] [INFO] Performing magic-number verification for: resume_112_Neha_Verma.pdf
[2026-08-20T16:15:08.810Z] [INFO] Performing magic-number verification for: resume_119_Meera_Shah.pdf
[2026-08-20T16:15:08.813Z] [INFO] Magic-number check passed for resume_108_Kavya_Shah.pdf. Detected: pdf
[2026-08-20T16:15:08.821Z] [INFO] Starting text extraction for type: pdf
[2026-08-20T16:15:08.913Z] [WARN] qpdf repair skipped for E:\Srinivas\PDF\PDF\uploads\documents-1787242507570-783846919.pdf: spawnSync qpdf ENOENT
[2026-08-20T16:15:09.427Z] [INFO] Magic-number check passed for resume_109_Rohan_Joshi.pdf. Detected: pdf
[2026-08-20T16:15:09.427Z] [INFO] Starting text extraction for type: pdf
[2026-08-20T16:15:09.433Z] [WARN] qpdf repair skipped for E:\Srinivas\PDF\PDF\uploads\documents-1787242507572-470235852.pdf: spawnSync qpdf ENOENT
[2026-08-20T16:15:09.435Z] [INFO] Magic-number check passed for resume_110_Neha_Mishra.pdf. Detected: pdf
[2026-08-20T16:15:09.437Z] [INFO] Starting text extraction for type: pdf
[2026-08-20T16:15:10.209Z] [INFO] Extraction complete: 1074 characters, 1 pages
[2026-08-20T16:15:09.446Z] [WARN] qpdf repair skipped for E:\Srinivas\PDF\PDF\uploads\documents-1787242507572-806154549.pdf: spawnSync qpdf ENOENT
[2026-08-20T16:15:10.210Z] [INFO] Extraction complete: 1074 characters, 1 pages
[2026-08-20T16:15:10.210Z] [INFO] Extraction complete: 1074 characters, 1 pages
[2026-08-20T16:15:10.216Z] [INFO] Magic-number check passed for resume_111_Ananya_Mishra.pdf. Detected: pdf
[2026-08-20T16:15:10.219Z] [INFO] Starting text extraction for type: pdf
[2026-08-20T16:15:10.223Z] [WARN] qpdf repair skipped for E:\Srinivas\PDF\PDF\uploads\documents-1787242507572-499417995.pdf: spawnSync qpdf ENOENT
[2026-08-20T16:15:10.241Z] [INFO] Extraction complete: 1066 characters, 1 pages
[2026-08-20T16:15:10.243Z] [INFO] Magic-number check passed for resume_112_Neha_Verma.pdf. Detected: pdf
[2026-08-20T16:15:10.244Z] [INFO] Starting text extraction for type: pdf
[2026-08-20T16:15:10.249Z] [WARN] qpdf repair skipped for E:\Srinivas\PDF\PDF\uploads\documents-1787242507572-511114025.pdf: spawnSync qpdf ENOENT
[2026-08-20T16:15:10.263Z] [INFO] Extraction complete: 1079 characters, 1 pages
[2026-08-20T16:15:10.273Z] [INFO] Magic-number check passed for resume_114_Aarav_Verma.pdf. Detected: pdf
[2026-08-20T16:15:10.276Z] [INFO] Starting text extraction for type: pdf
[2026-08-20T16:15:10.282Z] [WARN] qpdf repair skipped for E:\Srinivas\PDF\PDF\uploads\documents-1787242507573-124063429.pdf: spawnSync qpdf ENOENT
[2026-08-20T16:15:10.294Z] [INFO] Extraction complete: 1079 characters, 1 pages
[2026-08-20T16:15:10.296Z] [INFO] Magic-number check passed for resume_115_Ananya_Nair.pdf. Detected: pdf
[2026-08-20T16:15:10.304Z] [INFO] Starting text extraction for type: pdf
[2026-08-20T16:15:10.325Z] [WARN] qpdf repair skipped for E:\Srinivas\PDF\PDF\uploads\documents-1787242507573-73162784.pdf: spawnSync qpdf ENOENT
[2026-08-20T16:15:10.351Z] [WARN] pdf-parse failed for E:\Srinivas\PDF\PDF\uploads\documents-1787242507573-73162784.pdf (bad XRef entry). Falling back to pdfjs-dist...
[2026-08-20T16:15:10.389Z] [INFO] Magic-number check passed for resume_116_Priya_Nair.pdf. Detected: pdf
[2026-08-20T16:15:10.389Z] [INFO] Starting text extraction for type: pdf
[2026-08-20T16:15:10.394Z] [WARN] qpdf repair skipped for E:\Srinivas\PDF\PDF\uploads\documents-1787242507574-956996438.pdf: spawnSync qpdf ENOENT
[2026-08-20T16:15:10.410Z] [INFO] Extraction complete: 1064 characters, 1 pages
[2026-08-20T16:15:10.437Z] [INFO] Magic-number check passed for resume_118_Karan_Deshmukh.pdf. Detected: pdf
[2026-08-20T16:15:10.442Z] [INFO] Starting text extraction for type: pdf
[2026-08-20T16:15:10.467Z] [WARN] qpdf repair skipped for E:\Srinivas\PDF\PDF\uploads\documents-1787242507574-892072641.pdf: spawnSync qpdf ENOENT
[2026-08-20T16:15:10.496Z] [INFO] Extraction complete: 1068 characters, 1 pages
[2026-08-20T16:15:10.500Z] [INFO] Magic-number check passed for resume_117_Isha_Nair.pdf. Detected: pdf
[2026-08-20T16:15:10.500Z] [INFO] Starting text extraction for type: pdf
[2026-08-20T16:15:10.505Z] [WARN] qpdf repair skipped for E:\Srinivas\PDF\PDF\uploads\documents-1787242507574-629823837.pdf: spawnSync qpdf ENOENT
[2026-08-20T16:15:10.517Z] [INFO] Extraction complete: 1068 characters, 1 pages
[2026-08-20T16:15:10.527Z] [INFO] Magic-number check passed for resume_119_Meera_Shah.pdf. Detected: pdf
[2026-08-20T16:15:10.537Z] [INFO] Starting text extraction for type: pdf
[2026-08-20T16:15:10.542Z] [WARN] qpdf repair skipped for E:\Srinivas\PDF\PDF\uploads\documents-1787242507574-29194863.pdf: spawnSync qpdf ENOENT
[2026-08-20T16:15:10.544Z] [WARN] pdf-parse failed for E:\Srinivas\PDF\PDF\uploads\documents-1787242507574-29194863.pdf (bad XRef entry). Falling back to pdfjs-dist...
[2026-08-20T16:15:10.552Z] [INFO] Magic-number check passed for resume_113_Aditya_Reddy.pdf. Detected: pdf
[2026-08-20T16:15:10.554Z] [INFO] Starting text extraction for type: pdf
[2026-08-20T16:15:10.558Z] [WARN] qpdf repair skipped for E:\Srinivas\PDF\PDF\uploads\documents-1787242507573-902596963.pdf: spawnSync qpdf ENOENT
[2026-08-20T16:15:10.577Z] [INFO] Extraction complete: 1073 characters, 1 pages
[2026-08-20T16:15:10.732Z] [INFO] Saved extraction record to Supabase with ID 613 (candidate_id: C1592) for: resume_108_Kavya_Shah.pdf
[2026-08-20T16:15:10.743Z] [INFO] Cleaned up temporary file: E:\Srinivas\PDF\PDF\uploads\documents-1787242507570-783846919.pdf
[2026-08-20T16:15:10.844Z] [INFO] Extraction complete: 1093 characters, 1 pages
[2026-08-20T16:15:10.889Z] [INFO] Extraction complete: 1078 characters, 1 pages
[2026-08-20T16:15:10.985Z] [INFO] Saved extraction record to Supabase with ID 614 (candidate_id: C1599) for: resume_115_Ananya_Nair.pdf
[2026-08-20T16:15:10.986Z] [INFO] Cleaned up temporary file: E:\Srinivas\PDF\PDF\uploads\documents-1787242507573-73162784.pdf
[2026-08-20T16:15:11.112Z] [INFO] Saved extraction record to Supabase with ID 615 (candidate_id: C1603) for: resume_119_Meera_Shah.pdf
[2026-08-20T16:15:11.112Z] [INFO] Cleaned up temporary file: E:\Srinivas\PDF\PDF\uploads\documents-1787242507574-29194863.pdf
[2026-08-20T16:15:11.686Z] [INFO] Saved extraction record to Supabase with ID 616 (candidate_id: C1601) for: resume_117_Isha_Nair.pdf
[2026-08-20T16:15:11.688Z] [INFO] Cleaned up temporary file: E:\Srinivas\PDF\PDF\uploads\documents-1787242507574-629823837.pdf
[2026-08-20T16:15:11.693Z] [INFO] Saved extraction record to Supabase with ID 617 (candidate_id: C1595) for: resume_111_Ananya_Mishra.pdf
[2026-08-20T16:15:11.695Z] [INFO] Cleaned up temporary file: E:\Srinivas\PDF\PDF\uploads\documents-1787242507572-499417995.pdf
[2026-08-20T16:15:11.710Z] [INFO] Cleaned up temporary file: E:\Srinivas\PDF\PDF\uploads\documents-1787242507572-806154549.pdf
[2026-08-20T16:15:11.706Z] [INFO] Saved extraction record to Supabase with ID 618 (candidate_id: C1594) for: resume_110_Neha_Mishra.pdf
[2026-08-20T16:15:11.712Z] [INFO] Saved extraction record to Supabase with ID 619 (candidate_id: C1597) for: resume_113_Aditya_Reddy.pdf
[2026-08-20T16:15:11.724Z] [INFO] Cleaned up temporary file: E:\Srinivas\PDF\PDF\uploads\documents-1787242507573-902596963.pdf
[2026-08-20T16:15:11.740Z] [INFO] Saved extraction record to Supabase with ID 621 (candidate_id: C1602) for: resume_118_Karan_Deshmukh.pdf
[2026-08-20T16:15:11.741Z] [INFO] Cleaned up temporary file: E:\Srinivas\PDF\PDF\uploads\documents-1787242507574-892072641.pdf
[2026-08-20T16:15:11.746Z] [INFO] Saved extraction record to Supabase with ID 622 (candidate_id: C1600) for: resume_116_Priya_Nair.pdf
[2026-08-20T16:15:11.729Z] [INFO] Saved extraction record to Supabase with ID 620 (candidate_id: C1598) for: resume_114_Aarav_Verma.pdf
[2026-08-20T16:15:11.762Z] [INFO] Saved extraction record to Supabase with ID 623 (candidate_id: C1593) for: resume_109_Rohan_Joshi.pdf
[2026-08-20T16:15:11.772Z] [INFO] Cleaned up temporary file: E:\Srinivas\PDF\PDF\uploads\documents-1787242507572-470235852.pdf
[2026-08-20T16:15:11.775Z] [INFO] Saved extraction record to Supabase with ID 624 (candidate_id: C1596) for: resume_112_Neha_Verma.pdf
[2026-08-20T16:15:11.790Z] [INFO] Cleaned up temporary file: E:\Srinivas\PDF\PDF\uploads\documents-1787242507572-511114025.pdf
[2026-08-20T16:15:11.731Z] [INFO] Cleaned up temporary file: E:\Srinivas\PDF\PDF\uploads\documents-1787242507573-124063429.pdf
[2026-08-20T16:15:11.760Z] [INFO] Cleaned up temporary file: E:\Srinivas\PDF\PDF\uploads\documents-1787242507574-956996438.pdf
[2026-08-20T16:15:38.775Z] [INFO] Sending 12 document(s) to webhook as a single payload...
[2026-08-20T16:15:38.776Z] [INFO] Sending payload to webhook: https://sakshi654.app.n8n.cloud/webhook-test/e601a6d1-9dbf-4b9d-b2bb-69c6dec0bd45 (Attempt 1/3)
[2026-08-20T16:15:39.945Z] [INFO] Webhook successfully delivered on attempt 1. Status: 200
[2026-08-20T16:18:51.204Z] [INFO] Sending 12 document(s) to webhook as a single payload...
[2026-08-20T16:18:51.205Z] [INFO] Sending payload to webhook: https://sakshi654.app.n8n.cloud/webhook-test/e601a6d1-9dbf-4b9d-b2bb-69c6dec0bd45 (Attempt 1/3)
[2026-08-20T16:18:52.624Z] [INFO] Webhook successfully delivered on attempt 1. Status: 200
[2026-08-20T16:22:38.794Z] [INFO] Sending 12 document(s) to webhook as a single payload...
[2026-08-20T16:22:38.794Z] [INFO] Sending payload to webhook: https://sakshi654.app.n8n.cloud/webhook-test/e601a6d1-9dbf-4b9d-b2bb-69c6dec0bd45 (Attempt 1/3)
[2026-08-20T16:22:39.760Z] [INFO] Webhook successfully delivered on attempt 1. Status: 200
[2026-08-20T16:35:04.150Z] [INFO] Server is running in production mode on http://localhost:3000
[2026-08-20T16:35:04.152Z] [INFO] Running pdfjs-dist fallback self-test...
[2026-08-20T16:35:04.769Z] [INFO] ✅ pdfjs-dist fallback self-test passed successfully.
[2026-08-20T16:35:05.686Z] [INFO] Successfully connected to Supabase PostgreSQL database.
[2026-08-20T16:35:06.064Z] [INFO] Database extractions table initialized.
[2026-08-20T16:35:10.470Z] [INFO] Server is running in production mode on http://localhost:3000
[2026-08-20T16:35:10.473Z] [INFO] Running pdfjs-dist fallback self-test...
[2026-08-20T16:35:11.127Z] [INFO] ✅ pdfjs-dist fallback self-test passed successfully.
[2026-08-20T16:35:12.258Z] [INFO] Successfully connected to Supabase PostgreSQL database.
[2026-08-20T16:35:12.600Z] [INFO] Database extractions table initialized.
[2026-08-20T16:35:16.324Z] [INFO] Running pdfjs-dist fallback self-test...
[2026-08-20T16:35:16.670Z] [INFO] ✅ pdfjs-dist fallback self-test passed successfully.
[2026-08-20T16:35:16.322Z] [INFO] Server is running in production mode on http://localhost:3000
[2026-08-20T16:35:17.475Z] [INFO] Successfully connected to Supabase PostgreSQL database.
[2026-08-20T16:35:17.747Z] [INFO] Database extractions table initialized.
[2026-08-20T16:35:22.002Z] [INFO] ✅ pdfjs-dist fallback self-test passed successfully.
[2026-08-20T16:35:21.640Z] [INFO] Server is running in production mode on http://localhost:3000
[2026-08-20T16:35:21.643Z] [INFO] Running pdfjs-dist fallback self-test...
[2026-08-20T16:35:22.839Z] [INFO] Successfully connected to Supabase PostgreSQL database.
[2026-08-20T16:35:23.106Z] [INFO] Database extractions table initialized.
[2026-08-20T16:35:27.533Z] [INFO] Server is running in production mode on http://localhost:3000
[2026-08-20T16:35:27.535Z] [INFO] Running pdfjs-dist fallback self-test...
[2026-08-20T16:35:27.978Z] [INFO] ✅ pdfjs-dist fallback self-test passed successfully.
[2026-08-20T16:35:28.807Z] [INFO] Successfully connected to Supabase PostgreSQL database.
[2026-08-20T16:35:29.084Z] [INFO] Database extractions table initialized.
[2026-08-20T16:35:32.936Z] [INFO] Server is running in production mode on http://localhost:3000
[2026-08-20T16:35:32.938Z] [INFO] Running pdfjs-dist fallback self-test...
[2026-08-20T16:35:33.318Z] [INFO] ✅ pdfjs-dist fallback self-test passed successfully.
[2026-08-20T16:35:34.090Z] [INFO] Successfully connected to Supabase PostgreSQL database.
[2026-08-20T16:35:34.342Z] [INFO] Database extractions table initialized.
[2026-08-20T16:36:42.404Z] [INFO] Server is running in production mode on http://localhost:3000
[2026-08-20T16:36:42.406Z] [INFO] Running pdfjs-dist fallback self-test...
[2026-08-20T16:36:42.656Z] [INFO] ✅ pdfjs-dist fallback self-test passed successfully.
[2026-08-20T16:36:43.839Z] [INFO] Successfully connected to Supabase PostgreSQL database.
[2026-08-20T16:36:44.132Z] [INFO] Database extractions table initialized.
[2026-08-20T16:45:01.568Z] [INFO] Performing magic-number verification for: resume_012_Ananya_Kulkarni.pdf
[2026-08-20T16:45:01.572Z] [INFO] Performing magic-number verification for: resume_013_Sneha_Gupta.pdf
[2026-08-20T16:45:01.574Z] [INFO] Performing magic-number verification for: resume_014_Aarav_Deshmukh.pdf
[2026-08-20T16:45:01.575Z] [INFO] Performing magic-number verification for: resume_015_Rahul_Nair.pdf
[2026-08-20T16:45:01.577Z] [INFO] Performing magic-number verification for: resume_016_Arjun_Gupta.pdf
[2026-08-20T16:45:01.579Z] [INFO] Performing magic-number verification for: resume_017_Nikhil_Gupta.pdf
[2026-08-20T16:45:01.581Z] [INFO] Performing magic-number verification for: resume_018_Aarav_Patel.pdf
[2026-08-20T16:45:01.582Z] [INFO] Performing magic-number verification for: resume_019_Vikram_Gupta.pdf
[2026-08-20T16:45:01.583Z] [INFO] Performing magic-number verification for: resume_020_Meera_Singh.pdf
[2026-08-20T16:45:01.584Z] [INFO] Performing magic-number verification for: resume_021_Aditya_Reddy.pdf
[2026-08-20T16:45:01.594Z] [INFO] Performing magic-number verification for: resume_022_Neha_Mishra.pdf
[2026-08-20T16:45:01.599Z] [INFO] Performing magic-number verification for: resume_023_Sneha_Joshi.pdf
[2026-08-20T16:45:01.601Z] [INFO] Performing magic-number verification for: resume_024_Arjun_Reddy.pdf
[2026-08-20T16:45:01.610Z] [INFO] Performing magic-number verification for: resume_025_Vikram_Sharma.pdf
[2026-08-20T16:45:01.613Z] [INFO] Performing magic-number verification for: resume_027_Priya_Deshmukh.pdf
[2026-08-20T16:45:01.612Z] [INFO] Performing magic-number verification for: resume_026_Priya_Gupta.pdf
[2026-08-20T16:45:01.615Z] [INFO] Performing magic-number verification for: resume_029_Rahul_Gupta.pdf
[2026-08-20T16:45:01.616Z] [INFO] Performing magic-number verification for: resume_030_Kavya_Deshmukh.pdf
[2026-08-20T16:45:01.616Z] [INFO] Performing magic-number verification for: resume_031_Arjun_Patel.pdf
[2026-08-20T16:45:01.614Z] [INFO] Performing magic-number verification for: resume_028_Neha_Kumar.pdf
[2026-08-20T16:45:01.617Z] [INFO] Performing magic-number verification for: resume_033_Arjun_Verma.pdf
[2026-08-20T16:45:01.618Z] [INFO] Performing magic-number verification for: resume_034_Priya_Mishra.pdf
[2026-08-20T16:45:01.618Z] [INFO] Performing magic-number verification for: resume_035_Pooja_Mehta.pdf
[2026-08-20T16:45:01.623Z] [INFO] Performing magic-number verification for: resume_036_Sneha_Reddy.pdf
[2026-08-20T16:45:01.625Z] [INFO] Performing magic-number verification for: resume_037_Sneha_Reddy.pdf
[2026-08-20T16:45:01.627Z] [INFO] Performing magic-number verification for: resume_038_Neha_Sharma.pdf
[2026-08-20T16:45:01.627Z] [INFO] Performing magic-number verification for: resume_039_Aarav_Patel.pdf
[2026-08-20T16:45:01.628Z] [INFO] Performing magic-number verification for: resume_040_Meera_Deshmukh.pdf
[2026-08-20T16:45:01.629Z] [INFO] Performing magic-number verification for: resume_041_Pooja_Joshi.pdf
[2026-08-20T16:45:01.629Z] [INFO] Performing magic-number verification for: resume_042_Meera_Singh.pdf
[2026-08-20T16:45:01.616Z] [INFO] Performing magic-number verification for: resume_032_Arjun_Gupta.pdf
[2026-08-20T16:45:01.631Z] [INFO] Magic-number check passed for resume_012_Ananya_Kulkarni.pdf. Detected: pdf
[2026-08-20T16:45:01.632Z] [INFO] Starting text extraction for type: pdf
[2026-08-20T16:45:01.647Z] [WARN] qpdf repair skipped for E:\Srinivas\PDF\PDF\uploads\documents-1787244300321-663523557.pdf: spawnSync qpdf ENOENT
[2026-08-20T16:45:01.836Z] [INFO] Magic-number check passed for resume_013_Sneha_Gupta.pdf. Detected: pdf
[2026-08-20T16:45:01.837Z] [INFO] Starting text extraction for type: pdf
[2026-08-20T16:45:01.847Z] [WARN] qpdf repair skipped for E:\Srinivas\PDF\PDF\uploads\documents-1787244300322-696209928.pdf: spawnSync qpdf ENOENT
[2026-08-20T16:45:01.848Z] [INFO] Magic-number check passed for resume_014_Aarav_Deshmukh.pdf. Detected: pdf
[2026-08-20T16:45:01.851Z] [INFO] Starting text extraction for type: pdf
[2026-08-20T16:45:01.867Z] [WARN] qpdf repair skipped for E:\Srinivas\PDF\PDF\uploads\documents-1787244300323-826740239.pdf: spawnSync qpdf ENOENT
[2026-08-20T16:45:01.972Z] [WARN] pdf-parse failed for E:\Srinivas\PDF\PDF\uploads\documents-1787244300321-663523557.pdf (bad XRef entry). Falling back to pdfjs-dist...
[2026-08-20T16:45:01.973Z] [WARN] pdf-parse failed for E:\Srinivas\PDF\PDF\uploads\documents-1787244300322-696209928.pdf (bad XRef entry). Falling back to pdfjs-dist...
[2026-08-20T16:45:02.044Z] [INFO] Extraction complete: 1089 characters, 1 pages, email: aarav.deshmukh14@example.com
[2026-08-20T16:45:02.047Z] [INFO] Magic-number check passed for resume_016_Arjun_Gupta.pdf. Detected: pdf
[2026-08-20T16:45:02.048Z] [INFO] Starting text extraction for type: pdf
[2026-08-20T16:45:02.052Z] [WARN] qpdf repair skipped for E:\Srinivas\PDF\PDF\uploads\documents-1787244300324-333650146.pdf: spawnSync qpdf ENOENT
[2026-08-20T16:45:02.065Z] [INFO] Extraction complete: 1090 characters, 1 pages, email: arjun.gupta16@example.com
[2026-08-20T16:45:02.066Z] [INFO] Magic-number check passed for resume_017_Nikhil_Gupta.pdf. Detected: pdf
[2026-08-20T16:45:02.067Z] [INFO] Starting text extraction for type: pdf
[2026-08-20T16:45:02.072Z] [WARN] qpdf repair skipped for E:\Srinivas\PDF\PDF\uploads\documents-1787244300325-358559103.pdf: spawnSync qpdf ENOENT
[2026-08-20T16:45:02.080Z] [INFO] Extraction complete: 1040 characters, 1 pages, email: nikhil.gupta17@example.com
[2026-08-20T16:45:02.082Z] [INFO] Magic-number check passed for resume_018_Aarav_Patel.pdf. Detected: pdf
[2026-08-20T16:45:02.082Z] [INFO] Starting text extraction for type: pdf
[2026-08-20T16:45:02.088Z] [WARN] qpdf repair skipped for E:\Srinivas\PDF\PDF\uploads\documents-1787244300325-221201326.pdf: spawnSync qpdf ENOENT
[2026-08-20T16:45:02.099Z] [INFO] Extraction complete: 1040 characters, 1 pages, email: nikhil.gupta17@example.com
[2026-08-20T16:45:02.100Z] [INFO] Magic-number check passed for resume_019_Vikram_Gupta.pdf. Detected: pdf
[2026-08-20T16:45:02.101Z] [INFO] Starting text extraction for type: pdf
[2026-08-20T16:45:02.109Z] [WARN] qpdf repair skipped for E:\Srinivas\PDF\PDF\uploads\documents-1787244300328-32610586.pdf: spawnSync qpdf ENOENT
[2026-08-20T16:45:02.113Z] [WARN] pdf-parse failed for E:\Srinivas\PDF\PDF\uploads\documents-1787244300328-32610586.pdf (bad XRef entry). Falling back to pdfjs-dist...
[2026-08-20T16:45:02.117Z] [INFO] Starting text extraction for type: pdf
[2026-08-20T16:45:02.116Z] [INFO] Magic-number check passed for resume_020_Meera_Singh.pdf. Detected: pdf
[2026-08-20T16:45:02.123Z] [WARN] qpdf repair skipped for E:\Srinivas\PDF\PDF\uploads\documents-1787244300328-206684353.pdf: spawnSync qpdf ENOENT
[2026-08-20T16:45:02.133Z] [INFO] Extraction complete: 1033 characters, 1 pages, email: meera.singh20@example.com
[2026-08-20T16:45:02.139Z] [INFO] Starting text extraction for type: pdf
[2026-08-20T16:45:02.135Z] [INFO] Magic-number check passed for resume_022_Neha_Mishra.pdf. Detected: pdf
[2026-08-20T16:45:02.144Z] [WARN] qpdf repair skipped for E:\Srinivas\PDF\PDF\uploads\documents-1787244300329-946406685.pdf: spawnSync qpdf ENOENT
[2026-08-20T16:45:02.151Z] [INFO] Extraction complete: 1082 characters, 1 pages, email: neha.mishra22@example.com
[2026-08-20T16:45:02.152Z] [INFO] Magic-number check passed for resume_021_Aditya_Reddy.pdf. Detected: pdf
[2026-08-20T16:45:02.152Z] [INFO] Starting text extraction for type: pdf
[2026-08-20T16:45:02.157Z] [WARN] qpdf repair skipped for E:\Srinivas\PDF\PDF\uploads\documents-1787244300328-461827313.pdf: spawnSync qpdf ENOENT
[2026-08-20T16:45:02.167Z] [INFO] Extraction complete: 1082 characters, 1 pages, email: neha.mishra22@example.com
[2026-08-20T16:45:02.169Z] [INFO] Magic-number check passed for resume_023_Sneha_Joshi.pdf. Detected: pdf
[2026-08-20T16:45:02.171Z] [INFO] Starting text extraction for type: pdf
[2026-08-20T16:45:02.174Z] [WARN] qpdf repair skipped for E:\Srinivas\PDF\PDF\uploads\documents-1787244300329-678082247.pdf: spawnSync qpdf ENOENT
[2026-08-20T16:45:02.176Z] [WARN] pdf-parse failed for E:\Srinivas\PDF\PDF\uploads\documents-1787244300329-678082247.pdf (bad XRef entry). Falling back to pdfjs-dist...
[2026-08-20T16:45:02.182Z] [INFO] Magic-number check passed for resume_024_Arjun_Reddy.pdf. Detected: pdf
[2026-08-20T16:45:02.182Z] [INFO] Starting text extraction for type: pdf
[2026-08-20T16:45:02.213Z] [INFO] Extraction complete: 1051 characters, 1 pages, email: arjun.reddy24@example.com
[2026-08-20T16:45:02.185Z] [WARN] qpdf repair skipped for E:\Srinivas\PDF\PDF\uploads\documents-1787244300329-322381503.pdf: spawnSync qpdf ENOENT
[2026-08-20T16:45:02.215Z] [INFO] Magic-number check passed for resume_015_Rahul_Nair.pdf. Detected: pdf
[2026-08-20T16:45:02.216Z] [INFO] Starting text extraction for type: pdf
[2026-08-20T16:45:02.218Z] [WARN] qpdf repair skipped for E:\Srinivas\PDF\PDF\uploads\documents-1787244300324-810010395.pdf: spawnSync qpdf ENOENT
[2026-08-20T16:45:02.228Z] [INFO] Extraction complete: 1034 characters, 1 pages, email: rahul.nair15@example.com
[2026-08-20T16:45:02.231Z] [INFO] Starting text extraction for type: pdf
[2026-08-20T16:45:02.230Z] [INFO] Magic-number check passed for resume_026_Priya_Gupta.pdf. Detected: pdf
[2026-08-20T16:45:02.236Z] [WARN] qpdf repair skipped for E:\Srinivas\PDF\PDF\uploads\documents-1787244300330-740461881.pdf: spawnSync qpdf ENOENT
[2026-08-20T16:45:02.247Z] [INFO] Extraction complete: 1034 characters, 1 pages, email: rahul.nair15@example.com
[2026-08-20T16:45:02.249Z] [INFO] Starting text extraction for type: pdf
[2026-08-20T16:45:02.248Z] [INFO] Magic-number check passed for resume_025_Vikram_Sharma.pdf. Detected: pdf
[2026-08-20T16:45:02.252Z] [WARN] qpdf repair skipped for E:\Srinivas\PDF\PDF\uploads\documents-1787244300330-605194616.pdf: spawnSync qpdf ENOENT
[2026-08-20T16:45:02.255Z] [WARN] pdf-parse failed for E:\Srinivas\PDF\PDF\uploads\documents-1787244300330-605194616.pdf (bad XRef entry). Falling back to pdfjs-dist...
[2026-08-20T16:45:02.263Z] [INFO] Magic-number check passed for resume_027_Priya_Deshmukh.pdf. Detected: pdf
[2026-08-20T16:45:02.263Z] [INFO] Starting text extraction for type: pdf
[2026-08-20T16:45:02.266Z] [WARN] qpdf repair skipped for E:\Srinivas\PDF\PDF\uploads\documents-1787244300330-32180689.pdf: spawnSync qpdf ENOENT
[2026-08-20T16:45:02.281Z] [INFO] Extraction complete: 1108 characters, 1 pages, email: priya.deshmukh27@example.com
[2026-08-20T16:45:02.282Z] [INFO] Magic-number check passed for resume_028_Neha_Kumar.pdf. Detected: pdf
[2026-08-20T16:45:02.282Z] [INFO] Starting text extraction for type: pdf
[2026-08-20T16:45:02.285Z] [WARN] qpdf repair skipped for E:\Srinivas\PDF\PDF\uploads\documents-1787244300331-282045006.pdf: spawnSync qpdf ENOENT
[2026-08-20T16:45:02.299Z] [INFO] Extraction complete: 1041 characters, 1 pages, email: neha.kumar28@example.com
[2026-08-20T16:45:02.304Z] [INFO] Magic-number check passed for resume_029_Rahul_Gupta.pdf. Detected: pdf
[2026-08-20T16:45:02.306Z] [INFO] Starting text extraction for type: pdf
[2026-08-20T16:45:02.311Z] [WARN] qpdf repair skipped for E:\Srinivas\PDF\PDF\uploads\documents-1787244300331-279177669.pdf: spawnSync qpdf ENOENT
[2026-08-20T16:45:02.317Z] [INFO] Extraction complete: 1041 characters, 1 pages, email: neha.kumar28@example.com
[2026-08-20T16:45:02.318Z] [INFO] Magic-number check passed for resume_030_Kavya_Deshmukh.pdf. Detected: pdf
[2026-08-20T16:45:02.318Z] [INFO] Starting text extraction for type: pdf
[2026-08-20T16:45:02.325Z] [WARN] qpdf repair skipped for E:\Srinivas\PDF\PDF\uploads\documents-1787244300331-492326432.pdf: spawnSync qpdf ENOENT
[2026-08-20T16:45:02.350Z] [WARN] pdf-parse failed for E:\Srinivas\PDF\PDF\uploads\documents-1787244300331-492326432.pdf (bad XRef entry). Falling back to pdfjs-dist...
[2026-08-20T16:45:02.373Z] [INFO] Magic-number check passed for resume_031_Arjun_Patel.pdf. Detected: pdf
[2026-08-20T16:45:02.390Z] [INFO] Starting text extraction for type: pdf
[2026-08-20T16:45:02.416Z] [WARN] qpdf repair skipped for E:\Srinivas\PDF\PDF\uploads\documents-1787244300331-322120955.pdf: spawnSync qpdf ENOENT
[2026-08-20T16:45:02.432Z] [INFO] Magic-number check passed for resume_032_Arjun_Gupta.pdf. Detected: pdf
[2026-08-20T16:45:02.431Z] [INFO] Extraction complete: 1077 characters, 1 pages, email: arjun.patel31@example.com
[2026-08-20T16:45:02.432Z] [INFO] Starting text extraction for type: pdf
[2026-08-20T16:45:02.440Z] [WARN] qpdf repair skipped for E:\Srinivas\PDF\PDF\uploads\documents-1787244300331-545114119.pdf: spawnSync qpdf ENOENT
[2026-08-20T16:45:02.459Z] [INFO] Extraction complete: 1044 characters, 1 pages, email: arjun.gupta32@example.com
[2026-08-20T16:45:02.460Z] [INFO] Magic-number check passed for resume_033_Arjun_Verma.pdf. Detected: pdf
[2026-08-20T16:45:02.462Z] [INFO] Starting text extraction for type: pdf
[2026-08-20T16:45:02.469Z] [INFO] Extraction complete: 1044 characters, 1 pages, email: arjun.gupta32@example.com
[2026-08-20T16:45:02.465Z] [WARN] qpdf repair skipped for E:\Srinivas\PDF\PDF\uploads\documents-1787244300331-808205615.pdf: spawnSync qpdf ENOENT
[2026-08-20T16:45:02.473Z] [INFO] Magic-number check passed for resume_034_Priya_Mishra.pdf. Detected: pdf
[2026-08-20T16:45:02.474Z] [INFO] Starting text extraction for type: pdf
[2026-08-20T16:45:02.476Z] [WARN] qpdf repair skipped for E:\Srinivas\PDF\PDF\uploads\documents-1787244300331-274878503.pdf: spawnSync qpdf ENOENT
[2026-08-20T16:45:02.477Z] [WARN] pdf-parse failed for E:\Srinivas\PDF\PDF\uploads\documents-1787244300331-274878503.pdf (bad XRef entry). Falling back to pdfjs-dist...
[2026-08-20T16:45:02.479Z] [INFO] Magic-number check passed for resume_035_Pooja_Mehta.pdf. Detected: pdf
[2026-08-20T16:45:02.480Z] [INFO] Starting text extraction for type: pdf
[2026-08-20T16:45:02.483Z] [WARN] qpdf repair skipped for E:\Srinivas\PDF\PDF\uploads\documents-1787244300331-296982380.pdf: spawnSync qpdf ENOENT
[2026-08-20T16:45:02.490Z] [INFO] Extraction complete: 1073 characters, 1 pages, email: pooja.mehta35@example.com
[2026-08-20T16:45:02.494Z] [INFO] Magic-number check passed for resume_036_Sneha_Reddy.pdf. Detected: pdf
[2026-08-20T16:45:02.495Z] [INFO] Starting text extraction for type: pdf
[2026-08-20T16:45:02.497Z] [WARN] qpdf repair skipped for E:\Srinivas\PDF\PDF\uploads\documents-1787244300332-849304655.pdf: spawnSync qpdf ENOENT
[2026-08-20T16:45:02.505Z] [INFO] Extraction complete: 1056 characters, 1 pages, email: sneha.reddy36@example.com
[2026-08-20T16:45:02.505Z] [INFO] Magic-number check passed for resume_037_Sneha_Reddy.pdf. Detected: pdf
[2026-08-20T16:45:02.506Z] [INFO] Starting text extraction for type: pdf
[2026-08-20T16:45:02.510Z] [WARN] qpdf repair skipped for E:\Srinivas\PDF\PDF\uploads\documents-1787244300333-351325607.pdf: spawnSync qpdf ENOENT
[2026-08-20T16:45:02.516Z] [INFO] Extraction complete: 1056 characters, 1 pages, email: sneha.reddy36@example.com
[2026-08-20T16:45:02.516Z] [INFO] Magic-number check passed for resume_038_Neha_Sharma.pdf. Detected: pdf
[2026-08-20T16:45:02.516Z] [INFO] Starting text extraction for type: pdf
[2026-08-20T16:45:02.519Z] [WARN] qpdf repair skipped for E:\Srinivas\PDF\PDF\uploads\documents-1787244300333-862925453.pdf: spawnSync qpdf ENOENT
[2026-08-20T16:45:02.521Z] [WARN] pdf-parse failed for E:\Srinivas\PDF\PDF\uploads\documents-1787244300333-862925453.pdf (bad XRef entry). Falling back to pdfjs-dist...
[2026-08-20T16:45:02.524Z] [INFO] Magic-number check passed for resume_039_Aarav_Patel.pdf. Detected: pdf
[2026-08-20T16:45:02.528Z] [INFO] Starting text extraction for type: pdf
[2026-08-20T16:45:02.531Z] [WARN] qpdf repair skipped for E:\Srinivas\PDF\PDF\uploads\documents-1787244300333-12455645.pdf: spawnSync qpdf ENOENT
[2026-08-20T16:45:02.538Z] [INFO] Extraction complete: 1050 characters, 1 pages, email: aarav.patel39@example.com
[2026-08-20T16:45:02.541Z] [INFO] Magic-number check passed for resume_040_Meera_Deshmukh.pdf. Detected: pdf
[2026-08-20T16:45:02.542Z] [INFO] Starting text extraction for type: pdf
[2026-08-20T16:45:02.546Z] [WARN] qpdf repair skipped for E:\Srinivas\PDF\PDF\uploads\documents-1787244300333-381429403.pdf: spawnSync qpdf ENOENT
[2026-08-20T16:45:02.551Z] [INFO] Extraction complete: 1066 characters, 1 pages, email: meera.deshmukh40@example.com
[2026-08-20T16:45:02.552Z] [INFO] Magic-number check passed for resume_041_Pooja_Joshi.pdf. Detected: pdf
[2026-08-20T16:45:02.554Z] [INFO] Starting text extraction for type: pdf
[2026-08-20T16:45:02.559Z] [WARN] qpdf repair skipped for E:\Srinivas\PDF\PDF\uploads\documents-1787244300333-840123023.pdf: spawnSync qpdf ENOENT
[2026-08-20T16:45:02.566Z] [INFO] Extraction complete: 1066 characters, 1 pages, email: meera.deshmukh40@example.com
[2026-08-20T16:45:02.567Z] [INFO] Magic-number check passed for resume_042_Meera_Singh.pdf. Detected: pdf
[2026-08-20T16:45:02.568Z] [INFO] Starting text extraction for type: pdf
[2026-08-20T16:45:02.572Z] [WARN] qpdf repair skipped for E:\Srinivas\PDF\PDF\uploads\documents-1787244300335-347368709.pdf: spawnSync qpdf ENOENT
[2026-08-20T16:45:02.574Z] [WARN] pdf-parse failed for E:\Srinivas\PDF\PDF\uploads\documents-1787244300335-347368709.pdf (bad XRef entry). Falling back to pdfjs-dist...
[2026-08-20T16:45:02.634Z] [INFO] Extraction complete: 1085 characters, 1 pages, email: ananya.kulkarni12@example.com
[2026-08-20T16:45:02.655Z] [INFO] Extraction complete: 1084 characters, 1 pages, email: sneha.gupta13@example.com
[2026-08-20T16:45:02.660Z] [INFO] Saved extraction record to Supabase with ID 625 (candidate_id: C1606) for: resume_014_Aarav_Deshmukh.pdf
[2026-08-20T16:45:02.661Z] [INFO] Cleaned up temporary file: E:\Srinivas\PDF\PDF\uploads\documents-1787244300323-826740239.pdf
[2026-08-20T16:45:02.679Z] [INFO] Extraction complete: 1061 characters, 1 pages, email: vikram.gupta19@example.com
[2026-08-20T16:45:02.698Z] [INFO] Extraction complete: 1046 characters, 1 pages, email: sneha.joshi23@example.com
[2026-08-20T16:45:02.710Z] [INFO] Extraction complete: 1070 characters, 1 pages, email: vikram.sharma25@example.com
[2026-08-20T16:45:02.731Z] [INFO] Extraction complete: 1077 characters, 1 pages, email: kavya.deshmukh30@example.com
[2026-08-20T16:45:02.748Z] [INFO] Extraction complete: 1069 characters, 1 pages, email: priya.mishra34@example.com
[2026-08-20T16:45:02.761Z] [INFO] Extraction complete: 1085 characters, 1 pages, email: neha.sharma38@example.com
[2026-08-20T16:45:02.771Z] [INFO] Extraction complete: 1028 characters, 1 pages, email: meera.singh42@example.com
[2026-08-20T16:45:02.803Z] [INFO] Saved extraction record to Supabase with ID 626 (candidate_id: C1619) for: resume_027_Priya_Deshmukh.pdf
[2026-08-20T16:45:02.804Z] [INFO] Cleaned up temporary file: E:\Srinivas\PDF\PDF\uploads\documents-1787244300330-32180689.pdf
[2026-08-20T16:45:02.941Z] [INFO] Saved extraction record to Supabase with ID 627 (candidate_id: C1620) for: resume_028_Neha_Kumar.pdf
[2026-08-20T16:45:02.941Z] [INFO] Cleaned up temporary file: E:\Srinivas\PDF\PDF\uploads\documents-1787244300331-282045006.pdf
[2026-08-20T16:45:03.076Z] [INFO] Saved extraction record to Supabase with ID 628 (candidate_id: C1621) for: resume_029_Rahul_Gupta.pdf
[2026-08-20T16:45:03.076Z] [INFO] Cleaned up temporary file: E:\Srinivas\PDF\PDF\uploads\documents-1787244300331-279177669.pdf
[2026-08-20T16:45:03.217Z] [INFO] Saved extraction record to Supabase with ID 629 (candidate_id: C1623) for: resume_031_Arjun_Patel.pdf
[2026-08-20T16:45:03.219Z] [INFO] Cleaned up temporary file: E:\Srinivas\PDF\PDF\uploads\documents-1787244300331-322120955.pdf
[2026-08-20T16:45:03.359Z] [INFO] Saved extraction record to Supabase with ID 630 (candidate_id: C1624) for: resume_032_Arjun_Gupta.pdf
[2026-08-20T16:45:03.361Z] [INFO] Cleaned up temporary file: E:\Srinivas\PDF\PDF\uploads\documents-1787244300331-545114119.pdf
[2026-08-20T16:45:03.519Z] [INFO] Saved extraction record to Supabase with ID 631 (candidate_id: C1625) for: resume_033_Arjun_Verma.pdf
[2026-08-20T16:45:03.520Z] [INFO] Cleaned up temporary file: E:\Srinivas\PDF\PDF\uploads\documents-1787244300331-808205615.pdf
[2026-08-20T16:45:03.554Z] [INFO] Saved extraction record to Supabase with ID 632 (candidate_id: C1613) for: resume_021_Aditya_Reddy.pdf
[2026-08-20T16:45:03.555Z] [INFO] Cleaned up temporary file: E:\Srinivas\PDF\PDF\uploads\documents-1787244300328-461827313.pdf
[2026-08-20T16:45:03.558Z] [INFO] Saved extraction record to Supabase with ID 633 (candidate_id: C1609) for: resume_017_Nikhil_Gupta.pdf
[2026-08-20T16:45:03.560Z] [INFO] Cleaned up temporary file: E:\Srinivas\PDF\PDF\uploads\documents-1787244300325-358559103.pdf
[2026-08-20T16:45:03.563Z] [INFO] Saved extraction record to Supabase with ID 634 (candidate_id: C1616) for: resume_024_Arjun_Reddy.pdf
[2026-08-20T16:45:03.564Z] [INFO] Cleaned up temporary file: E:\Srinivas\PDF\PDF\uploads\documents-1787244300329-322381503.pdf
[2026-08-20T16:45:03.576Z] [INFO] Saved extraction record to Supabase with ID 635 (candidate_id: C1612) for: resume_020_Meera_Singh.pdf
[2026-08-20T16:45:03.577Z] [INFO] Cleaned up temporary file: E:\Srinivas\PDF\PDF\uploads\documents-1787244300328-206684353.pdf
[2026-08-20T16:45:03.578Z] [INFO] Saved extraction record to Supabase with ID 636 (candidate_id: C1610) for: resume_018_Aarav_Patel.pdf
[2026-08-20T16:45:03.579Z] [INFO] Cleaned up temporary file: E:\Srinivas\PDF\PDF\uploads\documents-1787244300325-221201326.pdf
[2026-08-20T16:45:03.587Z] [INFO] Saved extraction record to Supabase with ID 637 (candidate_id: C1608) for: resume_016_Arjun_Gupta.pdf
[2026-08-20T16:45:03.591Z] [INFO] Saved extraction record to Supabase with ID 638 (candidate_id: C1614) for: resume_022_Neha_Mishra.pdf
[2026-08-20T16:45:03.588Z] [INFO] Cleaned up temporary file: E:\Srinivas\PDF\PDF\uploads\documents-1787244300324-333650146.pdf
[2026-08-20T16:45:03.592Z] [INFO] Cleaned up temporary file: E:\Srinivas\PDF\PDF\uploads\documents-1787244300329-946406685.pdf
[2026-08-20T16:45:03.601Z] [INFO] Saved extraction record to Supabase with ID 639 (candidate_id: C1618) for: resume_026_Priya_Gupta.pdf
[2026-08-20T16:45:03.601Z] [INFO] Cleaned up temporary file: E:\Srinivas\PDF\PDF\uploads\documents-1787244300330-740461881.pdf
[2026-08-20T16:45:03.603Z] [INFO] Saved extraction record to Supabase with ID 640 (candidate_id: C1607) for: resume_015_Rahul_Nair.pdf
[2026-08-20T16:45:03.606Z] [INFO] Cleaned up temporary file: E:\Srinivas\PDF\PDF\uploads\documents-1787244300324-810010395.pdf
[2026-08-20T16:45:03.656Z] [INFO] Saved extraction record to Supabase with ID 641 (candidate_id: C1627) for: resume_035_Pooja_Mehta.pdf
[2026-08-20T16:45:03.656Z] [INFO] Cleaned up temporary file: E:\Srinivas\PDF\PDF\uploads\documents-1787244300331-296982380.pdf
[2026-08-20T16:45:03.680Z] [INFO] Saved extraction record to Supabase with ID 642 (candidate_id: C1628) for: resume_036_Sneha_Reddy.pdf
[2026-08-20T16:45:03.680Z] [INFO] Cleaned up temporary file: E:\Srinivas\PDF\PDF\uploads\documents-1787244300332-849304655.pdf
[2026-08-20T16:45:03.686Z] [INFO] Saved extraction record to Supabase with ID 643 (candidate_id: C1629) for: resume_037_Sneha_Reddy.pdf
[2026-08-20T16:45:03.687Z] [INFO] Cleaned up temporary file: E:\Srinivas\PDF\PDF\uploads\documents-1787244300333-351325607.pdf
[2026-08-20T16:45:03.689Z] [INFO] Saved extraction record to Supabase with ID 644 (candidate_id: C1631) for: resume_039_Aarav_Patel.pdf
[2026-08-20T16:45:03.690Z] [INFO] Cleaned up temporary file: E:\Srinivas\PDF\PDF\uploads\documents-1787244300333-12455645.pdf
[2026-08-20T16:45:03.710Z] [INFO] Saved extraction record to Supabase with ID 646 (candidate_id: C1633) for: resume_041_Pooja_Joshi.pdf
[2026-08-20T16:45:03.711Z] [INFO] Cleaned up temporary file: E:\Srinivas\PDF\PDF\uploads\documents-1787244300333-840123023.pdf
[2026-08-20T16:45:03.713Z] [INFO] Saved extraction record to Supabase with ID 645 (candidate_id: C1632) for: resume_040_Meera_Deshmukh.pdf
[2026-08-20T16:45:03.714Z] [INFO] Cleaned up temporary file: E:\Srinivas\PDF\PDF\uploads\documents-1787244300333-381429403.pdf
[2026-08-20T16:45:03.719Z] [INFO] Saved extraction record to Supabase with ID 647 (candidate_id: C1604) for: resume_012_Ananya_Kulkarni.pdf
[2026-08-20T16:45:03.721Z] [INFO] Cleaned up temporary file: E:\Srinivas\PDF\PDF\uploads\documents-1787244300321-663523557.pdf
[2026-08-20T16:45:03.723Z] [INFO] Saved extraction record to Supabase with ID 648 (candidate_id: C1605) for: resume_013_Sneha_Gupta.pdf
[2026-08-20T16:45:03.724Z] [INFO] Cleaned up temporary file: E:\Srinivas\PDF\PDF\uploads\documents-1787244300322-696209928.pdf
[2026-08-20T16:45:03.735Z] [INFO] Saved extraction record to Supabase with ID 649 (candidate_id: C1611) for: resume_019_Vikram_Gupta.pdf
[2026-08-20T16:45:03.738Z] [INFO] Cleaned up temporary file: E:\Srinivas\PDF\PDF\uploads\documents-1787244300328-32610586.pdf
[2026-08-20T16:45:03.741Z] [INFO] Saved extraction record to Supabase with ID 650 (candidate_id: C1615) for: resume_023_Sneha_Joshi.pdf
[2026-08-20T16:45:03.743Z] [INFO] Cleaned up temporary file: E:\Srinivas\PDF\PDF\uploads\documents-1787244300329-678082247.pdf
[2026-08-20T16:45:03.792Z] [INFO] Saved extraction record to Supabase with ID 651 (candidate_id: C1617) for: resume_025_Vikram_Sharma.pdf
[2026-08-20T16:45:03.793Z] [INFO] Cleaned up temporary file: E:\Srinivas\PDF\PDF\uploads\documents-1787244300330-605194616.pdf
[2026-08-20T16:45:03.805Z] [INFO] Saved extraction record to Supabase with ID 652 (candidate_id: C1622) for: resume_030_Kavya_Deshmukh.pdf
[2026-08-20T16:45:03.807Z] [INFO] Cleaned up temporary file: E:\Srinivas\PDF\PDF\uploads\documents-1787244300331-492326432.pdf
[2026-08-20T16:45:03.815Z] [INFO] Saved extraction record to Supabase with ID 653 (candidate_id: C1626) for: resume_034_Priya_Mishra.pdf
[2026-08-20T16:45:03.817Z] [INFO] Cleaned up temporary file: E:\Srinivas\PDF\PDF\uploads\documents-1787244300331-274878503.pdf
[2026-08-20T16:45:03.823Z] [INFO] Saved extraction record to Supabase with ID 654 (candidate_id: C1630) for: resume_038_Neha_Sharma.pdf
[2026-08-20T16:45:03.823Z] [INFO] Cleaned up temporary file: E:\Srinivas\PDF\PDF\uploads\documents-1787244300333-862925453.pdf
[2026-08-20T16:45:03.839Z] [INFO] Saved extraction record to Supabase with ID 655 (candidate_id: C1634) for: resume_042_Meera_Singh.pdf
[2026-08-20T16:45:03.840Z] [INFO] Cleaned up temporary file: E:\Srinivas\PDF\PDF\uploads\documents-1787244300335-347368709.pdf
[2026-08-20T16:45:20.864Z] [INFO] Sending 31 document(s) to webhook as a single payload...
[2026-08-20T16:45:20.865Z] [INFO] Sending payload to webhook: https://sakshi654.app.n8n.cloud/webhook-test/e601a6d1-9dbf-4b9d-b2bb-69c6dec0bd45 (Attempt 1/3)
[2026-08-20T16:45:21.919Z] [INFO] Webhook successfully delivered on attempt 1. Status: 200
[2026-08-20T16:45:52.014Z] [INFO] Sending 31 document(s) to webhook as a single payload...
[2026-08-20T16:45:52.016Z] [INFO] Sending payload to webhook: https://sakshi654.app.n8n.cloud/webhook-test/e601a6d1-9dbf-4b9d-b2bb-69c6dec0bd45 (Attempt 1/3)
[2026-08-20T16:45:53.022Z] [INFO] Webhook successfully delivered on attempt 1. Status: 200
[2026-08-20T17:06:08.242Z] [INFO] Sending 31 document(s) to webhook as a single payload...
[2026-08-20T17:06:08.244Z] [INFO] Sending payload to webhook: https://sakshi654.app.n8n.cloud/webhook-test/e601a6d1-9dbf-4b9d-b2bb-69c6dec0bd45 (Attempt 1/3)
[2026-08-20T17:06:08.593Z] [INFO] Webhook successfully delivered on attempt 1. Status: 200
[2026-08-20T17:18:07.642Z] [INFO] Sending 31 document(s) to webhook as a single payload...
[2026-08-20T17:18:07.643Z] [INFO] Sending payload to webhook: https://sakshi654.app.n8n.cloud/webhook-test/e601a6d1-9dbf-4b9d-b2bb-69c6dec0bd45 (Attempt 1/3)
[2026-08-20T17:18:08.657Z] [INFO] Webhook successfully delivered on attempt 1. Status: 200
[2026-08-20T17:19:21.645Z] [INFO] Performing magic-number verification for: resume_002_Priya_Sharma.pdf
[2026-08-20T17:19:21.649Z] [INFO] Performing magic-number verification for: resume_003_Neha_Shah.pdf
[2026-08-20T17:19:21.651Z] [INFO] Performing magic-number verification for: resume_004_Aditya_Patel.pdf
[2026-08-20T17:19:21.653Z] [INFO] Performing magic-number verification for: resume_005_Karan_Patel.pdf
[2026-08-20T17:19:21.660Z] [INFO] Performing magic-number verification for: resume_006_Kavya_Patel.pdf
[2026-08-20T17:19:21.662Z] [INFO] Performing magic-number verification for: resume_007_Arjun_Nair.pdf
[2026-08-20T17:19:21.664Z] [INFO] Performing magic-number verification for: resume_008_Neha_Kulkarni.pdf
[2026-08-20T17:19:21.665Z] [INFO] Performing magic-number verification for: resume_009_Vikram_Kulkarni.pdf
[2026-08-20T17:19:21.666Z] [INFO] Performing magic-number verification for: resume_010_Meera_Deshmukh.pdf
[2026-08-20T17:19:21.669Z] [INFO] Performing magic-number verification for: resume_012_Ananya_Kulkarni.pdf
[2026-08-20T17:19:21.667Z] [INFO] Performing magic-number verification for: resume_011_Sneha_Reddy.pdf
[2026-08-20T17:19:21.669Z] [INFO] Performing magic-number verification for: resume_013_Sneha_Gupta.pdf
[2026-08-20T17:19:21.670Z] [INFO] Performing magic-number verification for: resume_014_Aarav_Deshmukh.pdf
[2026-08-20T17:19:21.671Z] [INFO] Performing magic-number verification for: resume_015_Rahul_Nair.pdf
[2026-08-20T17:19:21.672Z] [INFO] Performing magic-number verification for: resume_016_Arjun_Gupta.pdf
[2026-08-20T17:19:21.672Z] [INFO] Performing magic-number verification for: resume_017_Nikhil_Gupta.pdf
[2026-08-20T17:19:21.675Z] [INFO] Performing magic-number verification for: resume_018_Aarav_Patel.pdf
[2026-08-20T17:19:21.677Z] [INFO] Performing magic-number verification for: resume_019_Vikram_Gupta.pdf
[2026-08-20T17:19:21.678Z] [INFO] Performing magic-number verification for: resume_020_Meera_Singh.pdf
[2026-08-20T17:19:21.679Z] [INFO] Performing magic-number verification for: resume_021_Aditya_Reddy.pdf
[2026-08-20T17:19:21.682Z] [INFO] Magic-number check passed for resume_002_Priya_Sharma.pdf. Detected: pdf
[2026-08-20T17:19:21.684Z] [INFO] Starting text extraction for type: pdf
[2026-08-20T17:19:21.688Z] [WARN] qpdf repair skipped for E:\Srinivas\PDF\PDF\uploads\documents-1787246360385-914025831.pdf: spawnSync qpdf ENOENT
[2026-08-20T17:19:21.720Z] [INFO] Extraction complete: 1085 characters, 1 pages, email: priya.sharma2@example.com
[2026-08-20T17:19:21.721Z] [INFO] Magic-number check passed for resume_003_Neha_Shah.pdf. Detected: pdf
[2026-08-20T17:19:21.722Z] [INFO] Starting text extraction for type: pdf
[2026-08-20T17:19:21.729Z] [WARN] qpdf repair skipped for E:\Srinivas\PDF\PDF\uploads\documents-1787246360385-127802082.pdf: spawnSync qpdf ENOENT
[2026-08-20T17:19:21.739Z] [INFO] Extraction complete: 1065 characters, 1 pages, email: neha.shah3@example.com
[2026-08-20T17:19:21.746Z] [INFO] Magic-number check passed for resume_004_Aditya_Patel.pdf. Detected: pdf
[2026-08-20T17:19:21.747Z] [INFO] Starting text extraction for type: pdf
[2026-08-20T17:19:21.753Z] [WARN] qpdf repair skipped for E:\Srinivas\PDF\PDF\uploads\documents-1787246360386-603996912.pdf: spawnSync qpdf ENOENT
[2026-08-20T17:19:21.767Z] [INFO] Extraction complete: 1092 characters, 1 pages, email: aditya.patel4@example.com
[2026-08-20T17:19:21.768Z] [INFO] Magic-number check passed for resume_005_Karan_Patel.pdf. Detected: pdf
[2026-08-20T17:19:21.769Z] [INFO] Starting text extraction for type: pdf
[2026-08-20T17:19:21.776Z] [WARN] qpdf repair skipped for E:\Srinivas\PDF\PDF\uploads\documents-1787246360386-212726182.pdf: spawnSync qpdf ENOENT
[2026-08-20T17:19:21.795Z] [INFO] Extraction complete: 1092 characters, 1 pages, email: aditya.patel4@example.com
[2026-08-20T17:19:21.797Z] [INFO] Starting text extraction for type: pdf
[2026-08-20T17:19:21.797Z] [INFO] Magic-number check passed for resume_006_Kavya_Patel.pdf. Detected: pdf
[2026-08-20T17:19:21.801Z] [WARN] qpdf repair skipped for E:\Srinivas\PDF\PDF\uploads\documents-1787246360387-19007404.pdf: spawnSync qpdf ENOENT
[2026-08-20T17:19:21.802Z] [WARN] pdf-parse failed for E:\Srinivas\PDF\PDF\uploads\documents-1787246360387-19007404.pdf (bad XRef entry). Falling back to pdfjs-dist...
[2026-08-20T17:19:21.808Z] [INFO] Magic-number check passed for resume_007_Arjun_Nair.pdf. Detected: pdf
[2026-08-20T17:19:21.810Z] [INFO] Starting text extraction for type: pdf
[2026-08-20T17:19:21.814Z] [WARN] qpdf repair skipped for E:\Srinivas\PDF\PDF\uploads\documents-1787246360387-129035601.pdf: spawnSync qpdf ENOENT
[2026-08-20T17:19:21.832Z] [INFO] Extraction complete: 1082 characters, 1 pages, email: arjun.nair7@example.com
[2026-08-20T17:19:21.836Z] [INFO] Starting text extraction for type: pdf
[2026-08-20T17:19:21.855Z] [INFO] Extraction complete: 1080 characters, 1 pages, email: neha.kulkarni8@example.com
[2026-08-20T17:19:21.835Z] [INFO] Magic-number check passed for resume_008_Neha_Kulkarni.pdf. Detected: pdf
[2026-08-20T17:19:21.838Z] [WARN] qpdf repair skipped for E:\Srinivas\PDF\PDF\uploads\documents-1787246360388-165181525.pdf: spawnSync qpdf ENOENT
[2026-08-20T17:19:21.856Z] [INFO] Magic-number check passed for resume_009_Vikram_Kulkarni.pdf. Detected: pdf
[2026-08-20T17:19:21.863Z] [INFO] Starting text extraction for type: pdf
[2026-08-20T17:19:21.870Z] [WARN] qpdf repair skipped for E:\Srinivas\PDF\PDF\uploads\documents-1787246360400-704807490.pdf: spawnSync qpdf ENOENT
[2026-08-20T17:19:21.889Z] [INFO] Extraction complete: 1080 characters, 1 pages, email: neha.kulkarni8@example.com
[2026-08-20T17:19:21.895Z] [INFO] Magic-number check passed for resume_010_Meera_Deshmukh.pdf. Detected: pdf
[2026-08-20T17:19:21.896Z] [INFO] Starting text extraction for type: pdf
[2026-08-20T17:19:21.902Z] [WARN] qpdf repair skipped for E:\Srinivas\PDF\PDF\uploads\documents-1787246360401-809703507.pdf: spawnSync qpdf ENOENT
[2026-08-20T17:19:21.904Z] [WARN] pdf-parse failed for E:\Srinivas\PDF\PDF\uploads\documents-1787246360401-809703507.pdf (bad XRef entry). Falling back to pdfjs-dist...
[2026-08-20T17:19:21.909Z] [INFO] Magic-number check passed for resume_011_Sneha_Reddy.pdf. Detected: pdf
[2026-08-20T17:19:21.909Z] [INFO] Starting text extraction for type: pdf
[2026-08-20T17:19:21.911Z] [WARN] qpdf repair skipped for E:\Srinivas\PDF\PDF\uploads\documents-1787246360401-381409061.pdf: spawnSync qpdf ENOENT
[2026-08-20T17:19:21.927Z] [INFO] Extraction complete: 1032 characters, 1 pages, email: sneha.reddy11@example.com
[2026-08-20T17:19:21.928Z] [INFO] Starting text extraction for type: pdf
[2026-08-20T17:19:21.934Z] [WARN] qpdf repair skipped for E:\Srinivas\PDF\PDF\uploads\documents-1787246360402-326507090.pdf: spawnSync qpdf ENOENT
[2026-08-20T17:19:21.943Z] [INFO] Extraction complete: 1086 characters, 1 pages, email: ananya.kulkarni12@example.com
[2026-08-20T17:19:21.928Z] [INFO] Magic-number check passed for resume_012_Ananya_Kulkarni.pdf. Detected: pdf
[2026-08-20T17:19:21.944Z] [INFO] Magic-number check passed for resume_013_Sneha_Gupta.pdf. Detected: pdf
[2026-08-20T17:19:21.945Z] [INFO] Starting text extraction for type: pdf
[2026-08-20T17:19:21.952Z] [WARN] qpdf repair skipped for E:\Srinivas\PDF\PDF\uploads\documents-1787246360402-459865127.pdf: spawnSync qpdf ENOENT
[2026-08-20T17:19:21.960Z] [INFO] Extraction complete: 1086 characters, 1 pages, email: ananya.kulkarni12@example.com
[2026-08-20T17:19:21.961Z] [INFO] Magic-number check passed for resume_014_Aarav_Deshmukh.pdf. Detected: pdf
[2026-08-20T17:19:21.967Z] [WARN] qpdf repair skipped for E:\Srinivas\PDF\PDF\uploads\documents-1787246360402-383613141.pdf: spawnSync qpdf ENOENT
[2026-08-20T17:19:21.969Z] [WARN] pdf-parse failed for E:\Srinivas\PDF\PDF\uploads\documents-1787246360402-383613141.pdf (bad XRef entry). Falling back to pdfjs-dist...
[2026-08-20T17:19:21.962Z] [INFO] Starting text extraction for type: pdf
[2026-08-20T17:19:21.972Z] [INFO] Magic-number check passed for resume_015_Rahul_Nair.pdf. Detected: pdf
[2026-08-20T17:19:21.972Z] [INFO] Starting text extraction for type: pdf
[2026-08-20T17:19:21.977Z] [WARN] qpdf repair skipped for E:\Srinivas\PDF\PDF\uploads\documents-1787246360403-29720672.pdf: spawnSync qpdf ENOENT
[2026-08-20T17:19:21.987Z] [INFO] Extraction complete: 1034 characters, 1 pages, email: rahul.nair15@example.com
[2026-08-20T17:19:21.994Z] [INFO] Magic-number check passed for resume_016_Arjun_Gupta.pdf. Detected: pdf
[2026-08-20T17:19:21.995Z] [INFO] Starting text extraction for type: pdf
[2026-08-20T17:19:21.998Z] [WARN] qpdf repair skipped for E:\Srinivas\PDF\PDF\uploads\documents-1787246360403-472103252.pdf: spawnSync qpdf ENOENT
[2026-08-20T17:19:22.010Z] [INFO] Extraction complete: 1090 characters, 1 pages, email: arjun.gupta16@example.com
[2026-08-20T17:19:22.010Z] [INFO] Magic-number check passed for resume_018_Aarav_Patel.pdf. Detected: pdf
[2026-08-20T17:19:22.010Z] [INFO] Starting text extraction for type: pdf
[2026-08-20T17:19:22.013Z] [WARN] qpdf repair skipped for E:\Srinivas\PDF\PDF\uploads\documents-1787246360403-900976578.pdf: spawnSync qpdf ENOENT
[2026-08-20T17:19:22.022Z] [INFO] Extraction complete: 1090 characters, 1 pages, email: arjun.gupta16@example.com
[2026-08-20T17:19:22.022Z] [INFO] Magic-number check passed for resume_017_Nikhil_Gupta.pdf. Detected: pdf
[2026-08-20T17:19:22.025Z] [INFO] Starting text extraction for type: pdf
[2026-08-20T17:19:22.028Z] [WARN] qpdf repair skipped for E:\Srinivas\PDF\PDF\uploads\documents-1787246360403-803557002.pdf: spawnSync qpdf ENOENT
[2026-08-20T17:19:22.032Z] [WARN] pdf-parse failed for E:\Srinivas\PDF\PDF\uploads\documents-1787246360403-803557002.pdf (bad XRef entry). Falling back to pdfjs-dist...
[2026-08-20T17:19:22.037Z] [INFO] Magic-number check passed for resume_019_Vikram_Gupta.pdf. Detected: pdf
[2026-08-20T17:19:22.037Z] [INFO] Starting text extraction for type: pdf
[2026-08-20T17:19:22.046Z] [INFO] Extraction complete: 1062 characters, 1 pages, email: vikram.gupta19@example.com
[2026-08-20T17:19:22.042Z] [WARN] qpdf repair skipped for E:\Srinivas\PDF\PDF\uploads\documents-1787246360403-896012283.pdf: spawnSync qpdf ENOENT
[2026-08-20T17:19:22.048Z] [INFO] Magic-number check passed for resume_020_Meera_Singh.pdf. Detected: pdf
[2026-08-20T17:19:22.049Z] [INFO] Starting text extraction for type: pdf
[2026-08-20T17:19:22.052Z] [WARN] qpdf repair skipped for E:\Srinivas\PDF\PDF\uploads\documents-1787246360403-941363567.pdf: spawnSync qpdf ENOENT
[2026-08-20T17:19:22.068Z] [INFO] Extraction complete: 1033 characters, 1 pages, email: meera.singh20@example.com
[2026-08-20T17:19:22.070Z] [INFO] Magic-number check passed for resume_021_Aditya_Reddy.pdf. Detected: pdf
[2026-08-20T17:19:22.071Z] [INFO] Starting text extraction for type: pdf
[2026-08-20T17:19:22.079Z] [WARN] qpdf repair skipped for E:\Srinivas\PDF\PDF\uploads\documents-1787246360404-53115617.pdf: spawnSync qpdf ENOENT
[2026-08-20T17:19:22.095Z] [INFO] Extraction complete: 1033 characters, 1 pages, email: meera.singh20@example.com
[2026-08-20T17:19:22.111Z] [INFO] Saved extraction record to Supabase with ID 656 (candidate_id: C1635) for: resume_002_Priya_Sharma.pdf
[2026-08-20T17:19:22.112Z] [INFO] Cleaned up temporary file: E:\Srinivas\PDF\PDF\uploads\documents-1787246360385-914025831.pdf
[2026-08-20T17:19:22.138Z] [INFO] Extraction complete: 1086 characters, 1 pages, email: kavya.patel6@example.com
[2026-08-20T17:19:22.159Z] [INFO] Extraction complete: 1056 characters, 1 pages, email: meera.deshmukh10@example.com
[2026-08-20T17:19:22.176Z] [INFO] Extraction complete: 1088 characters, 1 pages, email: aarav.deshmukh14@example.com
[2026-08-20T17:19:22.193Z] [INFO] Extraction complete: 1039 characters, 1 pages, email: nikhil.gupta17@example.com
[2026-08-20T17:19:22.249Z] [INFO] Saved extraction record to Supabase with ID 657 (candidate_id: C1648) for: resume_015_Rahul_Nair.pdf
[2026-08-20T17:19:22.250Z] [INFO] Cleaned up temporary file: E:\Srinivas\PDF\PDF\uploads\documents-1787246360403-29720672.pdf
[2026-08-20T17:19:22.419Z] [INFO] Saved extraction record to Supabase with ID 658 (candidate_id: C1649) for: resume_016_Arjun_Gupta.pdf
[2026-08-20T17:19:22.421Z] [INFO] Cleaned up temporary file: E:\Srinivas\PDF\PDF\uploads\documents-1787246360403-472103252.pdf
[2026-08-20T17:19:22.559Z] [INFO] Saved extraction record to Supabase with ID 659 (candidate_id: C1651) for: resume_018_Aarav_Patel.pdf
[2026-08-20T17:19:22.561Z] [INFO] Cleaned up temporary file: E:\Srinivas\PDF\PDF\uploads\documents-1787246360403-900976578.pdf
[2026-08-20T17:19:22.718Z] [INFO] Saved extraction record to Supabase with ID 660 (candidate_id: C1652) for: resume_019_Vikram_Gupta.pdf
[2026-08-20T17:19:22.720Z] [INFO] Cleaned up temporary file: E:\Srinivas\PDF\PDF\uploads\documents-1787246360403-896012283.pdf
[2026-08-20T17:19:22.905Z] [INFO] Saved extraction record to Supabase with ID 661 (candidate_id: C1653) for: resume_020_Meera_Singh.pdf
[2026-08-20T17:19:22.911Z] [INFO] Cleaned up temporary file: E:\Srinivas\PDF\PDF\uploads\documents-1787246360403-941363567.pdf
[2026-08-20T17:19:23.068Z] [INFO] Cleaned up temporary file: E:\Srinivas\PDF\PDF\uploads\documents-1787246360404-53115617.pdf
[2026-08-20T17:19:23.067Z] [INFO] Saved extraction record to Supabase with ID 662 (candidate_id: C1654) for: resume_021_Aditya_Reddy.pdf
[2026-08-20T17:19:23.196Z] [INFO] Saved extraction record to Supabase with ID 663 (candidate_id: C1637) for: resume_004_Aditya_Patel.pdf
[2026-08-20T17:19:23.197Z] [INFO] Cleaned up temporary file: E:\Srinivas\PDF\PDF\uploads\documents-1787246360386-603996912.pdf
[2026-08-20T17:19:23.202Z] [INFO] Saved extraction record to Supabase with ID 664 (candidate_id: C1644) for: resume_011_Sneha_Reddy.pdf
[2026-08-20T17:19:23.203Z] [INFO] Cleaned up temporary file: E:\Srinivas\PDF\PDF\uploads\documents-1787246360401-381409061.pdf
[2026-08-20T17:19:23.214Z] [INFO] Saved extraction record to Supabase with ID 666 (candidate_id: C1642) for: resume_009_Vikram_Kulkarni.pdf
[2026-08-20T17:19:23.215Z] [INFO] Cleaned up temporary file: E:\Srinivas\PDF\PDF\uploads\documents-1787246360400-704807490.pdf
[2026-08-20T17:19:23.219Z] [INFO] Saved extraction record to Supabase with ID 665 (candidate_id: C1645) for: resume_012_Ananya_Kulkarni.pdf
[2026-08-20T17:19:23.220Z] [INFO] Cleaned up temporary file: E:\Srinivas\PDF\PDF\uploads\documents-1787246360402-326507090.pdf
[2026-08-20T17:19:23.227Z] [INFO] Saved extraction record to Supabase with ID 667 (candidate_id: C1639) for: resume_006_Kavya_Patel.pdf
[2026-08-20T17:19:23.228Z] [INFO] Saved extraction record to Supabase with ID 670 (candidate_id: C1638) for: resume_005_Karan_Patel.pdf
[2026-08-20T17:19:23.227Z] [INFO] Cleaned up temporary file: E:\Srinivas\PDF\PDF\uploads\documents-1787246360387-19007404.pdf
[2026-08-20T17:19:23.230Z] [INFO] Saved extraction record to Supabase with ID 668 (candidate_id: C1640) for: resume_007_Arjun_Nair.pdf
[2026-08-20T17:19:23.228Z] [INFO] Cleaned up temporary file: E:\Srinivas\PDF\PDF\uploads\documents-1787246360386-212726182.pdf
[2026-08-20T17:19:23.230Z] [INFO] Cleaned up temporary file: E:\Srinivas\PDF\PDF\uploads\documents-1787246360387-129035601.pdf
[2026-08-20T17:19:23.231Z] [INFO] Saved extraction record to Supabase with ID 669 (candidate_id: C1646) for: resume_013_Sneha_Gupta.pdf
[2026-08-20T17:19:23.232Z] [INFO] Cleaned up temporary file: E:\Srinivas\PDF\PDF\uploads\documents-1787246360402-459865127.pdf
[2026-08-20T17:19:23.236Z] [INFO] Saved extraction record to Supabase with ID 671 (candidate_id: C1636) for: resume_003_Neha_Shah.pdf
[2026-08-20T17:19:23.237Z] [INFO] Cleaned up temporary file: E:\Srinivas\PDF\PDF\uploads\documents-1787246360385-127802082.pdf
[2026-08-20T17:19:23.238Z] [INFO] Saved extraction record to Supabase with ID 672 (candidate_id: C1641) for: resume_008_Neha_Kulkarni.pdf
[2026-08-20T17:19:23.238Z] [INFO] Cleaned up temporary file: E:\Srinivas\PDF\PDF\uploads\documents-1787246360388-165181525.pdf
[2026-08-20T17:19:23.324Z] [INFO] Saved extraction record to Supabase with ID 673 (candidate_id: C1643) for: resume_010_Meera_Deshmukh.pdf
[2026-08-20T17:19:23.325Z] [INFO] Cleaned up temporary file: E:\Srinivas\PDF\PDF\uploads\documents-1787246360401-809703507.pdf
[2026-08-20T17:19:23.341Z] [INFO] Saved extraction record to Supabase with ID 674 (candidate_id: C1647) for: resume_014_Aarav_Deshmukh.pdf
[2026-08-20T17:19:23.342Z] [INFO] Cleaned up temporary file: E:\Srinivas\PDF\PDF\uploads\documents-1787246360402-383613141.pdf
[2026-08-20T17:19:23.346Z] [INFO] Saved extraction record to Supabase with ID 675 (candidate_id: C1650) for: resume_017_Nikhil_Gupta.pdf
[2026-08-20T17:19:23.347Z] [INFO] Cleaned up temporary file: E:\Srinivas\PDF\PDF\uploads\documents-1787246360403-803557002.pdf
[2026-08-20T17:19:30.511Z] [INFO] Sending 20 document(s) to webhook as a single payload...
[2026-08-20T17:19:30.515Z] [INFO] Sending payload to webhook: https://sakshi654.app.n8n.cloud/webhook-test/e601a6d1-9dbf-4b9d-b2bb-69c6dec0bd45 (Attempt 1/3)
[2026-08-20T17:19:31.553Z] [INFO] Webhook successfully delivered on attempt 1. Status: 200
[2026-08-20T17:20:21.495Z] [INFO] Performing magic-number verification for: resume_001_Ananya_Sharma.pdf
[2026-08-20T17:20:21.496Z] [INFO] Performing magic-number verification for: resume_002_Priya_Sharma.pdf
[2026-08-20T17:20:21.504Z] [INFO] Performing magic-number verification for: resume_003_Neha_Shah.pdf
[2026-08-20T17:20:21.508Z] [INFO] Performing magic-number verification for: resume_004_Aditya_Patel.pdf
[2026-08-20T17:20:21.512Z] [INFO] Performing magic-number verification for: resume_005_Karan_Patel.pdf
[2026-08-20T17:20:21.515Z] [INFO] Performing magic-number verification for: resume_006_Kavya_Patel.pdf
[2026-08-20T17:20:21.516Z] [INFO] Performing magic-number verification for: resume_007_Arjun_Nair.pdf
[2026-08-20T17:20:21.528Z] [INFO] Performing magic-number verification for: resume_008_Neha_Kulkarni.pdf
[2026-08-20T17:20:21.529Z] [INFO] Performing magic-number verification for: resume_009_Vikram_Kulkarni.pdf
[2026-08-20T17:20:21.530Z] [INFO] Performing magic-number verification for: resume_010_Meera_Deshmukh.pdf
[2026-08-20T17:20:21.531Z] [INFO] Performing magic-number verification for: resume_011_Sneha_Reddy.pdf
[2026-08-20T17:20:21.532Z] [INFO] Performing magic-number verification for: resume_012_Ananya_Kulkarni.pdf
[2026-08-20T17:20:21.541Z] [INFO] Performing magic-number verification for: resume_013_Sneha_Gupta.pdf
[2026-08-20T17:20:21.543Z] [INFO] Performing magic-number verification for: resume_014_Aarav_Deshmukh.pdf
[2026-08-20T17:20:21.545Z] [INFO] Performing magic-number verification for: resume_015_Rahul_Nair.pdf
[2026-08-20T17:20:21.546Z] [INFO] Performing magic-number verification for: resume_016_Arjun_Gupta.pdf
[2026-08-20T17:20:21.547Z] [INFO] Performing magic-number verification for: resume_017_Nikhil_Gupta.pdf
[2026-08-20T17:20:21.548Z] [INFO] Performing magic-number verification for: resume_018_Aarav_Patel.pdf
[2026-08-20T17:20:21.549Z] [INFO] Performing magic-number verification for: resume_019_Vikram_Gupta.pdf
[2026-08-20T17:20:21.560Z] [INFO] Performing magic-number verification for: resume_020_Meera_Singh.pdf
[2026-08-20T17:20:21.562Z] [INFO] Performing magic-number verification for: resume_021_Aditya_Reddy.pdf
[2026-08-20T17:20:21.563Z] [INFO] Performing magic-number verification for: resume_022_Neha_Mishra.pdf
[2026-08-20T17:20:21.564Z] [INFO] Performing magic-number verification for: resume_023_Sneha_Joshi.pdf
[2026-08-20T17:20:21.565Z] [INFO] Performing magic-number verification for: resume_024_Arjun_Reddy.pdf
[2026-08-20T17:20:21.576Z] [INFO] Performing magic-number verification for: resume_025_Vikram_Sharma.pdf
[2026-08-20T17:20:21.578Z] [INFO] Performing magic-number verification for: resume_026_Priya_Gupta.pdf
[2026-08-20T17:20:21.579Z] [INFO] Performing magic-number verification for: resume_027_Priya_Deshmukh.pdf
[2026-08-20T17:20:21.580Z] [INFO] Performing magic-number verification for: resume_028_Neha_Kumar.pdf
[2026-08-20T17:20:21.581Z] [INFO] Performing magic-number verification for: resume_029_Rahul_Gupta.pdf
[2026-08-20T17:20:21.581Z] [INFO] Performing magic-number verification for: resume_030_Kavya_Deshmukh.pdf
[2026-08-20T17:20:21.582Z] [INFO] Performing magic-number verification for: resume_031_Arjun_Patel.pdf
[2026-08-20T17:20:21.589Z] [INFO] Performing magic-number verification for: resume_032_Arjun_Gupta.pdf
[2026-08-20T17:20:21.591Z] [INFO] Performing magic-number verification for: resume_033_Arjun_Verma.pdf
[2026-08-20T17:20:21.592Z] [INFO] Performing magic-number verification for: resume_034_Priya_Mishra.pdf
[2026-08-20T17:20:21.593Z] [INFO] Performing magic-number verification for: resume_035_Pooja_Mehta.pdf
[2026-08-20T17:20:21.594Z] [INFO] Performing magic-number verification for: resume_036_Sneha_Reddy.pdf
[2026-08-20T17:20:21.596Z] [INFO] Performing magic-number verification for: resume_037_Sneha_Reddy.pdf
[2026-08-20T17:20:21.596Z] [INFO] Performing magic-number verification for: resume_038_Neha_Sharma.pdf
[2026-08-20T17:20:21.597Z] [INFO] Performing magic-number verification for: resume_039_Aarav_Patel.pdf
[2026-08-20T17:20:21.597Z] [INFO] Performing magic-number verification for: resume_040_Meera_Deshmukh.pdf
[2026-08-20T17:20:21.598Z] [INFO] Performing magic-number verification for: resume_041_Pooja_Joshi.pdf
[2026-08-20T17:20:21.599Z] [INFO] Performing magic-number verification for: resume_042_Meera_Singh.pdf
[2026-08-20T17:20:21.604Z] [INFO] Performing magic-number verification for: resume_043_Kavya_Joshi.pdf
[2026-08-20T17:20:21.605Z] [INFO] Performing magic-number verification for: resume_044_Nikhil_Shah.pdf
[2026-08-20T17:20:21.606Z] [INFO] Performing magic-number verification for: resume_045_Rahul_Mishra.pdf
[2026-08-20T17:20:21.608Z] [INFO] Performing magic-number verification for: resume_046_Rahul_Shah.pdf
[2026-08-20T17:20:21.609Z] [INFO] Performing magic-number verification for: resume_047_Ananya_Reddy.pdf
[2026-08-20T17:20:21.610Z] [INFO] Performing magic-number verification for: resume_048_Nikhil_Verma.pdf
[2026-08-20T17:20:21.612Z] [INFO] Performing magic-number verification for: resume_049_Nikhil_Verma.pdf
[2026-08-20T17:20:21.613Z] [INFO] Performing magic-number verification for: resume_050_Arjun_Shah.pdf
[2026-08-20T17:20:21.614Z] [INFO] Performing magic-number verification for: resume_051_Neha_Joshi.pdf
[2026-08-20T17:20:21.614Z] [INFO] Performing magic-number verification for: resume_052_Vikram_Mishra.pdf
[2026-08-20T17:20:21.615Z] [INFO] Performing magic-number verification for: resume_053_Kavya_Reddy.pdf
[2026-08-20T17:20:21.616Z] [INFO] Performing magic-number verification for: resume_054_Isha_Sharma.pdf
[2026-08-20T17:20:21.623Z] [INFO] Performing magic-number verification for: resume_055_Karan_Deshmukh.pdf
[2026-08-20T17:20:21.626Z] [INFO] Performing magic-number verification for: resume_056_Karan_Singh.pdf
[2026-08-20T17:20:21.628Z] [INFO] Performing magic-number verification for: resume_057_Aarav_Nair.pdf
[2026-08-20T17:20:21.631Z] [INFO] Performing magic-number verification for: resume_058_Vikram_Mishra.pdf
[2026-08-20T17:20:21.632Z] [INFO] Performing magic-number verification for: resume_059_Nikhil_Nair.pdf
[2026-08-20T17:20:21.638Z] [INFO] Performing magic-number verification for: resume_060_Kavya_Patel.pdf
[2026-08-20T17:20:21.641Z] [INFO] Performing magic-number verification for: resume_061_Ananya_Nair.pdf
[2026-08-20T17:20:21.642Z] [INFO] Performing magic-number verification for: resume_062_Rahul_Gupta.pdf
[2026-08-20T17:20:21.643Z] [INFO] Performing magic-number verification for: resume_063_Rohan_Joshi.pdf
[2026-08-20T17:20:21.645Z] [INFO] Performing magic-number verification for: resume_064_Aditya_Mishra.pdf
[2026-08-20T17:20:21.646Z] [INFO] Performing magic-number verification for: resume_065_Aarav_Shah.pdf
[2026-08-20T17:20:21.646Z] [INFO] Performing magic-number verification for: resume_066_Aarav_Gupta.pdf
[2026-08-20T17:20:21.647Z] [INFO] Performing magic-number verification for: resume_067_Nikhil_Reddy.pdf
[2026-08-20T17:20:21.647Z] [INFO] Performing magic-number verification for: resume_068_Isha_Gupta.pdf
[2026-08-20T17:20:21.647Z] [INFO] Performing magic-number verification for: resume_069_Arjun_Mehta.pdf
[2026-08-20T17:20:21.648Z] [INFO] Performing magic-number verification for: resume_070_Isha_Kumar.pdf
[2026-08-20T17:20:21.649Z] [INFO] Performing magic-number verification for: resume_071_Aarav_Nair.pdf
[2026-08-20T17:20:21.649Z] [INFO] Performing magic-number verification for: resume_072_Ananya_Mishra.pdf
[2026-08-20T17:20:21.657Z] [INFO] Performing magic-number verification for: resume_073_Isha_Patel.pdf
[2026-08-20T17:20:21.659Z] [INFO] Performing magic-number verification for: resume_074_Rahul_Mehta.pdf
[2026-08-20T17:20:21.660Z] [INFO] Performing magic-number verification for: resume_075_Kavya_Mishra.pdf
[2026-08-20T17:20:21.661Z] [INFO] Performing magic-number verification for: resume_076_Vikram_Kumar.pdf
[2026-08-20T17:20:21.661Z] [INFO] Performing magic-number verification for: resume_077_Kavya_Sharma.pdf
[2026-08-20T17:20:21.662Z] [INFO] Performing magic-number verification for: resume_078_Meera_Patel.pdf
[2026-08-20T17:20:21.664Z] [INFO] Performing magic-number verification for: resume_079_Kavya_Shah.pdf
[2026-08-20T17:20:21.665Z] [INFO] Performing magic-number verification for: resume_080_Priya_Joshi.pdf
[2026-08-20T17:20:21.666Z] [INFO] Performing magic-number verification for: resume_081_Arjun_Deshmukh.pdf
[2026-08-20T17:20:21.672Z] [INFO] Performing magic-number verification for: resume_082_Isha_Patel.pdf
[2026-08-20T17:20:21.674Z] [INFO] Performing magic-number verification for: resume_083_Kavya_Kulkarni.pdf
[2026-08-20T17:20:21.676Z] [INFO] Performing magic-number verification for: resume_084_Aarav_Kulkarni.pdf
[2026-08-20T17:20:21.677Z] [INFO] Performing magic-number verification for: resume_085_Priya_Mehta.pdf
[2026-08-20T17:20:21.680Z] [INFO] Performing magic-number verification for: resume_086_Sneha_Kumar.pdf
[2026-08-20T17:20:21.682Z] [INFO] Performing magic-number verification for: resume_087_Isha_Nair.pdf
[2026-08-20T17:20:21.682Z] [INFO] Performing magic-number verification for: resume_088_Karan_Mehta.pdf
[2026-08-20T17:20:21.692Z] [INFO] Performing magic-number verification for: resume_089_Aarav_Kumar.pdf
[2026-08-20T17:20:21.693Z] [INFO] Performing magic-number verification for: resume_090_Karan_Shah.pdf
[2026-08-20T17:20:21.694Z] [INFO] Performing magic-number verification for: resume_091_Karan_Joshi.pdf
[2026-08-20T17:20:21.695Z] [INFO] Performing magic-number verification for: resume_092_Ananya_Gupta.pdf
[2026-08-20T17:20:21.696Z] [INFO] Performing magic-number verification for: resume_093_Aditya_Deshmukh.pdf
[2026-08-20T17:20:21.697Z] [INFO] Performing magic-number verification for: resume_094_Priya_Deshmukh.pdf
[2026-08-20T17:20:21.698Z] [INFO] Performing magic-number verification for: resume_095_Ananya_Shah.pdf
[2026-08-20T17:20:21.707Z] [INFO] Performing magic-number verification for: resume_096_Rohan_Mehta.pdf
[2026-08-20T17:20:21.709Z] [INFO] Performing magic-number verification for: resume_097_Neha_Shah.pdf
[2026-08-20T17:20:21.711Z] [INFO] Performing magic-number verification for: resume_098_Kavya_Kulkarni.pdf
[2026-08-20T17:20:21.711Z] [INFO] Performing magic-number verification for: resume_099_Nikhil_Mishra.pdf
[2026-08-20T17:20:21.712Z] [INFO] Performing magic-number verification for: resume_100_Kavya_Sharma.pdf
[2026-08-20T17:20:21.713Z] [INFO] Performing magic-number verification for: resume_101_Neha_Deshmukh.pdf
[2026-08-20T17:20:21.714Z] [INFO] Performing magic-number verification for: resume_102_Ananya_Kulkarni.pdf
[2026-08-20T17:20:21.714Z] [INFO] Performing magic-number verification for: resume_103_Aditya_Nair.pdf
[2026-08-20T17:20:21.715Z] [INFO] Performing magic-number verification for: resume_104_Arjun_Mishra.pdf
[2026-08-20T17:20:21.715Z] [INFO] Performing magic-number verification for: resume_105_Karan_Mishra.pdf
[2026-08-20T17:20:21.716Z] [INFO] Performing magic-number verification for: resume_106_Arjun_Deshmukh.pdf
[2026-08-20T17:20:21.722Z] [INFO] Performing magic-number verification for: resume_107_Neha_Kulkarni.pdf
[2026-08-20T17:20:21.724Z] [INFO] Performing magic-number verification for: resume_108_Kavya_Shah.pdf
[2026-08-20T17:20:21.726Z] [INFO] Performing magic-number verification for: resume_109_Rohan_Joshi.pdf
[2026-08-20T17:20:21.727Z] [INFO] Performing magic-number verification for: resume_110_Neha_Mishra.pdf
[2026-08-20T17:20:21.727Z] [INFO] Performing magic-number verification for: resume_111_Ananya_Mishra.pdf
[2026-08-20T17:20:21.728Z] [INFO] Performing magic-number verification for: resume_112_Neha_Verma.pdf
[2026-08-20T17:20:21.729Z] [INFO] Performing magic-number verification for: resume_113_Aditya_Reddy.pdf
[2026-08-20T17:20:21.730Z] [INFO] Performing magic-number verification for: resume_114_Aarav_Verma.pdf
[2026-08-20T17:20:21.730Z] [INFO] Performing magic-number verification for: resume_115_Ananya_Nair.pdf
[2026-08-20T17:20:21.731Z] [INFO] Performing magic-number verification for: resume_116_Priya_Nair.pdf
[2026-08-20T17:20:21.731Z] [INFO] Performing magic-number verification for: resume_117_Isha_Nair.pdf
[2026-08-20T17:20:21.732Z] [INFO] Performing magic-number verification for: resume_118_Karan_Deshmukh.pdf
[2026-08-20T17:20:21.732Z] [INFO] Performing magic-number verification for: resume_119_Meera_Shah.pdf
[2026-08-20T17:20:21.738Z] [INFO] Performing magic-number verification for: resume_120_Aditya_Kulkarni.pdf
[2026-08-20T17:20:21.746Z] [INFO] Magic-number check passed for resume_001_Ananya_Sharma.pdf. Detected: pdf
[2026-08-20T17:20:21.747Z] [INFO] Starting text extraction for type: pdf
[2026-08-20T17:20:21.757Z] [WARN] qpdf repair skipped for E:\Srinivas\PDF\PDF\uploads\documents-1787246420034-665434282.pdf: spawnSync qpdf ENOENT
[2026-08-20T17:20:21.778Z] [INFO] Extraction complete: 1045 characters, 1 pages, email: ananya.sharma1@example.com
[2026-08-20T17:20:21.781Z] [INFO] Magic-number check passed for resume_003_Neha_Shah.pdf. Detected: pdf
[2026-08-20T17:20:21.781Z] [INFO] Starting text extraction for type: pdf
[2026-08-20T17:20:21.791Z] [WARN] qpdf repair skipped for E:\Srinivas\PDF\PDF\uploads\documents-1787246420035-141309005.pdf: spawnSync qpdf ENOENT
[2026-08-20T17:20:21.810Z] [INFO] Extraction complete: 1065 characters, 1 pages, email: neha.shah3@example.com
[2026-08-20T17:20:21.812Z] [INFO] Magic-number check passed for resume_004_Aditya_Patel.pdf. Detected: pdf
[2026-08-20T17:20:21.813Z] [INFO] Starting text extraction for type: pdf
[2026-08-20T17:20:21.816Z] [WARN] qpdf repair skipped for E:\Srinivas\PDF\PDF\uploads\documents-1787246420035-812418191.pdf: spawnSync qpdf ENOENT
[2026-08-20T17:20:21.832Z] [INFO] Extraction complete: 1092 characters, 1 pages, email: aditya.patel4@example.com
[2026-08-20T17:20:21.839Z] [INFO] Magic-number check passed for resume_005_Karan_Patel.pdf. Detected: pdf
[2026-08-20T17:20:21.841Z] [INFO] Starting text extraction for type: pdf
[2026-08-20T17:20:21.845Z] [WARN] qpdf repair skipped for E:\Srinivas\PDF\PDF\uploads\documents-1787246420035-355466329.pdf: spawnSync qpdf ENOENT
[2026-08-20T17:20:21.862Z] [INFO] Extraction complete: 1092 characters, 1 pages, email: aditya.patel4@example.com
[2026-08-20T17:20:21.864Z] [INFO] Magic-number check passed for resume_006_Kavya_Patel.pdf. Detected: pdf
[2026-08-20T17:20:21.865Z] [INFO] Starting text extraction for type: pdf
[2026-08-20T17:20:21.876Z] [WARN] pdf-parse failed for E:\Srinivas\PDF\PDF\uploads\documents-1787246420035-238628466.pdf (bad XRef entry). Falling back to pdfjs-dist...
[2026-08-20T17:20:21.874Z] [WARN] qpdf repair skipped for E:\Srinivas\PDF\PDF\uploads\documents-1787246420035-238628466.pdf: spawnSync qpdf ENOENT
[2026-08-20T17:20:21.880Z] [INFO] Magic-number check passed for resume_007_Arjun_Nair.pdf. Detected: pdf
[2026-08-20T17:20:21.881Z] [INFO] Starting text extraction for type: pdf
[2026-08-20T17:20:21.890Z] [WARN] qpdf repair skipped for E:\Srinivas\PDF\PDF\uploads\documents-1787246420036-459631094.pdf: spawnSync qpdf ENOENT
[2026-08-20T17:20:21.901Z] [INFO] Extraction complete: 1082 characters, 1 pages, email: arjun.nair7@example.com
[2026-08-20T17:20:21.905Z] [INFO] Magic-number check passed for resume_008_Neha_Kulkarni.pdf. Detected: pdf
[2026-08-20T17:20:21.906Z] [INFO] Starting text extraction for type: pdf
[2026-08-20T17:20:21.912Z] [WARN] qpdf repair skipped for E:\Srinivas\PDF\PDF\uploads\documents-1787246420036-100250163.pdf: spawnSync qpdf ENOENT
[2026-08-20T17:20:21.930Z] [INFO] Extraction complete: 1080 characters, 1 pages, email: neha.kulkarni8@example.com
[2026-08-20T17:20:21.931Z] [INFO] Magic-number check passed for resume_009_Vikram_Kulkarni.pdf. Detected: pdf
[2026-08-20T17:20:21.932Z] [INFO] Starting text extraction for type: pdf
[2026-08-20T17:20:21.941Z] [WARN] qpdf repair skipped for E:\Srinivas\PDF\PDF\uploads\documents-1787246420036-845753396.pdf: spawnSync qpdf ENOENT
[2026-08-20T17:20:21.949Z] [INFO] Extraction complete: 1080 characters, 1 pages, email: neha.kulkarni8@example.com
[2026-08-20T17:20:21.957Z] [INFO] Starting text extraction for type: pdf
[2026-08-20T17:20:21.955Z] [INFO] Magic-number check passed for resume_010_Meera_Deshmukh.pdf. Detected: pdf
[2026-08-20T17:20:21.962Z] [WARN] qpdf repair skipped for E:\Srinivas\PDF\PDF\uploads\documents-1787246420036-943248652.pdf: spawnSync qpdf ENOENT
[2026-08-20T17:20:21.963Z] [WARN] pdf-parse failed for E:\Srinivas\PDF\PDF\uploads\documents-1787246420036-943248652.pdf (bad XRef entry). Falling back to pdfjs-dist...
[2026-08-20T17:20:21.969Z] [INFO] Magic-number check passed for resume_011_Sneha_Reddy.pdf. Detected: pdf
[2026-08-20T17:20:21.972Z] [INFO] Starting text extraction for type: pdf
[2026-08-20T17:20:21.977Z] [WARN] qpdf repair skipped for E:\Srinivas\PDF\PDF\uploads\documents-1787246420036-355042392.pdf: spawnSync qpdf ENOENT
[2026-08-20T17:20:21.995Z] [INFO] Extraction complete: 1032 characters, 1 pages, email: sneha.reddy11@example.com
[2026-08-20T17:20:21.996Z] [INFO] Magic-number check passed for resume_012_Ananya_Kulkarni.pdf. Detected: pdf
[2026-08-20T17:20:22.006Z] [WARN] qpdf repair skipped for E:\Srinivas\PDF\PDF\uploads\documents-1787246420036-767227773.pdf: spawnSync qpdf ENOENT
[2026-08-20T17:20:22.014Z] [INFO] Extraction complete: 1086 characters, 1 pages, email: ananya.kulkarni12@example.com
[2026-08-20T17:20:21.997Z] [INFO] Starting text extraction for type: pdf
[2026-08-20T17:20:22.015Z] [INFO] Magic-number check passed for resume_013_Sneha_Gupta.pdf. Detected: pdf
[2026-08-20T17:20:22.020Z] [INFO] Starting text extraction for type: pdf
[2026-08-20T17:20:22.025Z] [WARN] qpdf repair skipped for E:\Srinivas\PDF\PDF\uploads\documents-1787246420036-720005324.pdf: spawnSync qpdf ENOENT
[2026-08-20T17:20:22.032Z] [INFO] Extraction complete: 1086 characters, 1 pages, email: ananya.kulkarni12@example.com
[2026-08-20T17:20:22.036Z] [INFO] Magic-number check passed for resume_014_Aarav_Deshmukh.pdf. Detected: pdf
[2026-08-20T17:20:22.039Z] [INFO] Starting text extraction for type: pdf
[2026-08-20T17:20:22.044Z] [WARN] qpdf repair skipped for E:\Srinivas\PDF\PDF\uploads\documents-1787246420037-635602935.pdf: spawnSync qpdf ENOENT
[2026-08-20T17:20:22.045Z] [WARN] pdf-parse failed for E:\Srinivas\PDF\PDF\uploads\documents-1787246420037-635602935.pdf (bad XRef entry). Falling back to pdfjs-dist...
[2026-08-20T17:20:22.048Z] [INFO] Magic-number check passed for resume_015_Rahul_Nair.pdf. Detected: pdf
[2026-08-20T17:20:22.060Z] [WARN] qpdf repair skipped for E:\Srinivas\PDF\PDF\uploads\documents-1787246420040-856561870.pdf: spawnSync qpdf ENOENT
[2026-08-20T17:20:22.074Z] [INFO] Extraction complete: 1034 characters, 1 pages, email: rahul.nair15@example.com
[2026-08-20T17:20:22.048Z] [INFO] Starting text extraction for type: pdf
[2026-08-20T17:20:22.075Z] [INFO] Magic-number check passed for resume_016_Arjun_Gupta.pdf. Detected: pdf
[2026-08-20T17:20:22.076Z] [INFO] Starting text extraction for type: pdf
[2026-08-20T17:20:22.093Z] [INFO] Extraction complete: 1090 characters, 1 pages, email: arjun.gupta16@example.com
[2026-08-20T17:20:22.079Z] [WARN] qpdf repair skipped for E:\Srinivas\PDF\PDF\uploads\documents-1787246420040-257443573.pdf: spawnSync qpdf ENOENT
[2026-08-20T17:20:22.094Z] [INFO] Magic-number check passed for resume_017_Nikhil_Gupta.pdf. Detected: pdf
[2026-08-20T17:20:22.094Z] [INFO] Starting text extraction for type: pdf
[2026-08-20T17:20:22.097Z] [WARN] qpdf repair skipped for E:\Srinivas\PDF\PDF\uploads\documents-1787246420040-107514203.pdf: spawnSync qpdf ENOENT
[2026-08-20T17:20:22.112Z] [INFO] Extraction complete: 1090 characters, 1 pages, email: arjun.gupta16@example.com
[2026-08-20T17:20:22.112Z] [INFO] Magic-number check passed for resume_018_Aarav_Patel.pdf. Detected: pdf
[2026-08-20T17:20:22.121Z] [WARN] qpdf repair skipped for E:\Srinivas\PDF\PDF\uploads\documents-1787246420040-749595749.pdf: spawnSync qpdf ENOENT
[2026-08-20T17:20:22.113Z] [INFO] Starting text extraction for type: pdf
[2026-08-20T17:20:22.124Z] [WARN] pdf-parse failed for E:\Srinivas\PDF\PDF\uploads\documents-1787246420040-749595749.pdf (bad XRef entry). Falling back to pdfjs-dist...
[2026-08-20T17:20:22.128Z] [INFO] Magic-number check passed for resume_002_Priya_Sharma.pdf. Detected: pdf
[2026-08-20T17:20:22.128Z] [INFO] Starting text extraction for type: pdf
[2026-08-20T17:20:22.132Z] [WARN] qpdf repair skipped for E:\Srinivas\PDF\PDF\uploads\documents-1787246420035-343654506.pdf: spawnSync qpdf ENOENT
[2026-08-20T17:20:22.145Z] [INFO] Extraction complete: 1085 characters, 1 pages, email: priya.sharma2@example.com
[2026-08-20T17:20:22.145Z] [INFO] Magic-number check passed for resume_019_Vikram_Gupta.pdf. Detected: pdf
[2026-08-20T17:20:22.148Z] [WARN] qpdf repair skipped for E:\Srinivas\PDF\PDF\uploads\documents-1787246420040-149217189.pdf: spawnSync qpdf ENOENT
[2026-08-20T17:20:22.145Z] [INFO] Starting text extraction for type: pdf
[2026-08-20T17:20:22.162Z] [INFO] Extraction complete: 1062 characters, 1 pages, email: vikram.gupta19@example.com
[2026-08-20T17:20:22.163Z] [INFO] Magic-number check passed for resume_020_Meera_Singh.pdf. Detected: pdf
[2026-08-20T17:20:22.164Z] [INFO] Starting text extraction for type: pdf
[2026-08-20T17:20:22.172Z] [WARN] qpdf repair skipped for E:\Srinivas\PDF\PDF\uploads\documents-1787246420040-595901967.pdf: spawnSync qpdf ENOENT
[2026-08-20T17:20:22.180Z] [INFO] Extraction complete: 1062 characters, 1 pages, email: vikram.gupta19@example.com
[2026-08-20T17:20:22.180Z] [INFO] Magic-number check passed for resume_021_Aditya_Reddy.pdf. Detected: pdf
[2026-08-20T17:20:22.181Z] [INFO] Starting text extraction for type: pdf
[2026-08-20T17:20:22.191Z] [WARN] qpdf repair skipped for E:\Srinivas\PDF\PDF\uploads\documents-1787246420040-114515977.pdf: spawnSync qpdf ENOENT
[2026-08-20T17:20:22.194Z] [WARN] pdf-parse failed for E:\Srinivas\PDF\PDF\uploads\documents-1787246420040-114515977.pdf (bad XRef entry). Falling back to pdfjs-dist...
[2026-08-20T17:20:22.196Z] [INFO] Magic-number check passed for resume_022_Neha_Mishra.pdf. Detected: pdf
[2026-08-20T17:20:22.196Z] [INFO] Starting text extraction for type: pdf
[2026-08-20T17:20:22.203Z] [WARN] qpdf repair skipped for E:\Srinivas\PDF\PDF\uploads\documents-1787246420040-943591053.pdf: spawnSync qpdf ENOENT
[2026-08-20T17:20:22.214Z] [INFO] Extraction complete: 1082 characters, 1 pages, email: neha.mishra22@example.com
[2026-08-20T17:20:22.227Z] [WARN] qpdf repair skipped for E:\Srinivas\PDF\PDF\uploads\documents-1787246420041-352459158.pdf: spawnSync qpdf ENOENT
[2026-08-20T17:20:22.215Z] [INFO] Magic-number check passed for resume_023_Sneha_Joshi.pdf. Detected: pdf
[2026-08-20T17:20:22.215Z] [INFO] Starting text extraction for type: pdf
[2026-08-20T17:20:22.240Z] [INFO] Extraction complete: 1047 characters, 1 pages, email: sneha.joshi23@example.com
[2026-08-20T17:20:22.241Z] [INFO] Magic-number check passed for resume_024_Arjun_Reddy.pdf. Detected: pdf
[2026-08-20T17:20:22.244Z] [INFO] Starting text extraction for type: pdf
[2026-08-20T17:20:22.247Z] [WARN] qpdf repair skipped for E:\Srinivas\PDF\PDF\uploads\documents-1787246420041-456955775.pdf: spawnSync qpdf ENOENT
[2026-08-20T17:20:22.263Z] [INFO] Extraction complete: 1047 characters, 1 pages, email: sneha.joshi23@example.com
[2026-08-20T17:20:22.263Z] [INFO] Magic-number check passed for resume_025_Vikram_Sharma.pdf. Detected: pdf
[2026-08-20T17:20:22.264Z] [INFO] Starting text extraction for type: pdf
[2026-08-20T17:20:22.272Z] [WARN] qpdf repair skipped for E:\Srinivas\PDF\PDF\uploads\documents-1787246420041-256062917.pdf: spawnSync qpdf ENOENT
[2026-08-20T17:20:22.274Z] [WARN] pdf-parse failed for E:\Srinivas\PDF\PDF\uploads\documents-1787246420041-256062917.pdf (bad XRef entry). Falling back to pdfjs-dist...
[2026-08-20T17:20:22.278Z] [INFO] Magic-number check passed for resume_026_Priya_Gupta.pdf. Detected: pdf
[2026-08-20T17:20:22.279Z] [INFO] Starting text extraction for type: pdf
[2026-08-20T17:20:22.287Z] [WARN] qpdf repair skipped for E:\Srinivas\PDF\PDF\uploads\documents-1787246420041-586347775.pdf: spawnSync qpdf ENOENT
[2026-08-20T17:20:22.296Z] [INFO] Extraction complete: 1082 characters, 1 pages, email: priya.gupta26@example.com
[2026-08-20T17:20:22.298Z] [INFO] Starting text extraction for type: pdf
[2026-08-20T17:20:22.297Z] [INFO] Magic-number check passed for resume_027_Priya_Deshmukh.pdf. Detected: pdf
[2026-08-20T17:20:22.305Z] [WARN] qpdf repair skipped for E:\Srinivas\PDF\PDF\uploads\documents-1787246420041-887034560.pdf: spawnSync qpdf ENOENT
[2026-08-20T17:20:22.313Z] [INFO] Extraction complete: 1108 characters, 1 pages, email: priya.deshmukh27@example.com
[2026-08-20T17:20:22.314Z] [INFO] Magic-number check passed for resume_028_Neha_Kumar.pdf. Detected: pdf
[2026-08-20T17:20:22.314Z] [INFO] Starting text extraction for type: pdf
[2026-08-20T17:20:22.322Z] [WARN] qpdf repair skipped for E:\Srinivas\PDF\PDF\uploads\documents-1787246420041-840794996.pdf: spawnSync qpdf ENOENT
[2026-08-20T17:20:22.332Z] [INFO] Extraction complete: 1108 characters, 1 pages, email: priya.deshmukh27@example.com
[2026-08-20T17:20:22.340Z] [INFO] Magic-number check passed for resume_029_Rahul_Gupta.pdf. Detected: pdf
[2026-08-20T17:20:22.343Z] [INFO] Starting text extraction for type: pdf
[2026-08-20T17:20:22.348Z] [WARN] qpdf repair skipped for E:\Srinivas\PDF\PDF\uploads\documents-1787246420042-101103208.pdf: spawnSync qpdf ENOENT
[2026-08-20T17:20:22.353Z] [WARN] pdf-parse failed for E:\Srinivas\PDF\PDF\uploads\documents-1787246420042-101103208.pdf (bad XRef entry). Falling back to pdfjs-dist...
[2026-08-20T17:20:22.360Z] [INFO] Starting text extraction for type: pdf
[2026-08-20T17:20:22.360Z] [INFO] Magic-number check passed for resume_030_Kavya_Deshmukh.pdf. Detected: pdf
[2026-08-20T17:20:22.364Z] [WARN] qpdf repair skipped for E:\Srinivas\PDF\PDF\uploads\documents-1787246420042-616986433.pdf: spawnSync qpdf ENOENT
[2026-08-20T17:20:22.391Z] [INFO] Extraction complete: 1078 characters, 1 pages, email: kavya.deshmukh30@example.com
[2026-08-20T17:20:22.397Z] [INFO] Magic-number check passed for resume_031_Arjun_Patel.pdf. Detected: pdf
[2026-08-20T17:20:22.402Z] [INFO] Starting text extraction for type: pdf
[2026-08-20T17:20:22.406Z] [WARN] qpdf repair skipped for E:\Srinivas\PDF\PDF\uploads\documents-1787246420042-397217140.pdf: spawnSync qpdf ENOENT
[2026-08-20T17:20:22.413Z] [INFO] Starting text extraction for type: pdf
[2026-08-20T17:20:22.412Z] [INFO] Extraction complete: 1077 characters, 1 pages, email: arjun.patel31@example.com
[2026-08-20T17:20:22.419Z] [WARN] qpdf repair skipped for E:\Srinivas\PDF\PDF\uploads\documents-1787246420043-306477274.pdf: spawnSync qpdf ENOENT
[2026-08-20T17:20:22.432Z] [INFO] Magic-number check passed for resume_033_Arjun_Verma.pdf. Detected: pdf
[2026-08-20T17:20:22.413Z] [INFO] Magic-number check passed for resume_032_Arjun_Gupta.pdf. Detected: pdf
[2026-08-20T17:20:22.431Z] [INFO] Extraction complete: 1077 characters, 1 pages, email: arjun.patel31@example.com
[2026-08-20T17:20:22.442Z] [WARN] qpdf repair skipped for E:\Srinivas\PDF\PDF\uploads\documents-1787246420043-381713306.pdf: spawnSync qpdf ENOENT
[2026-08-20T17:20:22.444Z] [WARN] pdf-parse failed for E:\Srinivas\PDF\PDF\uploads\documents-1787246420043-381713306.pdf (bad XRef entry). Falling back to pdfjs-dist...
[2026-08-20T17:20:22.448Z] [INFO] Magic-number check passed for resume_034_Priya_Mishra.pdf. Detected: pdf
[2026-08-20T17:20:22.459Z] [WARN] qpdf repair skipped for E:\Srinivas\PDF\PDF\uploads\documents-1787246420043-553742961.pdf: spawnSync qpdf ENOENT
[2026-08-20T17:20:22.448Z] [INFO] Starting text extraction for type: pdf
[2026-08-20T17:20:22.466Z] [INFO] Extraction complete: 1070 characters, 1 pages, email: priya.mishra34@example.com
[2026-08-20T17:20:22.470Z] [INFO] Magic-number check passed for resume_035_Pooja_Mehta.pdf. Detected: pdf
[2026-08-20T17:20:22.471Z] [INFO] Starting text extraction for type: pdf
[2026-08-20T17:20:22.477Z] [WARN] qpdf repair skipped for E:\Srinivas\PDF\PDF\uploads\documents-1787246420043-938319577.pdf: spawnSync qpdf ENOENT
[2026-08-20T17:20:22.495Z] [INFO] Extraction complete: 1073 characters, 1 pages, email: pooja.mehta35@example.com
[2026-08-20T17:20:22.432Z] [INFO] Starting text extraction for type: pdf
[2026-08-20T17:20:22.495Z] [INFO] Magic-number check passed for resume_036_Sneha_Reddy.pdf. Detected: pdf
[2026-08-20T17:20:22.496Z] [INFO] Starting text extraction for type: pdf
[2026-08-20T17:20:22.503Z] [WARN] qpdf repair skipped for E:\Srinivas\PDF\PDF\uploads\documents-1787246420043-943257636.pdf: spawnSync qpdf ENOENT
[2026-08-20T17:20:22.513Z] [INFO] Extraction complete: 1073 characters, 1 pages, email: pooja.mehta35@example.com
[2026-08-20T17:20:22.513Z] [INFO] Magic-number check passed for resume_037_Sneha_Reddy.pdf. Detected: pdf
[2026-08-20T17:20:22.514Z] [INFO] Starting text extraction for type: pdf
[2026-08-20T17:20:22.522Z] [WARN] qpdf repair skipped for E:\Srinivas\PDF\PDF\uploads\documents-1787246420043-322499076.pdf: spawnSync qpdf ENOENT
[2026-08-20T17:20:22.524Z] [WARN] pdf-parse failed for E:\Srinivas\PDF\PDF\uploads\documents-1787246420043-322499076.pdf (bad XRef entry). Falling back to pdfjs-dist...
[2026-08-20T17:20:22.529Z] [INFO] Magic-number check passed for resume_038_Neha_Sharma.pdf. Detected: pdf
[2026-08-20T17:20:22.529Z] [INFO] Starting text extraction for type: pdf
[2026-08-20T17:20:22.536Z] [WARN] qpdf repair skipped for E:\Srinivas\PDF\PDF\uploads\documents-1787246420060-740526094.pdf: spawnSync qpdf ENOENT
[2026-08-20T17:20:22.546Z] [INFO] Extraction complete: 1086 characters, 1 pages, email: neha.sharma38@example.com
[2026-08-20T17:20:22.547Z] [INFO] Magic-number check passed for resume_039_Aarav_Patel.pdf. Detected: pdf
[2026-08-20T17:20:22.547Z] [INFO] Starting text extraction for type: pdf
[2026-08-20T17:20:22.552Z] [WARN] qpdf repair skipped for E:\Srinivas\PDF\PDF\uploads\documents-1787246420061-430804313.pdf: spawnSync qpdf ENOENT
[2026-08-20T17:20:22.564Z] [INFO] Extraction complete: 1050 characters, 1 pages, email: aarav.patel39@example.com
[2026-08-20T17:20:22.565Z] [INFO] Starting text extraction for type: pdf
[2026-08-20T17:20:22.565Z] [INFO] Magic-number check passed for resume_040_Meera_Deshmukh.pdf. Detected: pdf
[2026-08-20T17:20:22.573Z] [WARN] qpdf repair skipped for E:\Srinivas\PDF\PDF\uploads\documents-1787246420061-590065988.pdf: spawnSync qpdf ENOENT
[2026-08-20T17:20:22.581Z] [INFO] Magic-number check passed for resume_041_Pooja_Joshi.pdf. Detected: pdf
[2026-08-20T17:20:22.581Z] [INFO] Extraction complete: 1050 characters, 1 pages, email: aarav.patel39@example.com
[2026-08-20T17:20:22.592Z] [WARN] pdf-parse failed for E:\Srinivas\PDF\PDF\uploads\documents-1787246420061-931305777.pdf (bad XRef entry). Falling back to pdfjs-dist...
[2026-08-20T17:20:22.589Z] [WARN] qpdf repair skipped for E:\Srinivas\PDF\PDF\uploads\documents-1787246420061-931305777.pdf: spawnSync qpdf ENOENT
[2026-08-20T17:20:22.596Z] [INFO] Starting text extraction for type: pdf
[2026-08-20T17:20:22.596Z] [INFO] Magic-number check passed for resume_042_Meera_Singh.pdf. Detected: pdf
[2026-08-20T17:20:22.582Z] [INFO] Starting text extraction for type: pdf
[2026-08-20T17:20:22.612Z] [INFO] Extraction complete: 1029 characters, 1 pages, email: meera.singh42@example.com
[2026-08-20T17:20:22.599Z] [WARN] qpdf repair skipped for E:\Srinivas\PDF\PDF\uploads\documents-1787246420061-979136290.pdf: spawnSync qpdf ENOENT
[2026-08-20T17:20:22.620Z] [WARN] qpdf repair skipped for E:\Srinivas\PDF\PDF\uploads\documents-1787246420061-739913781.pdf: spawnSync qpdf ENOENT
[2026-08-20T17:20:22.614Z] [INFO] Starting text extraction for type: pdf
[2026-08-20T17:20:22.629Z] [INFO] Extraction complete: 1050 characters, 1 pages, email: kavya.joshi43@example.com
[2026-08-20T17:20:22.631Z] [INFO] Magic-number check passed for resume_044_Nikhil_Shah.pdf. Detected: pdf
[2026-08-20T17:20:22.631Z] [INFO] Starting text extraction for type: pdf
[2026-08-20T17:20:22.638Z] [WARN] qpdf repair skipped for E:\Srinivas\PDF\PDF\uploads\documents-1787246420110-549744701.pdf: spawnSync qpdf ENOENT
[2026-08-20T17:20:22.648Z] [INFO] Magic-number check passed for resume_045_Rahul_Mishra.pdf. Detected: pdf
[2026-08-20T17:20:22.613Z] [INFO] Magic-number check passed for resume_043_Kavya_Joshi.pdf. Detected: pdf
[2026-08-20T17:20:22.658Z] [WARN] qpdf repair skipped for E:\Srinivas\PDF\PDF\uploads\documents-1787246420113-523269856.pdf: spawnSync qpdf ENOENT
[2026-08-20T17:20:22.659Z] [WARN] pdf-parse failed for E:\Srinivas\PDF\PDF\uploads\documents-1787246420113-523269856.pdf (bad XRef entry). Falling back to pdfjs-dist...
[2026-08-20T17:20:22.647Z] [INFO] Extraction complete: 1050 characters, 1 pages, email: kavya.joshi43@example.com
[2026-08-20T17:20:22.664Z] [INFO] Starting text extraction for type: pdf
[2026-08-20T17:20:22.649Z] [INFO] Starting text extraction for type: pdf
[2026-08-20T17:20:22.663Z] [INFO] Magic-number check passed for resume_046_Rahul_Shah.pdf. Detected: pdf
[2026-08-20T17:20:22.691Z] [INFO] Extraction complete: 1032 characters, 1 pages, email: rahul.shah46@example.com
[2026-08-20T17:20:22.673Z] [WARN] qpdf repair skipped for E:\Srinivas\PDF\PDF\uploads\documents-1787246420113-871917586.pdf: spawnSync qpdf ENOENT
[2026-08-20T17:20:22.693Z] [INFO] Magic-number check passed for resume_047_Ananya_Reddy.pdf. Detected: pdf
[2026-08-20T17:20:22.693Z] [INFO] Starting text extraction for type: pdf
[2026-08-20T17:20:22.714Z] [INFO] Extraction complete: 1051 characters, 1 pages, email: ananya.reddy47@example.com
[2026-08-20T17:20:22.697Z] [WARN] qpdf repair skipped for E:\Srinivas\PDF\PDF\uploads\documents-1787246420114-452496786.pdf: spawnSync qpdf ENOENT
[2026-08-20T17:20:22.726Z] [WARN] qpdf repair skipped for E:\Srinivas\PDF\PDF\uploads\documents-1787246420114-346617574.pdf: spawnSync qpdf ENOENT
[2026-08-20T17:20:22.718Z] [INFO] Starting text extraction for type: pdf
[2026-08-20T17:20:22.736Z] [INFO] Extraction complete: 1051 characters, 1 pages, email: ananya.reddy47@example.com
[2026-08-20T17:20:22.715Z] [INFO] Magic-number check passed for resume_048_Nikhil_Verma.pdf. Detected: pdf
[2026-08-20T17:20:22.744Z] [INFO] Starting text extraction for type: pdf
[2026-08-20T17:20:22.751Z] [WARN] qpdf repair skipped for E:\Srinivas\PDF\PDF\uploads\documents-1787246420114-379932557.pdf: spawnSync qpdf ENOENT
[2026-08-20T17:20:22.756Z] [WARN] pdf-parse failed for E:\Srinivas\PDF\PDF\uploads\documents-1787246420114-379932557.pdf (bad XRef entry). Falling back to pdfjs-dist...
[2026-08-20T17:20:22.742Z] [INFO] Magic-number check passed for resume_049_Nikhil_Verma.pdf. Detected: pdf
[2026-08-20T17:20:22.765Z] [WARN] qpdf repair skipped for E:\Srinivas\PDF\PDF\uploads\documents-1787246420114-730350555.pdf: spawnSync qpdf ENOENT
[2026-08-20T17:20:22.781Z] [INFO] Extraction complete: 1067 characters, 1 pages, email: arjun.shah50@example.com
[2026-08-20T17:20:22.762Z] [INFO] Starting text extraction for type: pdf
[2026-08-20T17:20:22.781Z] [INFO] Magic-number check passed for resume_051_Neha_Joshi.pdf. Detected: pdf
[2026-08-20T17:20:22.790Z] [WARN] qpdf repair skipped for E:\Srinivas\PDF\PDF\uploads\documents-1787246420114-850530745.pdf: spawnSync qpdf ENOENT
[2026-08-20T17:20:22.797Z] [INFO] Extraction complete: 1047 characters, 1 pages, email: neha.joshi51@example.com
[2026-08-20T17:20:22.760Z] [INFO] Magic-number check passed for resume_050_Arjun_Shah.pdf. Detected: pdf
[2026-08-20T17:20:22.798Z] [INFO] Magic-number check passed for resume_052_Vikram_Mishra.pdf. Detected: pdf
[2026-08-20T17:20:22.808Z] [WARN] qpdf repair skipped for E:\Srinivas\PDF\PDF\uploads\documents-1787246420114-722080571.pdf: spawnSync qpdf ENOENT
[2026-08-20T17:20:22.819Z] [INFO] Extraction complete: 1047 characters, 1 pages, email: neha.joshi51@example.com
[2026-08-20T17:20:22.802Z] [INFO] Starting text extraction for type: pdf
[2026-08-20T17:20:22.821Z] [INFO] Magic-number check passed for resume_053_Kavya_Reddy.pdf. Detected: pdf
[2026-08-20T17:20:22.782Z] [INFO] Starting text extraction for type: pdf
[2026-08-20T17:20:22.829Z] [WARN] qpdf repair skipped for E:\Srinivas\PDF\PDF\uploads\documents-1787246420114-808159791.pdf: spawnSync qpdf ENOENT
[2026-08-20T17:20:22.830Z] [WARN] pdf-parse failed for E:\Srinivas\PDF\PDF\uploads\documents-1787246420114-808159791.pdf (bad XRef entry). Falling back to pdfjs-dist...
[2026-08-20T17:20:22.822Z] [INFO] Starting text extraction for type: pdf
[2026-08-20T17:20:22.835Z] [INFO] Magic-number check passed for resume_054_Isha_Sharma.pdf. Detected: pdf
[2026-08-20T17:20:22.835Z] [INFO] Starting text extraction for type: pdf
[2026-08-20T17:20:22.843Z] [WARN] qpdf repair skipped for E:\Srinivas\PDF\PDF\uploads\documents-1787246420114-151027598.pdf: spawnSync qpdf ENOENT
[2026-08-20T17:20:22.852Z] [INFO] Magic-number check passed for resume_055_Karan_Deshmukh.pdf. Detected: pdf
[2026-08-20T17:20:22.850Z] [INFO] Extraction complete: 1045 characters, 1 pages, email: isha.sharma54@example.com
[2026-08-20T17:20:22.860Z] [WARN] qpdf repair skipped for E:\Srinivas\PDF\PDF\uploads\documents-1787246420114-206132038.pdf: spawnSync qpdf ENOENT
[2026-08-20T17:20:22.869Z] [INFO] Extraction complete: 1098 characters, 1 pages, email: karan.deshmukh55@example.com
[2026-08-20T17:20:22.874Z] [INFO] Starting text extraction for type: pdf
[2026-08-20T17:20:22.871Z] [INFO] Magic-number check passed for resume_056_Karan_Singh.pdf. Detected: pdf
[2026-08-20T17:20:22.881Z] [WARN] qpdf repair skipped for E:\Srinivas\PDF\PDF\uploads\documents-1787246420114-957677353.pdf: spawnSync qpdf ENOENT
[2026-08-20T17:20:22.896Z] [INFO] Magic-number check passed for resume_057_Aarav_Nair.pdf. Detected: pdf
[2026-08-20T17:20:22.895Z] [INFO] Extraction complete: 1098 characters, 1 pages, email: karan.deshmukh55@example.com
[2026-08-20T17:20:22.905Z] [WARN] qpdf repair skipped for E:\Srinivas\PDF\PDF\uploads\documents-1787246420114-538156901.pdf: spawnSync qpdf ENOENT
[2026-08-20T17:20:22.854Z] [INFO] Starting text extraction for type: pdf
[2026-08-20T17:20:22.907Z] [WARN] pdf-parse failed for E:\Srinivas\PDF\PDF\uploads\documents-1787246420114-538156901.pdf (bad XRef entry). Falling back to pdfjs-dist...
[2026-08-20T17:20:22.897Z] [INFO] Starting text extraction for type: pdf
[2026-08-20T17:20:22.913Z] [INFO] Magic-number check passed for resume_058_Vikram_Mishra.pdf. Detected: pdf
[2026-08-20T17:20:22.922Z] [WARN] qpdf repair skipped for E:\Srinivas\PDF\PDF\uploads\documents-1787246420114-38610990.pdf: spawnSync qpdf ENOENT
[2026-08-20T17:20:22.936Z] [INFO] Extraction complete: 1079 characters, 1 pages, email: vikram.mishra58@example.com
[2026-08-20T17:20:22.913Z] [INFO] Starting text extraction for type: pdf
[2026-08-20T17:20:22.939Z] [INFO] Magic-number check passed for resume_059_Nikhil_Nair.pdf. Detected: pdf
[2026-08-20T17:20:22.961Z] [INFO] Extraction complete: 1053 characters, 1 pages, email: nikhil.nair59@example.com
[2026-08-20T17:20:22.947Z] [WARN] qpdf repair skipped for E:\Srinivas\PDF\PDF\uploads\documents-1787246420114-700801754.pdf: spawnSync qpdf ENOENT
[2026-08-20T17:20:22.941Z] [INFO] Starting text extraction for type: pdf
[2026-08-20T17:20:22.962Z] [INFO] Magic-number check passed for resume_060_Kavya_Patel.pdf. Detected: pdf
[2026-08-20T17:20:22.971Z] [WARN] qpdf repair skipped for E:\Srinivas\PDF\PDF\uploads\documents-1787246420115-44362270.pdf: spawnSync qpdf ENOENT
[2026-08-20T17:20:22.981Z] [INFO] Magic-number check passed for resume_061_Ananya_Nair.pdf. Detected: pdf
[2026-08-20T17:20:22.980Z] [INFO] Extraction complete: 1053 characters, 1 pages, email: nikhil.nair59@example.com
[2026-08-20T17:20:22.988Z] [WARN] qpdf repair skipped for E:\Srinivas\PDF\PDF\uploads\documents-1787246420115-447421407.pdf: spawnSync qpdf ENOENT
[2026-08-20T17:20:22.990Z] [WARN] pdf-parse failed for E:\Srinivas\PDF\PDF\uploads\documents-1787246420115-447421407.pdf (bad XRef entry). Falling back to pdfjs-dist...
[2026-08-20T17:20:22.963Z] [INFO] Starting text extraction for type: pdf
[2026-08-20T17:20:22.996Z] [INFO] Magic-number check passed for resume_062_Rahul_Gupta.pdf. Detected: pdf
[2026-08-20T17:20:22.981Z] [INFO] Starting text extraction for type: pdf
[2026-08-20T17:20:23.003Z] [WARN] qpdf repair skipped for E:\Srinivas\PDF\PDF\uploads\documents-1787246420115-488243105.pdf: spawnSync qpdf ENOENT
[2026-08-20T17:20:23.014Z] [INFO] Magic-number check passed for resume_063_Rohan_Joshi.pdf. Detected: pdf
[2026-08-20T17:20:23.013Z] [INFO] Extraction complete: 1069 characters, 1 pages, email: rahul.gupta62@example.com
[2026-08-20T17:20:23.014Z] [INFO] Starting text extraction for type: pdf
[2026-08-20T17:20:23.022Z] [WARN] qpdf repair skipped for E:\Srinivas\PDF\PDF\uploads\documents-1787246420115-419043707.pdf: spawnSync qpdf ENOENT
[2026-08-20T17:20:23.030Z] [INFO] Extraction complete: 1058 characters, 1 pages, email: rohan.joshi63@example.com
[2026-08-20T17:20:23.031Z] [INFO] Magic-number check passed for resume_064_Aditya_Mishra.pdf. Detected: pdf
[2026-08-20T17:20:23.038Z] [WARN] qpdf repair skipped for E:\Srinivas\PDF\PDF\uploads\documents-1787246420115-401991659.pdf: spawnSync qpdf ENOENT
[2026-08-20T17:20:22.997Z] [INFO] Starting text extraction for type: pdf
[2026-08-20T17:20:23.049Z] [INFO] Extraction complete: 1058 characters, 1 pages, email: rohan.joshi63@example.com
[2026-08-20T17:20:23.055Z] [INFO] Starting text extraction for type: pdf
[2026-08-20T17:20:23.054Z] [INFO] Magic-number check passed for resume_065_Aarav_Shah.pdf. Detected: pdf
[2026-08-20T17:20:23.061Z] [WARN] qpdf repair skipped for E:\Srinivas\PDF\PDF\uploads\documents-1787246420115-737814509.pdf: spawnSync qpdf ENOENT
[2026-08-20T17:20:23.063Z] [WARN] pdf-parse failed for E:\Srinivas\PDF\PDF\uploads\documents-1787246420115-737814509.pdf (bad XRef entry). Falling back to pdfjs-dist...
[2026-08-20T17:20:23.065Z] [INFO] Starting text extraction for type: pdf
[2026-08-20T17:20:23.065Z] [INFO] Magic-number check passed for resume_067_Nikhil_Reddy.pdf. Detected: pdf
[2026-08-20T17:20:23.072Z] [WARN] qpdf repair skipped for E:\Srinivas\PDF\PDF\uploads\documents-1787246420115-974429020.pdf: spawnSync qpdf ENOENT
[2026-08-20T17:20:23.080Z] [INFO] Extraction complete: 1080 characters, 1 pages, email: nikhil.reddy67@example.com
[2026-08-20T17:20:23.081Z] [INFO] Magic-number check passed for resume_068_Isha_Gupta.pdf. Detected: pdf
[2026-08-20T17:20:23.081Z] [INFO] Starting text extraction for type: pdf
[2026-08-20T17:20:23.089Z] [WARN] qpdf repair skipped for E:\Srinivas\PDF\PDF\uploads\documents-1787246420115-963851851.pdf: spawnSync qpdf ENOENT
[2026-08-20T17:20:23.031Z] [INFO] Starting text extraction for type: pdf
[2026-08-20T17:20:23.098Z] [INFO] Magic-number check passed for resume_069_Arjun_Mehta.pdf. Detected: pdf
[2026-08-20T17:20:23.098Z] [INFO] Extraction complete: 1049 characters, 1 pages, email: isha.gupta68@example.com
[2026-08-20T17:20:23.109Z] [WARN] qpdf repair skipped for E:\Srinivas\PDF\PDF\uploads\documents-1787246420125-330054207.pdf: spawnSync qpdf ENOENT
[2026-08-20T17:20:23.102Z] [INFO] Starting text extraction for type: pdf
[2026-08-20T17:20:23.118Z] [INFO] Magic-number check passed for resume_070_Isha_Kumar.pdf. Detected: pdf
[2026-08-20T17:20:23.126Z] [WARN] qpdf repair skipped for E:\Srinivas\PDF\PDF\uploads\documents-1787246420125-222467733.pdf: spawnSync qpdf ENOENT
[2026-08-20T17:20:23.120Z] [INFO] Starting text extraction for type: pdf
[2026-08-20T17:20:23.115Z] [INFO] Extraction complete: 1049 characters, 1 pages, email: isha.gupta68@example.com
[2026-08-20T17:20:23.129Z] [WARN] pdf-parse failed for E:\Srinivas\PDF\PDF\uploads\documents-1787246420125-222467733.pdf (bad XRef entry). Falling back to pdfjs-dist...
[2026-08-20T17:20:23.131Z] [INFO] Magic-number check passed for resume_071_Aarav_Nair.pdf. Detected: pdf
[2026-08-20T17:20:23.142Z] [WARN] qpdf repair skipped for E:\Srinivas\PDF\PDF\uploads\documents-1787246420126-488478073.pdf: spawnSync qpdf ENOENT
[2026-08-20T17:20:23.172Z] [INFO] Magic-number check passed for resume_072_Ananya_Mishra.pdf. Detected: pdf
[2026-08-20T17:20:23.165Z] [INFO] Extraction complete: 1043 characters, 1 pages, email: aarav.nair71@example.com
[2026-08-20T17:20:23.194Z] [WARN] qpdf repair skipped for E:\Srinivas\PDF\PDF\uploads\documents-1787246420126-975021331.pdf: spawnSync qpdf ENOENT
[2026-08-20T17:20:23.202Z] [INFO] Extraction complete: 1085 characters, 1 pages, email: ananya.mishra72@example.com
[2026-08-20T17:20:23.178Z] [INFO] Starting text extraction for type: pdf
[2026-08-20T17:20:23.206Z] [INFO] Magic-number check passed for resume_073_Isha_Patel.pdf. Detected: pdf
[2026-08-20T17:20:23.212Z] [WARN] qpdf repair skipped for E:\Srinivas\PDF\PDF\uploads\documents-1787246420126-530613543.pdf: spawnSync qpdf ENOENT
[2026-08-20T17:20:23.221Z] [INFO] Extraction complete: 1085 characters, 1 pages, email: ananya.mishra72@example.com
[2026-08-20T17:20:23.229Z] [INFO] Magic-number check passed for resume_074_Rahul_Mehta.pdf. Detected: pdf
[2026-08-20T17:20:23.131Z] [INFO] Starting text extraction for type: pdf
[2026-08-20T17:20:23.207Z] [INFO] Starting text extraction for type: pdf
[2026-08-20T17:20:23.236Z] [WARN] qpdf repair skipped for E:\Srinivas\PDF\PDF\uploads\documents-1787246420126-54692440.pdf: spawnSync qpdf ENOENT
[2026-08-20T17:20:23.238Z] [WARN] pdf-parse failed for E:\Srinivas\PDF\PDF\uploads\documents-1787246420126-54692440.pdf (bad XRef entry). Falling back to pdfjs-dist...
[2026-08-20T17:20:23.230Z] [INFO] Starting text extraction for type: pdf
[2026-08-20T17:20:23.249Z] [INFO] Magic-number check passed for resume_076_Vikram_Kumar.pdf. Detected: pdf
[2026-08-20T17:20:23.262Z] [WARN] qpdf repair skipped for E:\Srinivas\PDF\PDF\uploads\documents-1787246420126-297024562.pdf: spawnSync qpdf ENOENT
[2026-08-20T17:20:23.253Z] [INFO] Starting text extraction for type: pdf
[2026-08-20T17:20:23.279Z] [INFO] Extraction complete: 1089 characters, 1 pages, email: vikram.kumar76@example.com
[2026-08-20T17:20:23.279Z] [INFO] Magic-number check passed for resume_075_Kavya_Mishra.pdf. Detected: pdf
[2026-08-20T17:20:23.280Z] [INFO] Starting text extraction for type: pdf
[2026-08-20T17:20:23.285Z] [WARN] qpdf repair skipped for E:\Srinivas\PDF\PDF\uploads\documents-1787246420126-682679910.pdf: spawnSync qpdf ENOENT
[2026-08-20T17:20:23.297Z] [INFO] Extraction complete: 1079 characters, 1 pages, email: kavya.mishra75@example.com
[2026-08-20T17:20:23.297Z] [INFO] Magic-number check passed for resume_077_Kavya_Sharma.pdf. Detected: pdf
[2026-08-20T17:20:23.298Z] [INFO] Starting text extraction for type: pdf
[2026-08-20T17:20:23.305Z] [WARN] qpdf repair skipped for E:\Srinivas\PDF\PDF\uploads\documents-1787246420126-548485567.pdf: spawnSync qpdf ENOENT
[2026-08-20T17:20:23.314Z] [INFO] Extraction complete: 1079 characters, 1 pages, email: kavya.mishra75@example.com
[2026-08-20T17:20:23.315Z] [INFO] Magic-number check passed for resume_078_Meera_Patel.pdf. Detected: pdf
[2026-08-20T17:20:23.325Z] [WARN] qpdf repair skipped for E:\Srinivas\PDF\PDF\uploads\documents-1787246420126-159323205.pdf: spawnSync qpdf ENOENT
[2026-08-20T17:20:23.327Z] [WARN] pdf-parse failed for E:\Srinivas\PDF\PDF\uploads\documents-1787246420126-159323205.pdf (bad XRef entry). Falling back to pdfjs-dist...
[2026-08-20T17:20:23.315Z] [INFO] Starting text extraction for type: pdf
[2026-08-20T17:20:23.330Z] [INFO] Magic-number check passed for resume_079_Kavya_Shah.pdf. Detected: pdf
[2026-08-20T17:20:23.330Z] [INFO] Starting text extraction for type: pdf
[2026-08-20T17:20:23.339Z] [WARN] qpdf repair skipped for E:\Srinivas\PDF\PDF\uploads\documents-1787246420126-422098730.pdf: spawnSync qpdf ENOENT
[2026-08-20T17:20:23.346Z] [INFO] Extraction complete: 1075 characters, 1 pages, email: kavya.shah79@example.com
[2026-08-20T17:20:23.346Z] [INFO] Magic-number check passed for resume_066_Aarav_Gupta.pdf. Detected: pdf
[2026-08-20T17:20:23.347Z] [INFO] Starting text extraction for type: pdf
[2026-08-20T17:20:23.354Z] [WARN] qpdf repair skipped for E:\Srinivas\PDF\PDF\uploads\documents-1787246420115-343453116.pdf: spawnSync qpdf ENOENT
[2026-08-20T17:20:23.363Z] [INFO] Extraction complete: 1090 characters, 1 pages, email: aarav.gupta66@example.com
[2026-08-20T17:20:23.364Z] [INFO] Magic-number check passed for resume_080_Priya_Joshi.pdf. Detected: pdf
[2026-08-20T17:20:23.364Z] [INFO] Starting text extraction for type: pdf
[2026-08-20T17:20:23.372Z] [WARN] qpdf repair skipped for E:\Srinivas\PDF\PDF\uploads\documents-1787246420126-674909700.pdf: spawnSync qpdf ENOENT
[2026-08-20T17:20:23.379Z] [INFO] Extraction complete: 1090 characters, 1 pages, email: aarav.gupta66@example.com
[2026-08-20T17:20:23.380Z] [INFO] Magic-number check passed for resume_081_Arjun_Deshmukh.pdf. Detected: pdf
[2026-08-20T17:20:23.380Z] [INFO] Starting text extraction for type: pdf
[2026-08-20T17:20:23.387Z] [WARN] qpdf repair skipped for E:\Srinivas\PDF\PDF\uploads\documents-1787246420126-521486911.pdf: spawnSync qpdf ENOENT
[2026-08-20T17:20:23.390Z] [WARN] pdf-parse failed for E:\Srinivas\PDF\PDF\uploads\documents-1787246420126-521486911.pdf (bad XRef entry). Falling back to pdfjs-dist...
[2026-08-20T17:20:23.393Z] [INFO] Magic-number check passed for resume_084_Aarav_Kulkarni.pdf. Detected: pdf
[2026-08-20T17:20:23.399Z] [WARN] qpdf repair skipped for E:\Srinivas\PDF\PDF\uploads\documents-1787246420126-364853890.pdf: spawnSync qpdf ENOENT
[2026-08-20T17:20:23.395Z] [INFO] Starting text extraction for type: pdf
[2026-08-20T17:20:23.410Z] [INFO] Extraction complete: 1067 characters, 1 pages, email: aarav.kulkarni84@example.com
[2026-08-20T17:20:23.411Z] [INFO] Magic-number check passed for resume_082_Isha_Patel.pdf. Detected: pdf
[2026-08-20T17:20:23.412Z] [INFO] Starting text extraction for type: pdf
[2026-08-20T17:20:23.415Z] [WARN] qpdf repair skipped for E:\Srinivas\PDF\PDF\uploads\documents-1787246420126-781606898.pdf: spawnSync qpdf ENOENT
[2026-08-20T17:20:23.426Z] [INFO] Extraction complete: 1041 characters, 1 pages, email: isha.patel82@example.com
[2026-08-20T17:20:23.429Z] [INFO] Magic-number check passed for resume_083_Kavya_Kulkarni.pdf. Detected: pdf
[2026-08-20T17:20:23.429Z] [INFO] Starting text extraction for type: pdf
[2026-08-20T17:20:23.444Z] [WARN] qpdf repair skipped for E:\Srinivas\PDF\PDF\uploads\documents-1787246420126-836804462.pdf: spawnSync qpdf ENOENT
[2026-08-20T17:20:23.463Z] [INFO] Extraction complete: 1041 characters, 1 pages, email: isha.patel82@example.com
[2026-08-20T17:20:23.465Z] [INFO] Magic-number check passed for resume_085_Priya_Mehta.pdf. Detected: pdf
[2026-08-20T17:20:23.470Z] [INFO] Starting text extraction for type: pdf
[2026-08-20T17:20:23.477Z] [WARN] qpdf repair skipped for E:\Srinivas\PDF\PDF\uploads\documents-1787246420126-276633716.pdf: spawnSync qpdf ENOENT
[2026-08-20T17:20:23.479Z] [WARN] pdf-parse failed for E:\Srinivas\PDF\PDF\uploads\documents-1787246420126-276633716.pdf (bad XRef entry). Falling back to pdfjs-dist...
[2026-08-20T17:20:23.482Z] [INFO] Magic-number check passed for resume_086_Sneha_Kumar.pdf. Detected: pdf
[2026-08-20T17:20:23.485Z] [INFO] Starting text extraction for type: pdf
[2026-08-20T17:20:23.491Z] [WARN] qpdf repair skipped for E:\Srinivas\PDF\PDF\uploads\documents-1787246420128-537276217.pdf: spawnSync qpdf ENOENT
[2026-08-20T17:20:23.499Z] [INFO] Extraction complete: 1054 characters, 1 pages, email: sneha.kumar86@example.com
[2026-08-20T17:20:23.502Z] [INFO] Magic-number check passed for resume_087_Isha_Nair.pdf. Detected: pdf
[2026-08-20T17:20:23.503Z] [INFO] Starting text extraction for type: pdf
[2026-08-20T17:20:23.511Z] [WARN] qpdf repair skipped for E:\Srinivas\PDF\PDF\uploads\documents-1787246420155-542100462.pdf: spawnSync qpdf ENOENT
[2026-08-20T17:20:23.520Z] [INFO] Extraction complete: 1044 characters, 1 pages, email: isha.nair87@example.com
[2026-08-20T17:20:23.522Z] [INFO] Magic-number check passed for resume_088_Karan_Mehta.pdf. Detected: pdf
[2026-08-20T17:20:23.523Z] [INFO] Starting text extraction for type: pdf
[2026-08-20T17:20:23.529Z] [WARN] qpdf repair skipped for E:\Srinivas\PDF\PDF\uploads\documents-1787246420156-856994491.pdf: spawnSync qpdf ENOENT
[2026-08-20T17:20:23.539Z] [INFO] Extraction complete: 1044 characters, 1 pages, email: isha.nair87@example.com
[2026-08-20T17:20:23.540Z] [INFO] Magic-number check passed for resume_089_Aarav_Kumar.pdf. Detected: pdf
[2026-08-20T17:20:23.540Z] [INFO] Starting text extraction for type: pdf
[2026-08-20T17:20:23.545Z] [WARN] qpdf repair skipped for E:\Srinivas\PDF\PDF\uploads\documents-1787246420156-556624040.pdf: spawnSync qpdf ENOENT
[2026-08-20T17:20:23.547Z] [WARN] pdf-parse failed for E:\Srinivas\PDF\PDF\uploads\documents-1787246420156-556624040.pdf (bad XRef entry). Falling back to pdfjs-dist...
[2026-08-20T17:20:23.549Z] [INFO] Magic-number check passed for resume_090_Karan_Shah.pdf. Detected: pdf
[2026-08-20T17:20:23.552Z] [INFO] Starting text extraction for type: pdf
[2026-08-20T17:20:23.559Z] [WARN] qpdf repair skipped for E:\Srinivas\PDF\PDF\uploads\documents-1787246420157-246465971.pdf: spawnSync qpdf ENOENT
[2026-08-20T17:20:23.569Z] [INFO] Extraction complete: 1061 characters, 1 pages, email: karan.shah90@example.com
[2026-08-20T17:20:23.570Z] [INFO] Magic-number check passed for resume_091_Karan_Joshi.pdf. Detected: pdf
[2026-08-20T17:20:23.571Z] [INFO] Starting text extraction for type: pdf
[2026-08-20T17:20:23.577Z] [WARN] qpdf repair skipped for E:\Srinivas\PDF\PDF\uploads\documents-1787246420157-994755901.pdf: spawnSync qpdf ENOENT
[2026-08-20T17:20:23.582Z] [INFO] Extraction complete: 1063 characters, 1 pages, email: karan.joshi91@example.com
[2026-08-20T17:20:23.585Z] [INFO] Magic-number check passed for resume_092_Ananya_Gupta.pdf. Detected: pdf
[2026-08-20T17:20:23.587Z] [INFO] Starting text extraction for type: pdf
[2026-08-20T17:20:23.593Z] [WARN] qpdf repair skipped for E:\Srinivas\PDF\PDF\uploads\documents-1787246420158-639334367.pdf: spawnSync qpdf ENOENT
[2026-08-20T17:20:23.603Z] [INFO] Extraction complete: 1063 characters, 1 pages, email: karan.joshi91@example.com
[2026-08-20T17:20:23.605Z] [INFO] Magic-number check passed for resume_094_Priya_Deshmukh.pdf. Detected: pdf
[2026-08-20T17:20:23.606Z] [INFO] Starting text extraction for type: pdf
[2026-08-20T17:20:23.611Z] [WARN] qpdf repair skipped for E:\Srinivas\PDF\PDF\uploads\documents-1787246420158-84843989.pdf: spawnSync qpdf ENOENT
[2026-08-20T17:20:23.612Z] [WARN] pdf-parse failed for E:\Srinivas\PDF\PDF\uploads\documents-1787246420158-84843989.pdf (bad XRef entry). Falling back to pdfjs-dist...
[2026-08-20T17:20:23.615Z] [INFO] Magic-number check passed for resume_093_Aditya_Deshmukh.pdf. Detected: pdf
[2026-08-20T17:20:23.615Z] [INFO] Starting text extraction for type: pdf
[2026-08-20T17:20:23.623Z] [WARN] qpdf repair skipped for E:\Srinivas\PDF\PDF\uploads\documents-1787246420158-254524006.pdf: spawnSync qpdf ENOENT
[2026-08-20T17:20:23.631Z] [INFO] Extraction complete: 1057 characters, 1 pages, email: aditya.deshmukh93@example.com
[2026-08-20T17:20:23.632Z] [INFO] Magic-number check passed for resume_095_Ananya_Shah.pdf. Detected: pdf
[2026-08-20T17:20:23.643Z] [WARN] qpdf repair skipped for E:\Srinivas\PDF\PDF\uploads\documents-1787246420158-916083782.pdf: spawnSync qpdf ENOENT
[2026-08-20T17:20:23.659Z] [INFO] Extraction complete: 1060 characters, 1 pages, email: ananya.shah95@example.com
[2026-08-20T17:20:23.661Z] [INFO] Starting text extraction for type: pdf
[2026-08-20T17:20:23.664Z] [WARN] qpdf repair skipped for E:\Srinivas\PDF\PDF\uploads\documents-1787246420158-609181928.pdf: spawnSync qpdf ENOENT
[2026-08-20T17:20:23.660Z] [INFO] Magic-number check passed for resume_096_Rohan_Mehta.pdf. Detected: pdf
[2026-08-20T17:20:23.676Z] [INFO] Magic-number check passed for resume_097_Neha_Shah.pdf. Detected: pdf
[2026-08-20T17:20:23.677Z] [INFO] Starting text extraction for type: pdf
[2026-08-20T17:20:23.674Z] [INFO] Extraction complete: 1060 characters, 1 pages, email: ananya.shah95@example.com
[2026-08-20T17:20:23.682Z] [WARN] pdf-parse failed for E:\Srinivas\PDF\PDF\uploads\documents-1787246420158-990940517.pdf (bad XRef entry). Falling back to pdfjs-dist...
[2026-08-20T17:20:23.635Z] [INFO] Starting text extraction for type: pdf
[2026-08-20T17:20:23.680Z] [WARN] qpdf repair skipped for E:\Srinivas\PDF\PDF\uploads\documents-1787246420158-990940517.pdf: spawnSync qpdf ENOENT
[2026-08-20T17:20:23.687Z] [INFO] Magic-number check passed for resume_098_Kavya_Kulkarni.pdf. Detected: pdf
[2026-08-20T17:20:23.688Z] [INFO] Starting text extraction for type: pdf
[2026-08-20T17:20:23.694Z] [WARN] qpdf repair skipped for E:\Srinivas\PDF\PDF\uploads\documents-1787246420158-664486027.pdf: spawnSync qpdf ENOENT
[2026-08-20T17:20:23.698Z] [INFO] Extraction complete: 1066 characters, 1 pages, email: kavya.kulkarni98@example.com
[2026-08-20T17:20:23.699Z] [INFO] Magic-number check passed for resume_099_Nikhil_Mishra.pdf. Detected: pdf
[2026-08-20T17:20:23.702Z] [INFO] Starting text extraction for type: pdf
[2026-08-20T17:20:23.707Z] [WARN] qpdf repair skipped for E:\Srinivas\PDF\PDF\uploads\documents-1787246420158-435477522.pdf: spawnSync qpdf ENOENT
[2026-08-20T17:20:23.714Z] [INFO] Extraction complete: 1068 characters, 1 pages, email: nikhil.mishra99@example.com
[2026-08-20T17:20:23.715Z] [INFO] Magic-number check passed for resume_100_Kavya_Sharma.pdf. Detected: pdf
[2026-08-20T17:20:23.715Z] [INFO] Starting text extraction for type: pdf
[2026-08-20T17:20:23.722Z] [WARN] qpdf repair skipped for E:\Srinivas\PDF\PDF\uploads\documents-1787246420188-356904819.pdf: spawnSync qpdf ENOENT
[2026-08-20T17:20:23.729Z] [INFO] Extraction complete: 1068 characters, 1 pages, email: nikhil.mishra99@example.com
[2026-08-20T17:20:23.729Z] [INFO] Magic-number check passed for resume_101_Neha_Deshmukh.pdf. Detected: pdf
[2026-08-20T17:20:23.729Z] [INFO] Starting text extraction for type: pdf
[2026-08-20T17:20:23.733Z] [WARN] qpdf repair skipped for E:\Srinivas\PDF\PDF\uploads\documents-1787246420188-804446337.pdf: spawnSync qpdf ENOENT
[2026-08-20T17:20:23.736Z] [WARN] pdf-parse failed for E:\Srinivas\PDF\PDF\uploads\documents-1787246420188-804446337.pdf (bad XRef entry). Falling back to pdfjs-dist...
[2026-08-20T17:20:23.740Z] [INFO] Magic-number check passed for resume_102_Ananya_Kulkarni.pdf. Detected: pdf
[2026-08-20T17:20:23.741Z] [INFO] Starting text extraction for type: pdf
[2026-08-20T17:20:23.755Z] [INFO] Extraction complete: 1098 characters, 1 pages, email: ananya.kulkarni102@example.com
[2026-08-20T17:20:23.746Z] [WARN] qpdf repair skipped for E:\Srinivas\PDF\PDF\uploads\documents-1787246420188-301750405.pdf: spawnSync qpdf ENOENT
[2026-08-20T17:20:23.757Z] [INFO] Starting text extraction for type: pdf
[2026-08-20T17:20:23.763Z] [WARN] qpdf repair skipped for E:\Srinivas\PDF\PDF\uploads\documents-1787246420188-965261992.pdf: spawnSync qpdf ENOENT
[2026-08-20T17:20:23.771Z] [INFO] Extraction complete: 1033 characters, 1 pages, email: aditya.nair103@example.com
[2026-08-20T17:20:23.756Z] [INFO] Magic-number check passed for resume_103_Aditya_Nair.pdf. Detected: pdf
[2026-08-20T17:20:23.772Z] [INFO] Magic-number check passed for resume_104_Arjun_Mishra.pdf. Detected: pdf
[2026-08-20T17:20:23.778Z] [WARN] qpdf repair skipped for E:\Srinivas\PDF\PDF\uploads\documents-1787246420188-547378088.pdf: spawnSync qpdf ENOENT
[2026-08-20T17:20:23.786Z] [INFO] Extraction complete: 1033 characters, 1 pages, email: aditya.nair103@example.com
[2026-08-20T17:20:23.773Z] [INFO] Starting text extraction for type: pdf
[2026-08-20T17:20:23.787Z] [INFO] Magic-number check passed for resume_105_Karan_Mishra.pdf. Detected: pdf
[2026-08-20T17:20:23.793Z] [WARN] qpdf repair skipped for E:\Srinivas\PDF\PDF\uploads\documents-1787246420190-683123211.pdf: spawnSync qpdf ENOENT
[2026-08-20T17:20:23.795Z] [WARN] pdf-parse failed for E:\Srinivas\PDF\PDF\uploads\documents-1787246420190-683123211.pdf (bad XRef entry). Falling back to pdfjs-dist...
[2026-08-20T17:20:23.797Z] [INFO] Starting text extraction for type: pdf
[2026-08-20T17:20:23.797Z] [INFO] Magic-number check passed for resume_106_Arjun_Deshmukh.pdf. Detected: pdf
[2026-08-20T17:20:23.802Z] [WARN] qpdf repair skipped for E:\Srinivas\PDF\PDF\uploads\documents-1787246420262-141869310.pdf: spawnSync qpdf ENOENT
[2026-08-20T17:20:23.812Z] [INFO] Magic-number check passed for resume_107_Neha_Kulkarni.pdf. Detected: pdf
[2026-08-20T17:20:23.812Z] [INFO] Extraction complete: 1066 characters, 1 pages, email: arjun.deshmukh106@example.com
[2026-08-20T17:20:23.817Z] [WARN] qpdf repair skipped for E:\Srinivas\PDF\PDF\uploads\documents-1787246420262-766306198.pdf: spawnSync qpdf ENOENT
[2026-08-20T17:20:23.812Z] [INFO] Starting text extraction for type: pdf
[2026-08-20T17:20:23.829Z] [INFO] Extraction complete: 1103 characters, 1 pages, email: neha.kulkarni107@example.com
[2026-08-20T17:20:23.831Z] [INFO] Starting text extraction for type: pdf
[2026-08-20T17:20:23.788Z] [INFO] Starting text extraction for type: pdf
[2026-08-20T17:20:23.839Z] [WARN] qpdf repair skipped for E:\Srinivas\PDF\PDF\uploads\documents-1787246420263-432921983.pdf: spawnSync qpdf ENOENT
[2026-08-20T17:20:23.831Z] [INFO] Magic-number check passed for resume_109_Rohan_Joshi.pdf. Detected: pdf
[2026-08-20T17:20:23.847Z] [INFO] Extraction complete: 1103 characters, 1 pages, email: neha.kulkarni107@example.com
[2026-08-20T17:20:23.854Z] [WARN] qpdf repair skipped for E:\Srinivas\PDF\PDF\uploads\documents-1787246420263-391016187.pdf: spawnSync qpdf ENOENT
[2026-08-20T17:20:23.856Z] [WARN] pdf-parse failed for E:\Srinivas\PDF\PDF\uploads\documents-1787246420263-391016187.pdf (bad XRef entry). Falling back to pdfjs-dist...
[2026-08-20T17:20:23.847Z] [INFO] Magic-number check passed for resume_108_Kavya_Shah.pdf. Detected: pdf
[2026-08-20T17:20:23.862Z] [INFO] Starting text extraction for type: pdf
[2026-08-20T17:20:23.860Z] [INFO] Magic-number check passed for resume_110_Neha_Mishra.pdf. Detected: pdf
[2026-08-20T17:20:23.865Z] [WARN] qpdf repair skipped for E:\Srinivas\PDF\PDF\uploads\documents-1787246420263-856915452.pdf: spawnSync qpdf ENOENT
[2026-08-20T17:20:23.875Z] [INFO] Magic-number check passed for resume_111_Ananya_Mishra.pdf. Detected: pdf
[2026-08-20T17:20:23.847Z] [INFO] Starting text extraction for type: pdf
[2026-08-20T17:20:23.877Z] [INFO] Starting text extraction for type: pdf
[2026-08-20T17:20:23.874Z] [INFO] Extraction complete: 1074 characters, 1 pages, email: neha.mishra110@example.com
[2026-08-20T17:20:23.880Z] [WARN] qpdf repair skipped for E:\Srinivas\PDF\PDF\uploads\documents-1787246420263-851008943.pdf: spawnSync qpdf ENOENT
[2026-08-20T17:20:23.891Z] [INFO] Extraction complete: 1066 characters, 1 pages, email: ananya.mishra111@example.com
[2026-08-20T17:20:23.893Z] [INFO] Magic-number check passed for resume_112_Neha_Verma.pdf. Detected: pdf
[2026-08-20T17:20:23.898Z] [WARN] qpdf repair skipped for E:\Srinivas\PDF\PDF\uploads\documents-1787246420295-307743466.pdf: spawnSync qpdf ENOENT
[2026-08-20T17:20:23.907Z] [INFO] Extraction complete: 1066 characters, 1 pages, email: ananya.mishra111@example.com
[2026-08-20T17:20:23.909Z] [INFO] Magic-number check passed for resume_113_Aditya_Reddy.pdf. Detected: pdf
[2026-08-20T17:20:23.913Z] [WARN] qpdf repair skipped for E:\Srinivas\PDF\PDF\uploads\documents-1787246420296-96415467.pdf: spawnSync qpdf ENOENT
[2026-08-20T17:20:23.910Z] [INFO] Starting text extraction for type: pdf
[2026-08-20T17:20:23.915Z] [WARN] pdf-parse failed for E:\Srinivas\PDF\PDF\uploads\documents-1787246420296-96415467.pdf (bad XRef entry). Falling back to pdfjs-dist...
[2026-08-20T17:20:23.919Z] [INFO] Starting text extraction for type: pdf
[2026-08-20T17:20:23.894Z] [INFO] Starting text extraction for type: pdf
[2026-08-20T17:20:23.926Z] [WARN] qpdf repair skipped for E:\Srinivas\PDF\PDF\uploads\documents-1787246420296-511410812.pdf: spawnSync qpdf ENOENT
[2026-08-20T17:20:23.919Z] [INFO] Magic-number check passed for resume_114_Aarav_Verma.pdf. Detected: pdf
[2026-08-20T17:20:23.936Z] [INFO] Magic-number check passed for resume_115_Ananya_Nair.pdf. Detected: pdf
[2026-08-20T17:20:23.934Z] [INFO] Extraction complete: 1069 characters, 1 pages, email: aarav.verma114@example.com
[2026-08-20T17:20:23.942Z] [WARN] qpdf repair skipped for E:\Srinivas\PDF\PDF\uploads\documents-1787246420296-241583664.pdf: spawnSync qpdf ENOENT
[2026-08-20T17:20:23.947Z] [INFO] Extraction complete: 1094 characters, 1 pages, email: ananya.nair115@example.com
[2026-08-20T17:20:23.937Z] [INFO] Starting text extraction for type: pdf
[2026-08-20T17:20:23.948Z] [INFO] Magic-number check passed for resume_116_Priya_Nair.pdf. Detected: pdf
[2026-08-20T17:20:23.954Z] [WARN] qpdf repair skipped for E:\Srinivas\PDF\PDF\uploads\documents-1787246420297-215095464.pdf: spawnSync qpdf ENOENT
[2026-08-20T17:20:23.948Z] [INFO] Starting text extraction for type: pdf
[2026-08-20T17:20:23.961Z] [INFO] Magic-number check passed for resume_117_Isha_Nair.pdf. Detected: pdf
[2026-08-20T17:20:23.961Z] [INFO] Extraction complete: 1094 characters, 1 pages, email: ananya.nair115@example.com
[2026-08-20T17:20:23.964Z] [WARN] qpdf repair skipped for E:\Srinivas\PDF\PDF\uploads\documents-1787246420297-980859273.pdf: spawnSync qpdf ENOENT
[2026-08-20T17:20:23.969Z] [INFO] Magic-number check passed for resume_118_Karan_Deshmukh.pdf. Detected: pdf
[2026-08-20T17:20:23.965Z] [WARN] pdf-parse failed for E:\Srinivas\PDF\PDF\uploads\documents-1787246420297-980859273.pdf (bad XRef entry). Falling back to pdfjs-dist...
[2026-08-20T17:20:23.974Z] [WARN] qpdf repair skipped for E:\Srinivas\PDF\PDF\uploads\documents-1787246420406-689919649.pdf: spawnSync qpdf ENOENT
[2026-08-20T17:20:23.970Z] [INFO] Starting text extraction for type: pdf
[2026-08-20T17:20:23.980Z] [INFO] Magic-number check passed for resume_119_Meera_Shah.pdf. Detected: pdf
[2026-08-20T17:20:23.979Z] [INFO] Extraction complete: 1068 characters, 1 pages, email: karan.deshmukh118@example.com
[2026-08-20T17:20:23.985Z] [WARN] qpdf repair skipped for E:\Srinivas\PDF\PDF\uploads\documents-1787246420406-793843449.pdf: spawnSync qpdf ENOENT
[2026-08-20T17:20:23.961Z] [INFO] Starting text extraction for type: pdf
[2026-08-20T17:20:23.980Z] [INFO] Starting text extraction for type: pdf
[2026-08-20T17:20:23.997Z] [INFO] Extraction complete: 1079 characters, 1 pages, email: meera.shah119@example.com
[2026-08-20T17:20:23.998Z] [INFO] Magic-number check passed for resume_120_Aditya_Kulkarni.pdf. Detected: pdf
[2026-08-20T17:20:23.998Z] [INFO] Starting text extraction for type: pdf
[2026-08-20T17:20:24.002Z] [WARN] qpdf repair skipped for E:\Srinivas\PDF\PDF\uploads\documents-1787246420406-535511011.pdf: spawnSync qpdf ENOENT
[2026-08-20T17:20:24.005Z] [INFO] Extraction complete: 1079 characters, 1 pages, email: meera.shah119@example.com
[2026-08-20T17:20:24.020Z] [INFO] Saved extraction record to Supabase with ID 676 (candidate_id: C1655) for: resume_001_Ananya_Sharma.pdf
[2026-08-20T17:20:24.024Z] [INFO] Cleaned up temporary file: E:\Srinivas\PDF\PDF\uploads\documents-1787246420034-665434282.pdf
[2026-08-20T17:20:24.069Z] [INFO] Extraction complete: 1086 characters, 1 pages, email: kavya.patel6@example.com
[2026-08-20T17:20:24.082Z] [INFO] Extraction complete: 1056 characters, 1 pages, email: meera.deshmukh10@example.com
[2026-08-20T17:20:24.101Z] [INFO] Extraction complete: 1088 characters, 1 pages, email: aarav.deshmukh14@example.com
[2026-08-20T17:20:24.115Z] [INFO] Extraction complete: 1064 characters, 1 pages, email: aarav.patel18@example.com
[2026-08-20T17:20:24.131Z] [INFO] Extraction complete: 1087 characters, 1 pages, email: aditya.reddy21@example.com
[2026-08-20T17:20:24.152Z] [INFO] Extraction complete: 1070 characters, 1 pages, email: vikram.sharma25@example.com
[2026-08-20T17:20:24.171Z] [INFO] Extraction complete: 1088 characters, 1 pages, email: rahul.gupta29@example.com
[2026-08-20T17:20:24.190Z] [INFO] Extraction complete: 1045 characters, 1 pages, email: arjun.verma33@example.com
[2026-08-20T17:20:24.206Z] [INFO] Extraction complete: 1085 characters, 1 pages, email: sneha.reddy37@example.com
[2026-08-20T17:20:24.220Z] [INFO] Extraction complete: 1076 characters, 1 pages, email: pooja.joshi41@example.com
[2026-08-20T17:20:24.231Z] [INFO] Extraction complete: 1092 characters, 1 pages, email: rahul.mishra45@example.com
[2026-08-20T17:20:24.242Z] [INFO] Extraction complete: 1042 characters, 1 pages, email: nikhil.verma49@example.com
[2026-08-20T17:20:24.254Z] [INFO] Extraction complete: 1036 characters, 1 pages, email: kavya.reddy53@example.com
[2026-08-20T17:20:24.265Z] [INFO] Extraction complete: 1058 characters, 1 pages, email: aarav.nair57@example.com
[2026-08-20T17:20:24.281Z] [INFO] Extraction complete: 1048 characters, 1 pages, email: ananya.nair61@example.com
[2026-08-20T17:20:24.289Z] [INFO] Extraction complete: 1067 characters, 1 pages, email: aarav.shah65@example.com
[2026-08-20T17:20:24.303Z] [INFO] Extraction complete: 1075 characters, 1 pages, email: isha.kumar70@example.com
[2026-08-20T17:20:24.312Z] [INFO] Extraction complete: 1072 characters, 1 pages, email: rahul.mehta74@example.com
[2026-08-20T17:20:24.322Z] [INFO] Extraction complete: 1065 characters, 1 pages, email: meera.patel78@example.com
[2026-08-20T17:20:24.327Z] [INFO] Extraction complete: 1082 characters, 1 pages, email: arjun.deshmukh81@example.com
[2026-08-20T17:20:24.335Z] [INFO] Extraction complete: 1053 characters, 1 pages, email: priya.mehta85@example.com
[2026-08-20T17:20:24.340Z] [INFO] Extraction complete: 1038 characters, 1 pages, email: aarav.kumar89@example.com
[2026-08-20T17:20:24.346Z] [INFO] Extraction complete: 1103 characters, 1 pages, email: priya.deshmukh94@example.com
[2026-08-20T17:20:24.358Z] [INFO] Extraction complete: 1069 characters, 1 pages, email: neha.shah97@example.com
[2026-08-20T17:20:24.364Z] [INFO] Extraction complete: 1068 characters, 1 pages, email: neha.deshmukh101@example.com
[2026-08-20T17:20:24.374Z] [INFO] Extraction complete: 1059 characters, 1 pages, email: karan.mishra105@example.com
[2026-08-20T17:20:24.380Z] [INFO] Extraction complete: 1083 characters, 1 pages, email: kavya.shah108@example.com
[2026-08-20T17:20:24.390Z] [INFO] Extraction complete: 1072 characters, 1 pages, email: aditya.reddy113@example.com
[2026-08-20T17:20:24.402Z] [INFO] Extraction complete: 1044 characters, 1 pages, email: isha.nair117@example.com
[2026-08-20T17:20:24.410Z] [INFO] Saved extraction record to Supabase with ID 677 (candidate_id: C1669) for: resume_015_Rahul_Nair.pdf
[2026-08-20T17:20:24.411Z] [INFO] Cleaned up temporary file: E:\Srinivas\PDF\PDF\uploads\documents-1787246420040-856561870.pdf
[2026-08-20T17:20:24.548Z] [INFO] Saved extraction record to Supabase with ID 678 (candidate_id: C1670) for: resume_016_Arjun_Gupta.pdf
[2026-08-20T17:20:24.554Z] [INFO] Cleaned up temporary file: E:\Srinivas\PDF\PDF\uploads\documents-1787246420040-257443573.pdf
[2026-08-20T17:20:24.696Z] [INFO] Saved extraction record to Supabase with ID 679 (candidate_id: C1671) for: resume_017_Nikhil_Gupta.pdf
[2026-08-20T17:20:24.698Z] [INFO] Cleaned up temporary file: E:\Srinivas\PDF\PDF\uploads\documents-1787246420040-107514203.pdf
[2026-08-20T17:20:24.842Z] [INFO] Saved extraction record to Supabase with ID 680 (candidate_id: C1656) for: resume_002_Priya_Sharma.pdf
[2026-08-20T17:20:24.846Z] [INFO] Cleaned up temporary file: E:\Srinivas\PDF\PDF\uploads\documents-1787246420035-343654506.pdf
[2026-08-20T17:20:24.978Z] [INFO] Saved extraction record to Supabase with ID 681 (candidate_id: C1673) for: resume_019_Vikram_Gupta.pdf
[2026-08-20T17:20:24.979Z] [INFO] Cleaned up temporary file: E:\Srinivas\PDF\PDF\uploads\documents-1787246420040-149217189.pdf
[2026-08-20T17:20:25.121Z] [INFO] Saved extraction record to Supabase with ID 682 (candidate_id: C1674) for: resume_020_Meera_Singh.pdf
[2026-08-20T17:20:25.140Z] [INFO] Cleaned up temporary file: E:\Srinivas\PDF\PDF\uploads\documents-1787246420040-595901967.pdf
[2026-08-20T17:20:25.259Z] [INFO] Saved extraction record to Supabase with ID 683 (candidate_id: C1676) for: resume_022_Neha_Mishra.pdf
[2026-08-20T17:20:25.270Z] [INFO] Cleaned up temporary file: E:\Srinivas\PDF\PDF\uploads\documents-1787246420040-943591053.pdf
[2026-08-20T17:20:25.473Z] [INFO] Saved extraction record to Supabase with ID 684 (candidate_id: C1659) for: resume_005_Karan_Patel.pdf
[2026-08-20T17:20:25.474Z] [INFO] Cleaned up temporary file: E:\Srinivas\PDF\PDF\uploads\documents-1787246420035-355466329.pdf
[2026-08-20T17:20:25.476Z] [INFO] Saved extraction record to Supabase with ID 685 (candidate_id: C1661) for: resume_007_Arjun_Nair.pdf
[2026-08-20T17:20:25.480Z] [INFO] Cleaned up temporary file: E:\Srinivas\PDF\PDF\uploads\documents-1787246420036-459631094.pdf
[2026-08-20T17:20:25.483Z] [INFO] Saved extraction record to Supabase with ID 686 (candidate_id: C1658) for: resume_004_Aditya_Patel.pdf
[2026-08-20T17:20:25.485Z] [INFO] Cleaned up temporary file: E:\Srinivas\PDF\PDF\uploads\documents-1787246420035-812418191.pdf
[2026-08-20T17:20:25.487Z] [INFO] Saved extraction record to Supabase with ID 688 (candidate_id: C1665) for: resume_011_Sneha_Reddy.pdf
[2026-08-20T17:20:25.487Z] [INFO] Cleaned up temporary file: E:\Srinivas\PDF\PDF\uploads\documents-1787246420036-355042392.pdf
[2026-08-20T17:20:25.489Z] [INFO] Saved extraction record to Supabase with ID 687 (candidate_id: C1663) for: resume_009_Vikram_Kulkarni.pdf
[2026-08-20T17:20:25.490Z] [INFO] Cleaned up temporary file: E:\Srinivas\PDF\PDF\uploads\documents-1787246420036-845753396.pdf
[2026-08-20T17:20:25.492Z] [INFO] Saved extraction record to Supabase with ID 689 (candidate_id: C1677) for: resume_023_Sneha_Joshi.pdf
[2026-08-20T17:20:25.493Z] [INFO] Cleaned up temporary file: E:\Srinivas\PDF\PDF\uploads\documents-1787246420041-352459158.pdf
[2026-08-20T17:20:25.627Z] [INFO] Saved extraction record to Supabase with ID 690 (candidate_id: C1678) for: resume_024_Arjun_Reddy.pdf
[2026-08-20T17:20:25.629Z] [INFO] Cleaned up temporary file: E:\Srinivas\PDF\PDF\uploads\documents-1787246420041-456955775.pdf
[2026-08-20T17:20:25.630Z] [INFO] Saved extraction record to Supabase with ID 695 (candidate_id: C1680) for: resume_026_Priya_Gupta.pdf
[2026-08-20T17:20:25.631Z] [INFO] Cleaned up temporary file: E:\Srinivas\PDF\PDF\uploads\documents-1787246420041-586347775.pdf
[2026-08-20T17:20:25.637Z] [INFO] Saved extraction record to Supabase with ID 691 (candidate_id: C1666) for: resume_012_Ananya_Kulkarni.pdf
[2026-08-20T17:20:25.637Z] [INFO] Cleaned up temporary file: E:\Srinivas\PDF\PDF\uploads\documents-1787246420036-767227773.pdf
[2026-08-20T17:20:25.639Z] [INFO] Saved extraction record to Supabase with ID 692 (candidate_id: C1662) for: resume_008_Neha_Kulkarni.pdf
[2026-08-20T17:20:25.640Z] [INFO] Cleaned up temporary file: E:\Srinivas\PDF\PDF\uploads\documents-1787246420036-100250163.pdf
[2026-08-20T17:20:25.642Z] [INFO] Cleaned up temporary file: E:\Srinivas\PDF\PDF\uploads\documents-1787246420035-141309005.pdf
[2026-08-20T17:20:25.641Z] [INFO] Saved extraction record to Supabase with ID 693 (candidate_id: C1657) for: resume_003_Neha_Shah.pdf
[2026-08-20T17:20:25.644Z] [INFO] Saved extraction record to Supabase with ID 694 (candidate_id: C1667) for: resume_013_Sneha_Gupta.pdf
[2026-08-20T17:20:25.644Z] [INFO] Cleaned up temporary file: E:\Srinivas\PDF\PDF\uploads\documents-1787246420036-720005324.pdf
[2026-08-20T17:20:25.646Z] [INFO] Cleaned up temporary file: E:\Srinivas\PDF\PDF\uploads\documents-1787246420041-887034560.pdf
[2026-08-20T17:20:25.645Z] [INFO] Saved extraction record to Supabase with ID 696 (candidate_id: C1681) for: resume_027_Priya_Deshmukh.pdf
[2026-08-20T17:20:25.648Z] [INFO] Saved extraction record to Supabase with ID 697 (candidate_id: C1682) for: resume_028_Neha_Kumar.pdf
[2026-08-20T17:20:25.649Z] [INFO] Cleaned up temporary file: E:\Srinivas\PDF\PDF\uploads\documents-1787246420041-840794996.pdf
[2026-08-20T17:20:25.652Z] [INFO] Saved extraction record to Supabase with ID 699 (candidate_id: C1685) for: resume_031_Arjun_Patel.pdf
[2026-08-20T17:20:25.652Z] [INFO] Cleaned up temporary file: E:\Srinivas\PDF\PDF\uploads\documents-1787246420042-397217140.pdf
[2026-08-20T17:20:25.655Z] [INFO] Saved extraction record to Supabase with ID 698 (candidate_id: C1684) for: resume_030_Kavya_Deshmukh.pdf
[2026-08-20T17:20:25.656Z] [INFO] Cleaned up temporary file: E:\Srinivas\PDF\PDF\uploads\documents-1787246420042-616986433.pdf
[2026-08-20T17:20:25.755Z] [INFO] Saved extraction record to Supabase with ID 700 (candidate_id: C1686) for: resume_032_Arjun_Gupta.pdf
[2026-08-20T17:20:25.759Z] [INFO] Cleaned up temporary file: E:\Srinivas\PDF\PDF\uploads\documents-1787246420043-306477274.pdf
[2026-08-20T17:20:25.768Z] [INFO] Saved extraction record to Supabase with ID 701 (candidate_id: C1688) for: resume_034_Priya_Mishra.pdf
[2026-08-20T17:20:25.770Z] [INFO] Cleaned up temporary file: E:\Srinivas\PDF\PDF\uploads\documents-1787246420043-553742961.pdf
[2026-08-20T17:20:25.774Z] [INFO] Saved extraction record to Supabase with ID 702 (candidate_id: C1689) for: resume_035_Pooja_Mehta.pdf
[2026-08-20T17:20:25.778Z] [INFO] Cleaned up temporary file: E:\Srinivas\PDF\PDF\uploads\documents-1787246420043-938319577.pdf
[2026-08-20T17:20:25.785Z] [INFO] Saved extraction record to Supabase with ID 703 (candidate_id: C1690) for: resume_036_Sneha_Reddy.pdf
[2026-08-20T17:20:25.786Z] [INFO] Cleaned up temporary file: E:\Srinivas\PDF\PDF\uploads\documents-1787246420043-943257636.pdf
[2026-08-20T17:20:25.787Z] [INFO] Saved extraction record to Supabase with ID 704 (candidate_id: C1692) for: resume_038_Neha_Sharma.pdf
[2026-08-20T17:20:25.788Z] [INFO] Cleaned up temporary file: E:\Srinivas\PDF\PDF\uploads\documents-1787246420060-740526094.pdf
[2026-08-20T17:20:25.790Z] [INFO] Saved extraction record to Supabase with ID 706 (candidate_id: C1696) for: resume_042_Meera_Singh.pdf
[2026-08-20T17:20:25.791Z] [INFO] Cleaned up temporary file: E:\Srinivas\PDF\PDF\uploads\documents-1787246420061-979136290.pdf
[2026-08-20T17:20:25.793Z] [INFO] Saved extraction record to Supabase with ID 705 (candidate_id: C1694) for: resume_040_Meera_Deshmukh.pdf
[2026-08-20T17:20:25.794Z] [INFO] Cleaned up temporary file: E:\Srinivas\PDF\PDF\uploads\documents-1787246420061-590065988.pdf
[2026-08-20T17:20:25.796Z] [INFO] Saved extraction record to Supabase with ID 707 (candidate_id: C1693) for: resume_039_Aarav_Patel.pdf
[2026-08-20T17:20:25.797Z] [INFO] Cleaned up temporary file: E:\Srinivas\PDF\PDF\uploads\documents-1787246420061-430804313.pdf
[2026-08-20T17:20:25.798Z] [INFO] Saved extraction record to Supabase with ID 708 (candidate_id: C1697) for: resume_043_Kavya_Joshi.pdf
[2026-08-20T17:20:25.801Z] [INFO] Cleaned up temporary file: E:\Srinivas\PDF\PDF\uploads\documents-1787246420061-739913781.pdf
[2026-08-20T17:20:25.802Z] [INFO] Saved extraction record to Supabase with ID 709 (candidate_id: C1698) for: resume_044_Nikhil_Shah.pdf
[2026-08-20T17:20:25.804Z] [INFO] Cleaned up temporary file: E:\Srinivas\PDF\PDF\uploads\documents-1787246420110-549744701.pdf
[2026-08-20T17:20:25.912Z] [INFO] Saved extraction record to Supabase with ID 710 (candidate_id: C1700) for: resume_046_Rahul_Shah.pdf
[2026-08-20T17:20:25.978Z] [INFO] Cleaned up temporary file: E:\Srinivas\PDF\PDF\uploads\documents-1787246420113-871917586.pdf
[2026-08-20T17:20:25.982Z] [INFO] Saved extraction record to Supabase with ID 711 (candidate_id: C1701) for: resume_047_Ananya_Reddy.pdf
[2026-08-20T17:20:25.988Z] [INFO] Cleaned up temporary file: E:\Srinivas\PDF\PDF\uploads\documents-1787246420114-452496786.pdf
[2026-08-20T17:20:25.993Z] [INFO] Saved extraction record to Supabase with ID 712 (candidate_id: C1702) for: resume_048_Nikhil_Verma.pdf
[2026-08-20T17:20:25.997Z] [INFO] Cleaned up temporary file: E:\Srinivas\PDF\PDF\uploads\documents-1787246420114-346617574.pdf
[2026-08-20T17:20:26.004Z] [INFO] Saved extraction record to Supabase with ID 713 (candidate_id: C1706) for: resume_052_Vikram_Mishra.pdf
[2026-08-20T17:20:26.008Z] [INFO] Cleaned up temporary file: E:\Srinivas\PDF\PDF\uploads\documents-1787246420114-722080571.pdf
[2026-08-20T17:20:26.014Z] [INFO] Saved extraction record to Supabase with ID 714 (candidate_id: C1704) for: resume_050_Arjun_Shah.pdf
[2026-08-20T17:20:26.020Z] [INFO] Cleaned up temporary file: E:\Srinivas\PDF\PDF\uploads\documents-1787246420114-730350555.pdf
[2026-08-20T17:20:26.025Z] [INFO] Saved extraction record to Supabase with ID 715 (candidate_id: C1708) for: resume_054_Isha_Sharma.pdf
[2026-08-20T17:20:26.027Z] [INFO] Cleaned up temporary file: E:\Srinivas\PDF\PDF\uploads\documents-1787246420114-151027598.pdf
[2026-08-20T17:20:26.030Z] [INFO] Saved extraction record to Supabase with ID 716 (candidate_id: C1705) for: resume_051_Neha_Joshi.pdf
[2026-08-20T17:20:26.031Z] [INFO] Cleaned up temporary file: E:\Srinivas\PDF\PDF\uploads\documents-1787246420114-850530745.pdf
[2026-08-20T17:20:26.036Z] [INFO] Saved extraction record to Supabase with ID 719 (candidate_id: C1710) for: resume_056_Karan_Singh.pdf
[2026-08-20T17:20:26.037Z] [INFO] Cleaned up temporary file: E:\Srinivas\PDF\PDF\uploads\documents-1787246420114-957677353.pdf
[2026-08-20T17:20:26.039Z] [INFO] Saved extraction record to Supabase with ID 717 (candidate_id: C1709) for: resume_055_Karan_Deshmukh.pdf
[2026-08-20T17:20:26.042Z] [INFO] Cleaned up temporary file: E:\Srinivas\PDF\PDF\uploads\documents-1787246420114-206132038.pdf
[2026-08-20T17:20:26.045Z] [INFO] Saved extraction record to Supabase with ID 718 (candidate_id: C1712) for: resume_058_Vikram_Mishra.pdf
[2026-08-20T17:20:26.047Z] [INFO] Cleaned up temporary file: E:\Srinivas\PDF\PDF\uploads\documents-1787246420114-38610990.pdf
[2026-08-20T17:20:26.053Z] [INFO] Saved extraction record to Supabase with ID 720 (candidate_id: C1713) for: resume_059_Nikhil_Nair.pdf
[2026-08-20T17:20:26.054Z] [INFO] Cleaned up temporary file: E:\Srinivas\PDF\PDF\uploads\documents-1787246420114-700801754.pdf
[2026-08-20T17:20:26.122Z] [INFO] Saved extraction record to Supabase with ID 721 (candidate_id: C1714) for: resume_060_Kavya_Patel.pdf
[2026-08-20T17:20:26.124Z] [INFO] Cleaned up temporary file: E:\Srinivas\PDF\PDF\uploads\documents-1787246420115-44362270.pdf
[2026-08-20T17:20:26.137Z] [INFO] Cleaned up temporary file: E:\Srinivas\PDF\PDF\uploads\documents-1787246420115-488243105.pdf
[2026-08-20T17:20:26.135Z] [INFO] Saved extraction record to Supabase with ID 722 (candidate_id: C1716) for: resume_062_Rahul_Gupta.pdf
[2026-08-20T17:20:26.141Z] [INFO] Saved extraction record to Supabase with ID 723 (candidate_id: C1717) for: resume_063_Rohan_Joshi.pdf
[2026-08-20T17:20:26.144Z] [INFO] Cleaned up temporary file: E:\Srinivas\PDF\PDF\uploads\documents-1787246420115-419043707.pdf
[2026-08-20T17:20:26.157Z] [INFO] Saved extraction record to Supabase with ID 724 (candidate_id: C1718) for: resume_064_Aditya_Mishra.pdf
[2026-08-20T17:20:26.159Z] [INFO] Cleaned up temporary file: E:\Srinivas\PDF\PDF\uploads\documents-1787246420115-401991659.pdf
[2026-08-20T17:20:26.169Z] [INFO] Cleaned up temporary file: E:\Srinivas\PDF\PDF\uploads\documents-1787246420115-974429020.pdf
[2026-08-20T17:20:26.165Z] [INFO] Saved extraction record to Supabase with ID 725 (candidate_id: C1721) for: resume_067_Nikhil_Reddy.pdf
[2026-08-20T17:20:26.172Z] [INFO] Saved extraction record to Supabase with ID 726 (candidate_id: C1722) for: resume_068_Isha_Gupta.pdf
[2026-08-20T17:20:26.177Z] [INFO] Cleaned up temporary file: E:\Srinivas\PDF\PDF\uploads\documents-1787246420115-963851851.pdf
[2026-08-20T17:20:26.179Z] [INFO] Saved extraction record to Supabase with ID 727 (candidate_id: C1723) for: resume_069_Arjun_Mehta.pdf
[2026-08-20T17:20:26.182Z] [INFO] Cleaned up temporary file: E:\Srinivas\PDF\PDF\uploads\documents-1787246420125-330054207.pdf
[2026-08-20T17:20:26.188Z] [INFO] Saved extraction record to Supabase with ID 730 (candidate_id: C1727) for: resume_073_Isha_Patel.pdf
[2026-08-20T17:20:26.191Z] [INFO] Cleaned up temporary file: E:\Srinivas\PDF\PDF\uploads\documents-1787246420126-530613543.pdf
[2026-08-20T17:20:26.194Z] [INFO] Saved extraction record to Supabase with ID 728 (candidate_id: C1725) for: resume_071_Aarav_Nair.pdf
[2026-08-20T17:20:26.197Z] [INFO] Cleaned up temporary file: E:\Srinivas\PDF\PDF\uploads\documents-1787246420126-488478073.pdf
[2026-08-20T17:20:26.198Z] [INFO] Saved extraction record to Supabase with ID 729 (candidate_id: C1726) for: resume_072_Ananya_Mishra.pdf
[2026-08-20T17:20:26.202Z] [INFO] Cleaned up temporary file: E:\Srinivas\PDF\PDF\uploads\documents-1787246420126-975021331.pdf
[2026-08-20T17:20:26.254Z] [INFO] Saved extraction record to Supabase with ID 731 (candidate_id: C1730) for: resume_076_Vikram_Kumar.pdf
[2026-08-20T17:20:26.256Z] [INFO] Cleaned up temporary file: E:\Srinivas\PDF\PDF\uploads\documents-1787246420126-297024562.pdf
[2026-08-20T17:20:26.272Z] [INFO] Saved extraction record to Supabase with ID 732 (candidate_id: C1729) for: resume_075_Kavya_Mishra.pdf
[2026-08-20T17:20:26.273Z] [INFO] Cleaned up temporary file: E:\Srinivas\PDF\PDF\uploads\documents-1787246420126-682679910.pdf
[2026-08-20T17:20:26.276Z] [INFO] Saved extraction record to Supabase with ID 733 (candidate_id: C1731) for: resume_077_Kavya_Sharma.pdf
[2026-08-20T17:20:26.278Z] [INFO] Cleaned up temporary file: E:\Srinivas\PDF\PDF\uploads\documents-1787246420126-548485567.pdf
[2026-08-20T17:20:26.306Z] [INFO] Saved extraction record to Supabase with ID 734 (candidate_id: C1733) for: resume_079_Kavya_Shah.pdf
[2026-08-20T17:20:26.308Z] [INFO] Cleaned up temporary file: E:\Srinivas\PDF\PDF\uploads\documents-1787246420126-422098730.pdf
[2026-08-20T17:20:26.310Z] [INFO] Saved extraction record to Supabase with ID 735 (candidate_id: C1720) for: resume_066_Aarav_Gupta.pdf
[2026-08-20T17:20:26.311Z] [INFO] Cleaned up temporary file: E:\Srinivas\PDF\PDF\uploads\documents-1787246420115-343453116.pdf
[2026-08-20T17:20:26.317Z] [INFO] Saved extraction record to Supabase with ID 736 (candidate_id: C1734) for: resume_080_Priya_Joshi.pdf
[2026-08-20T17:20:26.318Z] [INFO] Cleaned up temporary file: E:\Srinivas\PDF\PDF\uploads\documents-1787246420126-674909700.pdf
[2026-08-20T17:20:26.320Z] [INFO] Saved extraction record to Supabase with ID 737 (candidate_id: C1738) for: resume_084_Aarav_Kulkarni.pdf
[2026-08-20T17:20:26.322Z] [INFO] Cleaned up temporary file: E:\Srinivas\PDF\PDF\uploads\documents-1787246420126-364853890.pdf
[2026-08-20T17:20:26.323Z] [INFO] Saved extraction record to Supabase with ID 738 (candidate_id: C1736) for: resume_082_Isha_Patel.pdf
[2026-08-20T17:20:26.324Z] [INFO] Cleaned up temporary file: E:\Srinivas\PDF\PDF\uploads\documents-1787246420126-781606898.pdf
[2026-08-20T17:20:26.335Z] [INFO] Saved extraction record to Supabase with ID 739 (candidate_id: C1740) for: resume_086_Sneha_Kumar.pdf
[2026-08-20T17:20:26.336Z] [INFO] Cleaned up temporary file: E:\Srinivas\PDF\PDF\uploads\documents-1787246420128-537276217.pdf
[2026-08-20T17:20:26.338Z] [INFO] Saved extraction record to Supabase with ID 740 (candidate_id: C1737) for: resume_083_Kavya_Kulkarni.pdf
[2026-08-20T17:20:26.338Z] [INFO] Cleaned up temporary file: E:\Srinivas\PDF\PDF\uploads\documents-1787246420126-836804462.pdf
[2026-08-20T17:20:26.387Z] [INFO] Saved extraction record to Supabase with ID 741 (candidate_id: C1741) for: resume_087_Isha_Nair.pdf
[2026-08-20T17:20:26.388Z] [INFO] Cleaned up temporary file: E:\Srinivas\PDF\PDF\uploads\documents-1787246420155-542100462.pdf
[2026-08-20T17:20:26.424Z] [INFO] Saved extraction record to Supabase with ID 742 (candidate_id: C1744) for: resume_090_Karan_Shah.pdf
[2026-08-20T17:20:26.425Z] [INFO] Cleaned up temporary file: E:\Srinivas\PDF\PDF\uploads\documents-1787246420157-246465971.pdf
[2026-08-20T17:20:26.428Z] [INFO] Saved extraction record to Supabase with ID 743 (candidate_id: C1742) for: resume_088_Karan_Mehta.pdf
[2026-08-20T17:20:26.430Z] [INFO] Cleaned up temporary file: E:\Srinivas\PDF\PDF\uploads\documents-1787246420156-856994491.pdf
[2026-08-20T17:20:26.448Z] [INFO] Saved extraction record to Supabase with ID 744 (candidate_id: C1745) for: resume_091_Karan_Joshi.pdf
[2026-08-20T17:20:26.452Z] [INFO] Cleaned up temporary file: E:\Srinivas\PDF\PDF\uploads\documents-1787246420157-994755901.pdf
[2026-08-20T17:20:26.454Z] [INFO] Saved extraction record to Supabase with ID 745 (candidate_id: C1746) for: resume_092_Ananya_Gupta.pdf
[2026-08-20T17:20:26.456Z] [INFO] Cleaned up temporary file: E:\Srinivas\PDF\PDF\uploads\documents-1787246420158-639334367.pdf
[2026-08-20T17:20:26.459Z] [INFO] Saved extraction record to Supabase with ID 748 (candidate_id: C1750) for: resume_096_Rohan_Mehta.pdf
[2026-08-20T17:20:26.461Z] [INFO] Cleaned up temporary file: E:\Srinivas\PDF\PDF\uploads\documents-1787246420158-609181928.pdf
[2026-08-20T17:20:26.464Z] [INFO] Saved extraction record to Supabase with ID 746 (candidate_id: C1747) for: resume_093_Aditya_Deshmukh.pdf
[2026-08-20T17:20:26.469Z] [INFO] Cleaned up temporary file: E:\Srinivas\PDF\PDF\uploads\documents-1787246420158-254524006.pdf
[2026-08-20T17:20:26.472Z] [INFO] Saved extraction record to Supabase with ID 747 (candidate_id: C1749) for: resume_095_Ananya_Shah.pdf
[2026-08-20T17:20:26.473Z] [INFO] Cleaned up temporary file: E:\Srinivas\PDF\PDF\uploads\documents-1787246420158-916083782.pdf
[2026-08-20T17:20:26.476Z] [INFO] Saved extraction record to Supabase with ID 749 (candidate_id: C1752) for: resume_098_Kavya_Kulkarni.pdf
[2026-08-20T17:20:26.478Z] [INFO] Cleaned up temporary file: E:\Srinivas\PDF\PDF\uploads\documents-1787246420158-664486027.pdf
[2026-08-20T17:20:26.481Z] [INFO] Saved extraction record to Supabase with ID 750 (candidate_id: C1753) for: resume_099_Nikhil_Mishra.pdf
[2026-08-20T17:20:26.482Z] [INFO] Cleaned up temporary file: E:\Srinivas\PDF\PDF\uploads\documents-1787246420158-435477522.pdf
[2026-08-20T17:20:26.522Z] [INFO] Saved extraction record to Supabase with ID 751 (candidate_id: C1754) for: resume_100_Kavya_Sharma.pdf
[2026-08-20T17:20:26.523Z] [INFO] Cleaned up temporary file: E:\Srinivas\PDF\PDF\uploads\documents-1787246420188-356904819.pdf
[2026-08-20T17:20:26.561Z] [INFO] Saved extraction record to Supabase with ID 752 (candidate_id: C1756) for: resume_102_Ananya_Kulkarni.pdf
[2026-08-20T17:20:26.562Z] [INFO] Cleaned up temporary file: E:\Srinivas\PDF\PDF\uploads\documents-1787246420188-301750405.pdf
[2026-08-20T17:20:26.564Z] [INFO] Saved extraction record to Supabase with ID 753 (candidate_id: C1757) for: resume_103_Aditya_Nair.pdf
[2026-08-20T17:20:26.567Z] [INFO] Cleaned up temporary file: E:\Srinivas\PDF\PDF\uploads\documents-1787246420188-965261992.pdf
[2026-08-20T17:20:26.587Z] [INFO] Saved extraction record to Supabase with ID 756 (candidate_id: C1761) for: resume_107_Neha_Kulkarni.pdf
[2026-08-20T17:20:26.590Z] [INFO] Cleaned up temporary file: E:\Srinivas\PDF\PDF\uploads\documents-1787246420262-766306198.pdf
[2026-08-20T17:20:26.595Z] [INFO] Saved extraction record to Supabase with ID 754 (candidate_id: C1758) for: resume_104_Arjun_Mishra.pdf
[2026-08-20T17:20:26.597Z] [INFO] Cleaned up temporary file: E:\Srinivas\PDF\PDF\uploads\documents-1787246420188-547378088.pdf
[2026-08-20T17:20:26.602Z] [INFO] Saved extraction record to Supabase with ID 755 (candidate_id: C1760) for: resume_106_Arjun_Deshmukh.pdf
[2026-08-20T17:20:26.603Z] [INFO] Cleaned up temporary file: E:\Srinivas\PDF\PDF\uploads\documents-1787246420262-141869310.pdf
[2026-08-20T17:20:26.618Z] [INFO] Saved extraction record to Supabase with ID 757 (candidate_id: C1763) for: resume_109_Rohan_Joshi.pdf
[2026-08-20T17:20:26.618Z] [INFO] Cleaned up temporary file: E:\Srinivas\PDF\PDF\uploads\documents-1787246420263-432921983.pdf
[2026-08-20T17:20:26.622Z] [INFO] Cleaned up temporary file: E:\Srinivas\PDF\PDF\uploads\documents-1787246420263-856915452.pdf
[2026-08-20T17:20:26.623Z] [INFO] Saved extraction record to Supabase with ID 758 (candidate_id: C1765) for: resume_111_Ananya_Mishra.pdf
[2026-08-20T17:20:26.620Z] [INFO] Saved extraction record to Supabase with ID 759 (candidate_id: C1764) for: resume_110_Neha_Mishra.pdf
[2026-08-20T17:20:26.625Z] [INFO] Cleaned up temporary file: E:\Srinivas\PDF\PDF\uploads\documents-1787246420263-851008943.pdf
[2026-08-20T17:20:26.635Z] [INFO] Saved extraction record to Supabase with ID 760 (candidate_id: C1766) for: resume_112_Neha_Verma.pdf
[2026-08-20T17:20:26.637Z] [INFO] Cleaned up temporary file: E:\Srinivas\PDF\PDF\uploads\documents-1787246420295-307743466.pdf
[2026-08-20T17:20:26.655Z] [INFO] Saved extraction record to Supabase with ID 761 (candidate_id: C1768) for: resume_114_Aarav_Verma.pdf
[2026-08-20T17:20:26.656Z] [INFO] Cleaned up temporary file: E:\Srinivas\PDF\PDF\uploads\documents-1787246420296-511410812.pdf
[2026-08-20T17:20:26.696Z] [INFO] Saved extraction record to Supabase with ID 762 (candidate_id: C1769) for: resume_115_Ananya_Nair.pdf
[2026-08-20T17:20:26.698Z] [INFO] Cleaned up temporary file: E:\Srinivas\PDF\PDF\uploads\documents-1787246420296-241583664.pdf
[2026-08-20T17:20:26.704Z] [INFO] Saved extraction record to Supabase with ID 763 (candidate_id: C1770) for: resume_116_Priya_Nair.pdf
[2026-08-20T17:20:26.707Z] [INFO] Cleaned up temporary file: E:\Srinivas\PDF\PDF\uploads\documents-1787246420297-215095464.pdf
[2026-08-20T17:20:26.717Z] [INFO] Saved extraction record to Supabase with ID 764 (candidate_id: C1772) for: resume_118_Karan_Deshmukh.pdf
[2026-08-20T17:20:26.719Z] [INFO] Cleaned up temporary file: E:\Srinivas\PDF\PDF\uploads\documents-1787246420406-689919649.pdf
[2026-08-20T17:20:26.737Z] [INFO] Saved extraction record to Supabase with ID 765 (candidate_id: C1773) for: resume_119_Meera_Shah.pdf
[2026-08-20T17:20:26.739Z] [INFO] Cleaned up temporary file: E:\Srinivas\PDF\PDF\uploads\documents-1787246420406-793843449.pdf
[2026-08-20T17:20:26.742Z] [INFO] Saved extraction record to Supabase with ID 766 (candidate_id: C1774) for: resume_120_Aditya_Kulkarni.pdf
[2026-08-20T17:20:26.743Z] [INFO] Cleaned up temporary file: E:\Srinivas\PDF\PDF\uploads\documents-1787246420406-535511011.pdf
[2026-08-20T17:20:26.758Z] [INFO] Saved extraction record to Supabase with ID 769 (candidate_id: C1664) for: resume_010_Meera_Deshmukh.pdf
[2026-08-20T17:20:26.762Z] [INFO] Saved extraction record to Supabase with ID 767 (candidate_id: C1660) for: resume_006_Kavya_Patel.pdf
[2026-08-20T17:20:26.760Z] [INFO] Cleaned up temporary file: E:\Srinivas\PDF\PDF\uploads\documents-1787246420036-943248652.pdf
[2026-08-20T17:20:26.762Z] [INFO] Cleaned up temporary file: E:\Srinivas\PDF\PDF\uploads\documents-1787246420035-238628466.pdf
[2026-08-20T17:20:26.764Z] [INFO] Saved extraction record to Supabase with ID 768 (candidate_id: C1668) for: resume_014_Aarav_Deshmukh.pdf
[2026-08-20T17:20:26.767Z] [INFO] Cleaned up temporary file: E:\Srinivas\PDF\PDF\uploads\documents-1787246420037-635602935.pdf
[2026-08-20T17:20:26.777Z] [INFO] Saved extraction record to Supabase with ID 770 (candidate_id: C1672) for: resume_018_Aarav_Patel.pdf
[2026-08-20T17:20:26.779Z] [INFO] Cleaned up temporary file: E:\Srinivas\PDF\PDF\uploads\documents-1787246420040-749595749.pdf
[2026-08-20T17:20:26.785Z] [INFO] Saved extraction record to Supabase with ID 771 (candidate_id: C1675) for: resume_021_Aditya_Reddy.pdf
[2026-08-20T17:20:26.786Z] [INFO] Cleaned up temporary file: E:\Srinivas\PDF\PDF\uploads\documents-1787246420040-114515977.pdf
[2026-08-20T17:20:26.833Z] [INFO] Saved extraction record to Supabase with ID 772 (candidate_id: C1679) for: resume_025_Vikram_Sharma.pdf
[2026-08-20T17:20:26.835Z] [INFO] Cleaned up temporary file: E:\Srinivas\PDF\PDF\uploads\documents-1787246420041-256062917.pdf
[2026-08-20T17:20:26.841Z] [INFO] Saved extraction record to Supabase with ID 773 (candidate_id: C1683) for: resume_029_Rahul_Gupta.pdf
[2026-08-20T17:20:26.842Z] [INFO] Cleaned up temporary file: E:\Srinivas\PDF\PDF\uploads\documents-1787246420042-101103208.pdf
[2026-08-20T17:20:26.844Z] [INFO] Saved extraction record to Supabase with ID 774 (candidate_id: C1687) for: resume_033_Arjun_Verma.pdf
[2026-08-20T17:20:26.844Z] [INFO] Cleaned up temporary file: E:\Srinivas\PDF\PDF\uploads\documents-1787246420043-381713306.pdf
[2026-08-20T17:20:26.877Z] [INFO] Saved extraction record to Supabase with ID 775 (candidate_id: C1691) for: resume_037_Sneha_Reddy.pdf
[2026-08-20T17:20:26.880Z] [INFO] Saved extraction record to Supabase with ID 776 (candidate_id: C1695) for: resume_041_Pooja_Joshi.pdf
[2026-08-20T17:20:26.881Z] [INFO] Cleaned up temporary file: E:\Srinivas\PDF\PDF\uploads\documents-1787246420061-931305777.pdf
[2026-08-20T17:20:26.879Z] [INFO] Cleaned up temporary file: E:\Srinivas\PDF\PDF\uploads\documents-1787246420043-322499076.pdf
[2026-08-20T17:20:26.897Z] [INFO] Saved extraction record to Supabase with ID 777 (candidate_id: C1699) for: resume_045_Rahul_Mishra.pdf
[2026-08-20T17:20:26.898Z] [INFO] Cleaned up temporary file: E:\Srinivas\PDF\PDF\uploads\documents-1787246420113-523269856.pdf
[2026-08-20T17:20:26.903Z] [INFO] Cleaned up temporary file: E:\Srinivas\PDF\PDF\uploads\documents-1787246420114-808159791.pdf
[2026-08-20T17:20:26.902Z] [INFO] Saved extraction record to Supabase with ID 778 (candidate_id: C1707) for: resume_053_Kavya_Reddy.pdf
[2026-08-20T17:20:26.904Z] [INFO] Saved extraction record to Supabase with ID 779 (candidate_id: C1703) for: resume_049_Nikhil_Verma.pdf
[2026-08-20T17:20:26.905Z] [INFO] Cleaned up temporary file: E:\Srinivas\PDF\PDF\uploads\documents-1787246420114-379932557.pdf
[2026-08-20T17:20:26.917Z] [INFO] Saved extraction record to Supabase with ID 781 (candidate_id: C1715) for: resume_061_Ananya_Nair.pdf
[2026-08-20T17:20:26.918Z] [INFO] Cleaned up temporary file: E:\Srinivas\PDF\PDF\uploads\documents-1787246420115-447421407.pdf
[2026-08-20T17:20:26.919Z] [INFO] Saved extraction record to Supabase with ID 780 (candidate_id: C1711) for: resume_057_Aarav_Nair.pdf
[2026-08-20T17:20:26.920Z] [INFO] Cleaned up temporary file: E:\Srinivas\PDF\PDF\uploads\documents-1787246420114-538156901.pdf
[2026-08-20T17:20:26.970Z] [INFO] Saved extraction record to Supabase with ID 782 (candidate_id: C1719) for: resume_065_Aarav_Shah.pdf
[2026-08-20T17:20:26.971Z] [INFO] Cleaned up temporary file: E:\Srinivas\PDF\PDF\uploads\documents-1787246420115-737814509.pdf
[2026-08-20T17:20:26.974Z] [INFO] Saved extraction record to Supabase with ID 783 (candidate_id: C1728) for: resume_074_Rahul_Mehta.pdf
[2026-08-20T17:20:26.976Z] [INFO] Cleaned up temporary file: E:\Srinivas\PDF\PDF\uploads\documents-1787246420126-54692440.pdf
[2026-08-20T17:20:26.981Z] [INFO] Saved extraction record to Supabase with ID 784 (candidate_id: C1724) for: resume_070_Isha_Kumar.pdf
[2026-08-20T17:20:26.985Z] [INFO] Cleaned up temporary file: E:\Srinivas\PDF\PDF\uploads\documents-1787246420125-222467733.pdf
[2026-08-20T17:20:27.018Z] [INFO] Cleaned up temporary file: E:\Srinivas\PDF\PDF\uploads\documents-1787246420126-521486911.pdf
[2026-08-20T17:20:27.017Z] [INFO] Saved extraction record to Supabase with ID 785 (candidate_id: C1735) for: resume_081_Arjun_Deshmukh.pdf
[2026-08-20T17:20:27.018Z] [INFO] Saved extraction record to Supabase with ID 786 (candidate_id: C1732) for: resume_078_Meera_Patel.pdf
[2026-08-20T17:20:27.019Z] [INFO] Cleaned up temporary file: E:\Srinivas\PDF\PDF\uploads\documents-1787246420126-159323205.pdf
[2026-08-20T17:20:27.034Z] [INFO] Saved extraction record to Supabase with ID 787 (candidate_id: C1739) for: resume_085_Priya_Mehta.pdf
[2026-08-20T17:20:27.034Z] [INFO] Cleaned up temporary file: E:\Srinivas\PDF\PDF\uploads\documents-1787246420126-276633716.pdf
[2026-08-20T17:20:27.038Z] [INFO] Saved extraction record to Supabase with ID 788 (candidate_id: C1743) for: resume_089_Aarav_Kumar.pdf
[2026-08-20T17:20:27.039Z] [INFO] Cleaned up temporary file: E:\Srinivas\PDF\PDF\uploads\documents-1787246420156-556624040.pdf
[2026-08-20T17:20:27.046Z] [INFO] Saved extraction record to Supabase with ID 789 (candidate_id: C1748) for: resume_094_Priya_Deshmukh.pdf
[2026-08-20T17:20:27.050Z] [INFO] Cleaned up temporary file: E:\Srinivas\PDF\PDF\uploads\documents-1787246420158-990940517.pdf
[2026-08-20T17:20:27.048Z] [INFO] Saved extraction record to Supabase with ID 790 (candidate_id: C1751) for: resume_097_Neha_Shah.pdf
[2026-08-20T17:20:27.047Z] [INFO] Cleaned up temporary file: E:\Srinivas\PDF\PDF\uploads\documents-1787246420158-84843989.pdf
[2026-08-20T17:20:27.061Z] [INFO] Saved extraction record to Supabase with ID 791 (candidate_id: C1755) for: resume_101_Neha_Deshmukh.pdf
[2026-08-20T17:20:27.062Z] [INFO] Cleaned up temporary file: E:\Srinivas\PDF\PDF\uploads\documents-1787246420188-804446337.pdf
[2026-08-20T17:20:27.100Z] [INFO] Saved extraction record to Supabase with ID 793 (candidate_id: C1762) for: resume_108_Kavya_Shah.pdf
[2026-08-20T17:20:27.102Z] [INFO] Cleaned up temporary file: E:\Srinivas\PDF\PDF\uploads\documents-1787246420263-391016187.pdf
[2026-08-20T17:20:27.106Z] [INFO] Saved extraction record to Supabase with ID 792 (candidate_id: C1759) for: resume_105_Karan_Mishra.pdf
[2026-08-20T17:20:27.107Z] [INFO] Cleaned up temporary file: E:\Srinivas\PDF\PDF\uploads\documents-1787246420190-683123211.pdf
[2026-08-20T17:20:27.119Z] [INFO] Saved extraction record to Supabase with ID 794 (candidate_id: C1767) for: resume_113_Aditya_Reddy.pdf
[2026-08-20T17:20:27.120Z] [INFO] Cleaned up temporary file: E:\Srinivas\PDF\PDF\uploads\documents-1787246420296-96415467.pdf
[2026-08-20T17:20:27.316Z] [INFO] Cleaned up temporary file: E:\Srinivas\PDF\PDF\uploads\documents-1787246420297-980859273.pdf
[2026-08-20T17:20:27.154Z] [INFO] Saved extraction record to Supabase with ID 795 (candidate_id: C1771) for: resume_117_Isha_Nair.pdf
[2026-08-20T17:20:48.156Z] [INFO] Sending 120 document(s) to webhook as a single payload...
[2026-08-20T17:20:48.156Z] [INFO] Sending payload to webhook: https://sakshi654.app.n8n.cloud/webhook-test/e601a6d1-9dbf-4b9d-b2bb-69c6dec0bd45 (Attempt 1/3)
[2026-08-20T17:20:49.482Z] [INFO] Webhook successfully delivered on attempt 1. Status: 200
[2026-08-20T17:37:38.529Z] [INFO] Sending payload to webhook: https://sakshi654.app.n8n.cloud/webhook-test/e601a6d1-9dbf-4b9d-b2bb-69c6dec0bd45 (Attempt 1/3)
[2026-08-20T17:37:38.427Z] [INFO] Sending 120 document(s) to webhook as a single payload...
[2026-08-20T17:37:39.091Z] [INFO] Webhook successfully delivered on attempt 1. Status: 200
[2026-08-20T17:41:09.351Z] [INFO] Sending 120 document(s) to webhook as a single payload...
[2026-08-20T17:41:09.352Z] [INFO] Sending payload to webhook: https://sakshi654.app.n8n.cloud/webhook-test/e601a6d1-9dbf-4b9d-b2bb-69c6dec0bd45 (Attempt 1/3)
[2026-08-20T17:41:10.984Z] [ERROR] Webhook delivery failed on attempt 1: Request failed with status code 404
[2026-08-20T17:41:10.985Z] [INFO] Retrying in 1000ms...
[2026-08-20T17:41:11.998Z] [INFO] Sending payload to webhook: https://sakshi654.app.n8n.cloud/webhook-test/e601a6d1-9dbf-4b9d-b2bb-69c6dec0bd45 (Attempt 2/3)
[2026-08-20T17:41:12.343Z] [ERROR] Webhook delivery failed on attempt 2: Request failed with status code 404
[2026-08-20T17:41:12.344Z] [INFO] Retrying in 2000ms...
[2026-08-20T17:41:14.357Z] [INFO] Sending payload to webhook: https://sakshi654.app.n8n.cloud/webhook-test/e601a6d1-9dbf-4b9d-b2bb-69c6dec0bd45 (Attempt 3/3)
[2026-08-20T17:41:14.691Z] [ERROR] Webhook delivery failed on attempt 3: Request failed with status code 404
[2026-08-20T17:41:14.692Z] [ERROR] All webhook delivery attempts failed.
[2026-08-21T03:55:45.029Z] [INFO] Performing magic-number verification for: resume_006_Kavya_Patel.pdf
[2026-08-21T03:55:45.051Z] [INFO] Magic-number check passed for resume_006_Kavya_Patel.pdf. Detected: pdf
[2026-08-21T03:55:45.056Z] [INFO] Starting text extraction for type: pdf
[2026-08-21T03:55:45.152Z] [WARN] qpdf repair skipped for E:\Srinivas\PDF\PDF\uploads\documents-1787284543040-496783166.pdf: spawnSync qpdf ENOENT
[2026-08-21T03:55:45.217Z] [INFO] Extraction complete: 1087 characters, 1 pages, email: kavya.patel6@example.com
[2026-08-21T03:55:45.371Z] [INFO] Saved extraction record to Supabase with ID 796 (candidate_id: C1775) for: resume_006_Kavya_Patel.pdf
[2026-08-21T03:55:45.373Z] [INFO] Cleaned up temporary file: E:\Srinivas\PDF\PDF\uploads\documents-1787284543040-496783166.pdf
[2026-08-21T03:55:48.019Z] [INFO] Sending 1 document(s) to webhook as a single payload...
[2026-08-21T03:55:48.023Z] [INFO] Sending payload to webhook: https://sakshi654.app.n8n.cloud/webhook-test/e601a6d1-9dbf-4b9d-b2bb-69c6dec0bd45 (Attempt 1/3)
[2026-08-21T03:55:48.430Z] [INFO] Webhook successfully delivered on attempt 1. Status: 200
[2026-08-25T03:32:35.044Z] [INFO] Running pdfjs-dist fallback self-test...
[2026-08-25T03:32:36.563Z] [INFO] ✅ pdfjs-dist fallback self-test passed successfully.
[2026-08-25T03:32:35.037Z] [INFO] Server is running in production mode on http://localhost:3000
[2026-08-25T03:32:37.536Z] [INFO] Successfully connected to Supabase PostgreSQL database.
[2026-08-25T03:32:37.821Z] [INFO] Database extractions table initialized.
[2026-08-25T03:39:35.716Z] [INFO] Server is running in production mode on http://localhost:3000
[2026-08-25T03:39:37.332Z] [INFO] ✅ pdfjs-dist fallback self-test passed successfully.
[2026-08-25T03:39:35.718Z] [INFO] Running pdfjs-dist fallback self-test...
[2026-08-25T03:39:38.287Z] [INFO] Successfully connected to Supabase PostgreSQL database.
[2026-08-25T03:39:38.558Z] [INFO] Database extractions table initialized.
[2026-08-25T03:39:54.739Z] [INFO] Performing magic-number verification for: resume_003_Neha_Shah.pdf
[2026-08-25T03:39:54.740Z] [INFO] Performing magic-number verification for: resume_004_Aditya_Patel.pdf
[2026-08-25T03:39:54.741Z] [INFO] Performing magic-number verification for: resume_005_Karan_Patel.pdf
[2026-08-25T03:39:54.743Z] [INFO] Performing magic-number verification for: resume_006_Kavya_Patel.pdf
[2026-08-25T03:39:54.745Z] [INFO] Magic-number check passed for resume_003_Neha_Shah.pdf. Detected: pdf
[2026-08-25T03:39:54.748Z] [INFO] Starting text extraction for type: pdf
[2026-08-25T03:39:54.844Z] [WARN] qpdf repair skipped for E:\Srinivas\PDF\PDF\uploads\documents-1787629193626-37272502.pdf: spawnSync qpdf ENOENT
[2026-08-25T03:39:55.197Z] [INFO] Magic-number check passed for resume_004_Aditya_Patel.pdf. Detected: pdf
[2026-08-25T03:39:55.198Z] [INFO] Starting text extraction for type: pdf
[2026-08-25T03:39:55.200Z] [WARN] qpdf repair skipped for E:\Srinivas\PDF\PDF\uploads\documents-1787629193627-779847335.pdf: spawnSync qpdf ENOENT
[2026-08-25T03:39:55.206Z] [INFO] Magic-number check passed for resume_005_Karan_Patel.pdf. Detected: pdf
[2026-08-25T03:39:55.211Z] [INFO] Starting text extraction for type: pdf
[2026-08-25T03:39:55.217Z] [WARN] qpdf repair skipped for E:\Srinivas\PDF\PDF\uploads\documents-1787629193627-134690276.pdf: spawnSync qpdf ENOENT
[2026-08-25T03:39:55.712Z] [INFO] Extraction complete: 1044 characters, 1 pages, email: karan.patel5@example.com
[2026-08-25T03:39:55.713Z] [INFO] Extraction complete: 1044 characters, 1 pages, email: karan.patel5@example.com
[2026-08-25T03:39:55.713Z] [INFO] Extraction complete: 1044 characters, 1 pages, email: karan.patel5@example.com
[2026-08-25T03:39:55.717Z] [INFO] Magic-number check passed for resume_006_Kavya_Patel.pdf. Detected: pdf
[2026-08-25T03:39:55.718Z] [INFO] Starting text extraction for type: pdf
[2026-08-25T03:39:55.734Z] [INFO] Extraction complete: 1087 characters, 1 pages, email: kavya.patel6@example.com
[2026-08-25T03:39:55.723Z] [WARN] qpdf repair skipped for E:\Srinivas\PDF\PDF\uploads\documents-1787629193627-208409645.pdf: spawnSync qpdf ENOENT
[2026-08-25T03:39:55.848Z] [INFO] Saved extraction record to Supabase with ID 797 (candidate_id: C1776) for: resume_003_Neha_Shah.pdf
[2026-08-25T03:39:55.850Z] [INFO] Cleaned up temporary file: E:\Srinivas\PDF\PDF\uploads\documents-1787629193626-37272502.pdf
[2026-08-25T03:39:56.666Z] [INFO] Saved extraction record to Supabase with ID 798 (candidate_id: C1777) for: resume_004_Aditya_Patel.pdf
[2026-08-25T03:39:56.668Z] [INFO] Cleaned up temporary file: E:\Srinivas\PDF\PDF\uploads\documents-1787629193627-779847335.pdf
[2026-08-25T03:39:56.678Z] [INFO] Saved extraction record to Supabase with ID 799 (candidate_id: C1778) for: resume_005_Karan_Patel.pdf
[2026-08-25T03:39:56.683Z] [INFO] Cleaned up temporary file: E:\Srinivas\PDF\PDF\uploads\documents-1787629193627-134690276.pdf
[2026-08-25T03:39:56.695Z] [INFO] Saved extraction record to Supabase with ID 800 (candidate_id: C1779) for: resume_006_Kavya_Patel.pdf
[2026-08-25T03:39:56.802Z] [INFO] Cleaned up temporary file: E:\Srinivas\PDF\PDF\uploads\documents-1787629193627-208409645.pdf
[2026-08-25T03:40:19.393Z] [INFO] Sending 4 document(s) to webhook as a single payload...
[2026-08-25T03:40:19.394Z] [INFO] Sending payload to webhook: https://sakshi654.app.n8n.cloud/webhook-test/e601a6d1-9dbf-4b9d-b2bb-69c6dec0bd45 (Attempt 1/3)
[2026-08-25T03:40:20.511Z] [INFO] Webhook successfully delivered on attempt 1. Status: 200
[2026-08-30T09:35:49.606Z] [INFO] Server is running in production mode on http://localhost:3000
[2026-08-30T09:35:49.609Z] [INFO] Running pdfjs-dist fallback self-test...
[2026-08-30T09:35:51.216Z] [INFO] ✅ pdfjs-dist fallback self-test passed successfully.
[2026-08-30T09:35:52.194Z] [INFO] Successfully connected to Supabase PostgreSQL database.
[2026-08-30T09:35:52.478Z] [INFO] Database extractions table initialized.
[2026-08-30T09:36:24.423Z] [INFO] Performing magic-number verification for: resume_001_Ananya_Sharma.pdf
[2026-08-30T09:36:24.424Z] [INFO] Performing magic-number verification for: resume_002_Priya_Sharma.pdf
[2026-08-30T09:36:24.424Z] [INFO] Performing magic-number verification for: resume_003_Neha_Shah.pdf
[2026-08-30T09:36:24.426Z] [INFO] Performing magic-number verification for: resume_005_Karan_Patel.pdf
[2026-08-30T09:36:24.425Z] [INFO] Performing magic-number verification for: resume_004_Aditya_Patel.pdf
[2026-08-30T09:36:24.428Z] [INFO] Performing magic-number verification for: resume_008_Neha_Kulkarni.pdf
[2026-08-30T09:36:24.427Z] [INFO] Performing magic-number verification for: resume_006_Kavya_Patel.pdf
[2026-08-30T09:36:24.429Z] [INFO] Performing magic-number verification for: resume_009_Vikram_Kulkarni.pdf
[2026-08-30T09:36:24.441Z] [INFO] Performing magic-number verification for: resume_010_Meera_Deshmukh.pdf
[2026-08-30T09:36:24.443Z] [INFO] Performing magic-number verification for: resume_011_Sneha_Reddy.pdf
[2026-08-30T09:36:24.449Z] [INFO] Performing magic-number verification for: resume_012_Ananya_Kulkarni.pdf
[2026-08-30T09:36:24.428Z] [INFO] Performing magic-number verification for: resume_007_Arjun_Nair.pdf
[2026-08-30T09:36:24.468Z] [WARN] qpdf repair skipped for E:\Srinivas\PDF\PDF\uploads\documents-1788082583343-109443569.pdf: spawnSync qpdf ENOENT
[2026-08-30T09:36:24.455Z] [INFO] Magic-number check passed for resume_001_Ananya_Sharma.pdf. Detected: pdf
[2026-08-30T09:36:24.456Z] [INFO] Starting text extraction for type: pdf
[2026-08-30T09:36:26.252Z] [WARN] pdf-parse failed for E:\Srinivas\PDF\PDF\uploads\documents-1788082583343-109443569.pdf (bad XRef entry). Falling back to pdfjs-dist...
[2026-08-30T09:36:26.269Z] [INFO] Magic-number check passed for resume_002_Priya_Sharma.pdf. Detected: pdf
[2026-08-30T09:36:26.270Z] [INFO] Starting text extraction for type: pdf
[2026-08-30T09:36:26.277Z] [WARN] qpdf repair skipped for E:\Srinivas\PDF\PDF\uploads\documents-1788082583343-737598272.pdf: spawnSync qpdf ENOENT
[2026-08-30T09:36:26.373Z] [INFO] Extraction complete: 1085 characters, 1 pages, email: priya.sharma2@example.com
[2026-08-30T09:36:26.377Z] [INFO] Magic-number check passed for resume_003_Neha_Shah.pdf. Detected: pdf
[2026-08-30T09:36:26.377Z] [INFO] Starting text extraction for type: pdf
[2026-08-30T09:36:26.385Z] [WARN] qpdf repair skipped for E:\Srinivas\PDF\PDF\uploads\documents-1788082583344-229989124.pdf: spawnSync qpdf ENOENT
[2026-08-30T09:36:26.406Z] [INFO] Extraction complete: 1065 characters, 1 pages, email: neha.shah3@example.com
[2026-08-30T09:36:26.409Z] [INFO] Magic-number check passed for resume_004_Aditya_Patel.pdf. Detected: pdf
[2026-08-30T09:36:26.410Z] [INFO] Starting text extraction for type: pdf
[2026-08-30T09:36:26.426Z] [WARN] qpdf repair skipped for E:\Srinivas\PDF\PDF\uploads\documents-1788082583344-755655322.pdf: spawnSync qpdf ENOENT
[2026-08-30T09:36:26.459Z] [INFO] Extraction complete: 1092 characters, 1 pages, email: aditya.patel4@example.com
[2026-08-30T09:36:26.470Z] [INFO] Magic-number check passed for resume_005_Karan_Patel.pdf. Detected: pdf
[2026-08-30T09:36:26.473Z] [INFO] Starting text extraction for type: pdf
[2026-08-30T09:36:26.486Z] [WARN] qpdf repair skipped for E:\Srinivas\PDF\PDF\uploads\documents-1788082583344-496475520.pdf: spawnSync qpdf ENOENT
[2026-08-30T09:36:26.506Z] [INFO] Extraction complete: 1092 characters, 1 pages, email: aditya.patel4@example.com
[2026-08-30T09:36:26.509Z] [INFO] Magic-number check passed for resume_006_Kavya_Patel.pdf. Detected: pdf
[2026-08-30T09:36:26.509Z] [INFO] Starting text extraction for type: pdf
[2026-08-30T09:36:26.517Z] [WARN] qpdf repair skipped for E:\Srinivas\PDF\PDF\uploads\documents-1788082583344-230266037.pdf: spawnSync qpdf ENOENT
[2026-08-30T09:36:26.519Z] [WARN] pdf-parse failed for E:\Srinivas\PDF\PDF\uploads\documents-1788082583344-230266037.pdf (bad XRef entry). Falling back to pdfjs-dist...
[2026-08-30T09:36:26.524Z] [INFO] Magic-number check passed for resume_007_Arjun_Nair.pdf. Detected: pdf
[2026-08-30T09:36:26.524Z] [INFO] Starting text extraction for type: pdf
[2026-08-30T09:36:26.529Z] [WARN] qpdf repair skipped for E:\Srinivas\PDF\PDF\uploads\documents-1788082583345-335052259.pdf: spawnSync qpdf ENOENT
[2026-08-30T09:36:26.541Z] [INFO] Extraction complete: 1082 characters, 1 pages, email: arjun.nair7@example.com
[2026-08-30T09:36:26.544Z] [INFO] Magic-number check passed for resume_008_Neha_Kulkarni.pdf. Detected: pdf
[2026-08-30T09:36:26.549Z] [INFO] Starting text extraction for type: pdf
[2026-08-30T09:36:26.555Z] [WARN] qpdf repair skipped for E:\Srinivas\PDF\PDF\uploads\documents-1788082583350-707138759.pdf: spawnSync qpdf ENOENT
[2026-08-30T09:36:26.570Z] [INFO] Extraction complete: 1080 characters, 1 pages, email: neha.kulkarni8@example.com
[2026-08-30T09:36:26.571Z] [INFO] Magic-number check passed for resume_009_Vikram_Kulkarni.pdf. Detected: pdf
[2026-08-30T09:36:26.572Z] [INFO] Starting text extraction for type: pdf
[2026-08-30T09:36:26.575Z] [WARN] qpdf repair skipped for E:\Srinivas\PDF\PDF\uploads\documents-1788082583350-329075540.pdf: spawnSync qpdf ENOENT
[2026-08-30T09:36:26.588Z] [INFO] Extraction complete: 1080 characters, 1 pages, email: neha.kulkarni8@example.com
[2026-08-30T09:36:26.590Z] [INFO] Magic-number check passed for resume_010_Meera_Deshmukh.pdf. Detected: pdf
[2026-08-30T09:36:26.591Z] [INFO] Starting text extraction for type: pdf
[2026-08-30T09:36:26.595Z] [WARN] qpdf repair skipped for E:\Srinivas\PDF\PDF\uploads\documents-1788082583351-177659487.pdf: spawnSync qpdf ENOENT
[2026-08-30T09:36:26.601Z] [WARN] pdf-parse failed for E:\Srinivas\PDF\PDF\uploads\documents-1788082583351-177659487.pdf (bad XRef entry). Falling back to pdfjs-dist...
[2026-08-30T09:36:26.606Z] [INFO] Magic-number check passed for resume_011_Sneha_Reddy.pdf. Detected: pdf
[2026-08-30T09:36:26.607Z] [INFO] Starting text extraction for type: pdf
[2026-08-30T09:36:26.614Z] [WARN] qpdf repair skipped for E:\Srinivas\PDF\PDF\uploads\documents-1788082583351-501068112.pdf: spawnSync qpdf ENOENT
[2026-08-30T09:36:26.640Z] [INFO] Extraction complete: 1032 characters, 1 pages, email: sneha.reddy11@example.com
[2026-08-30T09:36:26.653Z] [INFO] Magic-number check passed for resume_012_Ananya_Kulkarni.pdf. Detected: pdf
[2026-08-30T09:36:26.657Z] [INFO] Starting text extraction for type: pdf
[2026-08-30T09:36:26.677Z] [WARN] qpdf repair skipped for E:\Srinivas\PDF\PDF\uploads\documents-1788082583351-697689786.pdf: spawnSync qpdf ENOENT
[2026-08-30T09:36:26.690Z] [INFO] Extraction complete: 1086 characters, 1 pages, email: ananya.kulkarni12@example.com
[2026-08-30T09:36:26.777Z] [INFO] Extraction complete: 1044 characters, 1 pages, email: ananya.sharma1@example.com
[2026-08-30T09:36:26.782Z] [INFO] Saved extraction record to Supabase with ID 801 (candidate_id: C1781) for: resume_002_Priya_Sharma.pdf
[2026-08-30T09:36:26.783Z] [INFO] Cleaned up temporary file: E:\Srinivas\PDF\PDF\uploads\documents-1788082583343-737598272.pdf
[2026-08-30T09:36:26.831Z] [INFO] Extraction complete: 1086 characters, 1 pages, email: kavya.patel6@example.com
[2026-08-30T09:36:26.865Z] [INFO] Extraction complete: 1056 characters, 1 pages, email: meera.deshmukh10@example.com
[2026-08-30T09:36:26.972Z] [INFO] Saved extraction record to Supabase with ID 802 (candidate_id: C1785) for: resume_006_Kavya_Patel.pdf
[2026-08-30T09:36:26.973Z] [INFO] Cleaned up temporary file: E:\Srinivas\PDF\PDF\uploads\documents-1788082583344-230266037.pdf
[2026-08-30T09:36:27.108Z] [INFO] Saved extraction record to Supabase with ID 803 (candidate_id: C1789) for: resume_010_Meera_Deshmukh.pdf
[2026-08-30T09:36:27.109Z] [INFO] Cleaned up temporary file: E:\Srinivas\PDF\PDF\uploads\documents-1788082583351-177659487.pdf
[2026-08-30T09:36:27.619Z] [INFO] Saved extraction record to Supabase with ID 804 (candidate_id: C1783) for: resume_004_Aditya_Patel.pdf
[2026-08-30T09:36:27.620Z] [INFO] Cleaned up temporary file: E:\Srinivas\PDF\PDF\uploads\documents-1788082583344-755655322.pdf
[2026-08-30T09:36:27.643Z] [INFO] Saved extraction record to Supabase with ID 805 (candidate_id: C1790) for: resume_011_Sneha_Reddy.pdf
[2026-08-30T09:36:27.645Z] [INFO] Cleaned up temporary file: E:\Srinivas\PDF\PDF\uploads\documents-1788082583351-501068112.pdf
[2026-08-30T09:36:27.651Z] [INFO] Saved extraction record to Supabase with ID 806 (candidate_id: C1787) for: resume_008_Neha_Kulkarni.pdf
[2026-08-30T09:36:27.656Z] [INFO] Cleaned up temporary file: E:\Srinivas\PDF\PDF\uploads\documents-1788082583350-707138759.pdf
[2026-08-30T09:36:27.658Z] [INFO] Saved extraction record to Supabase with ID 807 (candidate_id: C1782) for: resume_003_Neha_Shah.pdf
[2026-08-30T09:36:27.660Z] [INFO] Cleaned up temporary file: E:\Srinivas\PDF\PDF\uploads\documents-1788082583344-229989124.pdf
[2026-08-30T09:36:27.669Z] [INFO] Saved extraction record to Supabase with ID 808 (candidate_id: C1784) for: resume_005_Karan_Patel.pdf
[2026-08-30T09:36:27.673Z] [INFO] Cleaned up temporary file: E:\Srinivas\PDF\PDF\uploads\documents-1788082583344-496475520.pdf
[2026-08-30T09:36:27.685Z] [INFO] Saved extraction record to Supabase with ID 810 (candidate_id: C1788) for: resume_009_Vikram_Kulkarni.pdf
[2026-08-30T09:36:27.687Z] [INFO] Cleaned up temporary file: E:\Srinivas\PDF\PDF\uploads\documents-1788082583350-329075540.pdf
[2026-08-30T09:36:27.689Z] [INFO] Saved extraction record to Supabase with ID 809 (candidate_id: C1786) for: resume_007_Arjun_Nair.pdf
[2026-08-30T09:36:27.690Z] [INFO] Cleaned up temporary file: E:\Srinivas\PDF\PDF\uploads\documents-1788082583345-335052259.pdf
[2026-08-30T09:36:27.691Z] [INFO] Saved extraction record to Supabase with ID 811 (candidate_id: C1791) for: resume_012_Ananya_Kulkarni.pdf
[2026-08-30T09:36:27.710Z] [INFO] Cleaned up temporary file: E:\Srinivas\PDF\PDF\uploads\documents-1788082583351-697689786.pdf
[2026-08-30T09:36:27.767Z] [INFO] Saved extraction record to Supabase with ID 812 (candidate_id: C1780) for: resume_001_Ananya_Sharma.pdf
[2026-08-30T09:36:27.786Z] [INFO] Cleaned up temporary file: E:\Srinivas\PDF\PDF\uploads\documents-1788082583343-109443569.pdf
[2026-08-30T09:36:34.504Z] [INFO] Sending 12 document(s) to webhook as a single payload...
[2026-08-30T09:36:34.505Z] [INFO] Sending payload to webhook: https://sakshi654.app.n8n.cloud/webhook-test/e601a6d1-9dbf-4b9d-b2bb-69c6dec0bd45 (Attempt 1/3)
[2026-08-30T09:36:35.453Z] [ERROR] Webhook delivery failed on attempt 1: Request failed with status code 404
[2026-08-30T09:36:35.454Z] [INFO] Retrying in 1000ms...
[2026-08-30T09:36:36.456Z] [INFO] Sending payload to webhook: https://sakshi654.app.n8n.cloud/webhook-test/e601a6d1-9dbf-4b9d-b2bb-69c6dec0bd45 (Attempt 2/3)
[2026-08-30T09:36:36.740Z] [ERROR] Webhook delivery failed on attempt 2: Request failed with status code 404
[2026-08-30T09:36:36.741Z] [INFO] Retrying in 2000ms...
[2026-08-30T09:36:38.742Z] [INFO] Sending payload to webhook: https://sakshi654.app.n8n.cloud/webhook-test/e601a6d1-9dbf-4b9d-b2bb-69c6dec0bd45 (Attempt 3/3)
[2026-08-30T09:36:38.925Z] [ERROR] Webhook delivery failed on attempt 3: Request failed with status code 404
[2026-08-30T09:36:38.933Z] [ERROR] All webhook delivery attempts failed.
[2026-08-30T09:36:47.642Z] [INFO] Sending 12 document(s) to webhook as a single payload...
[2026-08-30T09:36:47.646Z] [INFO] Sending payload to webhook: https://sakshi654.app.n8n.cloud/webhook-test/e601a6d1-9dbf-4b9d-b2bb-69c6dec0bd45 (Attempt 1/3)
[2026-08-30T09:36:48.158Z] [INFO] Webhook successfully delivered on attempt 1. Status: 200
[2026-08-30T09:37:35.446Z] [INFO] Performing magic-number verification for: resume_110_Neha_Mishra.pdf
[2026-08-30T09:37:35.447Z] [INFO] Performing magic-number verification for: resume_111_Ananya_Mishra.pdf
[2026-08-30T09:37:35.448Z] [INFO] Performing magic-number verification for: resume_112_Neha_Verma.pdf
[2026-08-30T09:37:35.448Z] [INFO] Performing magic-number verification for: resume_113_Aditya_Reddy.pdf
[2026-08-30T09:37:35.449Z] [INFO] Performing magic-number verification for: resume_114_Aarav_Verma.pdf
[2026-08-30T09:37:35.449Z] [INFO] Performing magic-number verification for: resume_115_Ananya_Nair.pdf
[2026-08-30T09:37:35.450Z] [INFO] Performing magic-number verification for: resume_116_Priya_Nair.pdf
[2026-08-30T09:37:35.450Z] [INFO] Performing magic-number verification for: resume_117_Isha_Nair.pdf
[2026-08-30T09:37:35.450Z] [INFO] Performing magic-number verification for: resume_118_Karan_Deshmukh.pdf
[2026-08-30T09:37:35.451Z] [INFO] Performing magic-number verification for: resume_119_Meera_Shah.pdf
[2026-08-30T09:37:35.451Z] [INFO] Performing magic-number verification for: resume_120_Aditya_Kulkarni.pdf
[2026-08-30T09:37:35.455Z] [INFO] Magic-number check passed for resume_110_Neha_Mishra.pdf. Detected: pdf
[2026-08-30T09:37:35.456Z] [INFO] Starting text extraction for type: pdf
[2026-08-30T09:37:35.463Z] [WARN] qpdf repair skipped for E:\Srinivas\PDF\PDF\uploads\documents-1788082654211-786416886.pdf: spawnSync qpdf ENOENT
[2026-08-30T09:37:35.466Z] [WARN] pdf-parse failed for E:\Srinivas\PDF\PDF\uploads\documents-1788082654211-786416886.pdf (bad XRef entry). Falling back to pdfjs-dist...
[2026-08-30T09:37:35.475Z] [INFO] Magic-number check passed for resume_111_Ananya_Mishra.pdf. Detected: pdf
[2026-08-30T09:37:35.478Z] [INFO] Starting text extraction for type: pdf
[2026-08-30T09:37:35.487Z] [WARN] qpdf repair skipped for E:\Srinivas\PDF\PDF\uploads\documents-1788082654212-704902507.pdf: spawnSync qpdf ENOENT
[2026-08-30T09:37:35.504Z] [INFO] Extraction complete: 1066 characters, 1 pages, email: ananya.mishra111@example.com
[2026-08-30T09:37:35.506Z] [INFO] Magic-number check passed for resume_112_Neha_Verma.pdf. Detected: pdf
[2026-08-30T09:37:35.507Z] [INFO] Starting text extraction for type: pdf
[2026-08-30T09:37:35.511Z] [WARN] qpdf repair skipped for E:\Srinivas\PDF\PDF\uploads\documents-1788082654212-445003635.pdf: spawnSync qpdf ENOENT
[2026-08-30T09:37:35.512Z] [WARN] pdf-parse failed for E:\Srinivas\PDF\PDF\uploads\documents-1788082654212-445003635.pdf (bad XRef entry). Falling back to pdfjs-dist...
[2026-08-30T09:37:35.521Z] [INFO] Magic-number check passed for resume_113_Aditya_Reddy.pdf. Detected: pdf
[2026-08-30T09:37:35.521Z] [INFO] Starting text extraction for type: pdf
[2026-08-30T09:37:35.527Z] [WARN] qpdf repair skipped for E:\Srinivas\PDF\PDF\uploads\documents-1788082654212-277656378.pdf: spawnSync qpdf ENOENT
[2026-08-30T09:37:35.541Z] [INFO] Extraction complete: 1073 characters, 1 pages, email: aditya.reddy113@example.com
[2026-08-30T09:37:35.544Z] [INFO] Magic-number check passed for resume_114_Aarav_Verma.pdf. Detected: pdf
[2026-08-30T09:37:35.548Z] [INFO] Starting text extraction for type: pdf
[2026-08-30T09:37:35.556Z] [WARN] qpdf repair skipped for E:\Srinivas\PDF\PDF\uploads\documents-1788082654213-763123269.pdf: spawnSync qpdf ENOENT
[2026-08-30T09:37:35.567Z] [INFO] Extraction complete: 1069 characters, 1 pages, email: aarav.verma114@example.com
[2026-08-30T09:37:35.574Z] [INFO] Magic-number check passed for resume_115_Ananya_Nair.pdf. Detected: pdf
[2026-08-30T09:37:35.575Z] [INFO] Starting text extraction for type: pdf
[2026-08-30T09:37:35.582Z] [WARN] qpdf repair skipped for E:\Srinivas\PDF\PDF\uploads\documents-1788082654213-940456683.pdf: spawnSync qpdf ENOENT
[2026-08-30T09:37:35.592Z] [INFO] Extraction complete: 1069 characters, 1 pages, email: aarav.verma114@example.com
[2026-08-30T09:37:35.593Z] [INFO] Magic-number check passed for resume_116_Priya_Nair.pdf. Detected: pdf
[2026-08-30T09:37:35.595Z] [INFO] Starting text extraction for type: pdf
[2026-08-30T09:37:35.606Z] [WARN] qpdf repair skipped for E:\Srinivas\PDF\PDF\uploads\documents-1788082654215-818665371.pdf: spawnSync qpdf ENOENT
[2026-08-30T09:37:35.607Z] [WARN] pdf-parse failed for E:\Srinivas\PDF\PDF\uploads\documents-1788082654215-818665371.pdf (bad XRef entry). Falling back to pdfjs-dist...
[2026-08-30T09:37:35.612Z] [INFO] Magic-number check passed for resume_117_Isha_Nair.pdf. Detected: pdf
[2026-08-30T09:37:35.612Z] [INFO] Starting text extraction for type: pdf
[2026-08-30T09:37:35.628Z] [WARN] qpdf repair skipped for E:\Srinivas\PDF\PDF\uploads\documents-1788082654224-775037754.pdf: spawnSync qpdf ENOENT
[2026-08-30T09:37:35.640Z] [INFO] Extraction complete: 1045 characters, 1 pages, email: isha.nair117@example.com
[2026-08-30T09:37:35.642Z] [INFO] Magic-number check passed for resume_118_Karan_Deshmukh.pdf. Detected: pdf
[2026-08-30T09:37:35.643Z] [INFO] Starting text extraction for type: pdf
[2026-08-30T09:37:35.649Z] [WARN] qpdf repair skipped for E:\Srinivas\PDF\PDF\uploads\documents-1788082654224-119368438.pdf: spawnSync qpdf ENOENT
[2026-08-30T09:37:35.660Z] [INFO] Extraction complete: 1068 characters, 1 pages, email: karan.deshmukh118@example.com
[2026-08-30T09:37:35.662Z] [INFO] Magic-number check passed for resume_119_Meera_Shah.pdf. Detected: pdf
[2026-08-30T09:37:35.662Z] [INFO] Starting text extraction for type: pdf
[2026-08-30T09:37:35.673Z] [WARN] qpdf repair skipped for E:\Srinivas\PDF\PDF\uploads\documents-1788082654224-230046974.pdf: spawnSync qpdf ENOENT
[2026-08-30T09:37:35.685Z] [INFO] Extraction complete: 1068 characters, 1 pages, email: karan.deshmukh118@example.com
[2026-08-30T09:37:35.687Z] [INFO] Magic-number check passed for resume_120_Aditya_Kulkarni.pdf. Detected: pdf
[2026-08-30T09:37:35.687Z] [INFO] Starting text extraction for type: pdf
[2026-08-30T09:37:35.691Z] [WARN] qpdf repair skipped for E:\Srinivas\PDF\PDF\uploads\documents-1788082654225-71440126.pdf: spawnSync qpdf ENOENT
[2026-08-30T09:37:35.693Z] [WARN] pdf-parse failed for E:\Srinivas\PDF\PDF\uploads\documents-1788082654225-71440126.pdf (bad XRef entry). Falling back to pdfjs-dist...
[2026-08-30T09:37:35.709Z] [INFO] Saved extraction record to Supabase with ID 813 (candidate_id: C1793) for: resume_111_Ananya_Mishra.pdf
[2026-08-30T09:37:35.710Z] [INFO] Cleaned up temporary file: E:\Srinivas\PDF\PDF\uploads\documents-1788082654212-704902507.pdf
[2026-08-30T09:37:35.744Z] [INFO] Extraction complete: 1073 characters, 1 pages, email: neha.mishra110@example.com
[2026-08-30T09:37:35.818Z] [INFO] Extraction complete: 1078 characters, 1 pages, email: neha.verma112@example.com
[2026-08-30T09:37:35.861Z] [INFO] Extraction complete: 1063 characters, 1 pages, email: priya.nair116@example.com
[2026-08-30T09:37:35.921Z] [INFO] Extraction complete: 1080 characters, 1 pages, email: aditya.kulkarni120@example.com
[2026-08-30T09:37:35.935Z] [INFO] Saved extraction record to Supabase with ID 814 (candidate_id: C1792) for: resume_110_Neha_Mishra.pdf
[2026-08-30T09:37:35.939Z] [INFO] Cleaned up temporary file: E:\Srinivas\PDF\PDF\uploads\documents-1788082654211-786416886.pdf
[2026-08-30T09:37:36.683Z] [INFO] Saved extraction record to Supabase with ID 815 (candidate_id: C1797) for: resume_115_Ananya_Nair.pdf
[2026-08-30T09:37:36.684Z] [INFO] Cleaned up temporary file: E:\Srinivas\PDF\PDF\uploads\documents-1788082654213-940456683.pdf
[2026-08-30T09:37:36.693Z] [INFO] Saved extraction record to Supabase with ID 816 (candidate_id: C1799) for: resume_117_Isha_Nair.pdf
[2026-08-30T09:37:36.694Z] [INFO] Cleaned up temporary file: E:\Srinivas\PDF\PDF\uploads\documents-1788082654224-775037754.pdf
[2026-08-30T09:37:36.707Z] [INFO] Saved extraction record to Supabase with ID 817 (candidate_id: C1795) for: resume_113_Aditya_Reddy.pdf
[2026-08-30T09:37:36.708Z] [INFO] Cleaned up temporary file: E:\Srinivas\PDF\PDF\uploads\documents-1788082654212-277656378.pdf
[2026-08-30T09:37:36.753Z] [INFO] Saved extraction record to Supabase with ID 818 (candidate_id: C1801) for: resume_119_Meera_Shah.pdf
[2026-08-30T09:37:36.754Z] [INFO] Cleaned up temporary file: E:\Srinivas\PDF\PDF\uploads\documents-1788082654224-230046974.pdf
[2026-08-30T09:37:36.762Z] [INFO] Saved extraction record to Supabase with ID 819 (candidate_id: C1796) for: resume_114_Aarav_Verma.pdf
[2026-08-30T09:37:36.769Z] [INFO] Cleaned up temporary file: E:\Srinivas\PDF\PDF\uploads\documents-1788082654213-763123269.pdf
[2026-08-30T09:37:36.772Z] [INFO] Saved extraction record to Supabase with ID 820 (candidate_id: C1800) for: resume_118_Karan_Deshmukh.pdf
[2026-08-30T09:37:36.774Z] [INFO] Cleaned up temporary file: E:\Srinivas\PDF\PDF\uploads\documents-1788082654224-119368438.pdf
[2026-08-30T09:37:36.803Z] [INFO] Saved extraction record to Supabase with ID 821 (candidate_id: C1798) for: resume_116_Priya_Nair.pdf
[2026-08-30T09:37:36.804Z] [INFO] Cleaned up temporary file: E:\Srinivas\PDF\PDF\uploads\documents-1788082654215-818665371.pdf
[2026-08-30T09:37:36.862Z] [INFO] Saved extraction record to Supabase with ID 822 (candidate_id: C1802) for: resume_120_Aditya_Kulkarni.pdf
[2026-08-30T09:37:36.862Z] [INFO] Cleaned up temporary file: E:\Srinivas\PDF\PDF\uploads\documents-1788082654225-71440126.pdf
[2026-08-30T09:37:36.872Z] [INFO] Saved extraction record to Supabase with ID 823 (candidate_id: C1794) for: resume_112_Neha_Verma.pdf
[2026-08-30T09:37:36.873Z] [INFO] Cleaned up temporary file: E:\Srinivas\PDF\PDF\uploads\documents-1788082654212-445003635.pdf
[2026-08-30T09:37:42.219Z] [INFO] Sending payload to webhook: https://sakshi654.app.n8n.cloud/webhook-test/e601a6d1-9dbf-4b9d-b2bb-69c6dec0bd45 (Attempt 1/3)
[2026-08-30T09:37:42.218Z] [INFO] Sending 11 document(s) to webhook as a single payload...
[2026-08-30T09:37:43.189Z] [INFO] Webhook successfully delivered on attempt 1. Status: 200
[2026-08-30T11:19:37.385Z] [INFO] Performing magic-number verification for: resume_086_Sneha_Kumar.pdf
[2026-08-30T11:19:37.386Z] [INFO] Performing magic-number verification for: resume_088_Karan_Mehta.pdf
[2026-08-30T11:19:37.387Z] [INFO] Performing magic-number verification for: resume_089_Aarav_Kumar.pdf
[2026-08-30T11:19:37.387Z] [INFO] Performing magic-number verification for: resume_090_Karan_Shah.pdf
[2026-08-30T11:19:37.387Z] [INFO] Performing magic-number verification for: resume_091_Karan_Joshi.pdf
[2026-08-30T11:19:36.918Z] [INFO] Performing magic-number verification for: resume_085_Priya_Mehta.pdf
[2026-08-30T11:19:37.388Z] [INFO] Performing magic-number verification for: resume_092_Ananya_Gupta.pdf
[2026-08-30T11:19:37.388Z] [INFO] Performing magic-number verification for: resume_093_Aditya_Deshmukh.pdf
[2026-08-30T11:19:37.388Z] [INFO] Performing magic-number verification for: resume_094_Priya_Deshmukh.pdf
[2026-08-30T11:19:37.389Z] [INFO] Performing magic-number verification for: resume_095_Ananya_Shah.pdf
[2026-08-30T11:19:37.389Z] [INFO] Performing magic-number verification for: resume_096_Rohan_Mehta.pdf
[2026-08-30T11:19:37.390Z] [INFO] Performing magic-number verification for: resume_097_Neha_Shah.pdf
[2026-08-30T11:19:37.390Z] [INFO] Performing magic-number verification for: resume_098_Kavya_Kulkarni.pdf
[2026-08-30T11:19:37.391Z] [INFO] Performing magic-number verification for: resume_100_Kavya_Sharma.pdf
[2026-08-30T11:19:37.386Z] [INFO] Performing magic-number verification for: resume_087_Isha_Nair.pdf
[2026-08-30T11:19:37.391Z] [INFO] Performing magic-number verification for: resume_101_Neha_Deshmukh.pdf
[2026-08-30T11:19:37.391Z] [INFO] Performing magic-number verification for: resume_102_Ananya_Kulkarni.pdf
[2026-08-30T11:19:37.392Z] [INFO] Performing magic-number verification for: resume_103_Aditya_Nair.pdf
[2026-08-30T11:19:37.392Z] [INFO] Performing magic-number verification for: resume_104_Arjun_Mishra.pdf
[2026-08-30T11:19:37.390Z] [INFO] Performing magic-number verification for: resume_099_Nikhil_Mishra.pdf
[2026-08-30T11:19:37.392Z] [INFO] Performing magic-number verification for: resume_105_Karan_Mishra.pdf
[2026-08-30T11:19:37.393Z] [INFO] Performing magic-number verification for: resume_106_Arjun_Deshmukh.pdf
[2026-08-30T11:19:37.393Z] [INFO] Performing magic-number verification for: resume_107_Neha_Kulkarni.pdf
[2026-08-30T11:19:37.393Z] [INFO] Performing magic-number verification for: resume_108_Kavya_Shah.pdf
[2026-08-30T11:19:37.393Z] [INFO] Performing magic-number verification for: resume_109_Rohan_Joshi.pdf
[2026-08-30T11:19:37.394Z] [INFO] Performing magic-number verification for: resume_110_Neha_Mishra.pdf
[2026-08-30T11:19:37.394Z] [INFO] Performing magic-number verification for: resume_111_Ananya_Mishra.pdf
[2026-08-30T11:19:37.394Z] [INFO] Performing magic-number verification for: resume_112_Neha_Verma.pdf
[2026-08-30T11:19:37.395Z] [INFO] Performing magic-number verification for: resume_113_Aditya_Reddy.pdf
[2026-08-30T11:19:37.395Z] [INFO] Performing magic-number verification for: resume_115_Ananya_Nair.pdf
[2026-08-30T11:19:37.395Z] [INFO] Performing magic-number verification for: resume_114_Aarav_Verma.pdf
[2026-08-30T11:19:37.396Z] [INFO] Performing magic-number verification for: resume_116_Priya_Nair.pdf
[2026-08-30T11:19:37.396Z] [INFO] Performing magic-number verification for: resume_117_Isha_Nair.pdf
[2026-08-30T11:19:37.396Z] [INFO] Performing magic-number verification for: resume_118_Karan_Deshmukh.pdf
[2026-08-30T11:19:37.396Z] [INFO] Performing magic-number verification for: resume_119_Meera_Shah.pdf
[2026-08-30T11:19:37.397Z] [INFO] Performing magic-number verification for: resume_120_Aditya_Kulkarni.pdf
[2026-08-30T11:19:37.603Z] [INFO] Starting text extraction for type: pdf
[2026-08-30T11:19:37.569Z] [INFO] Magic-number check passed for resume_085_Priya_Mehta.pdf. Detected: pdf
[2026-08-30T11:19:38.246Z] [WARN] qpdf repair skipped for E:\Srinivas\PDF\PDF\uploads\documents-1788088774147-20617268.pdf: spawnSync qpdf ENOENT
[2026-08-30T11:19:39.112Z] [INFO] Extraction complete: 1054 characters, 1 pages, email: priya.mehta85@example.com
[2026-08-30T11:19:39.121Z] [INFO] Magic-number check passed for resume_086_Sneha_Kumar.pdf. Detected: pdf
[2026-08-30T11:19:39.153Z] [WARN] pdf-parse failed for E:\Srinivas\PDF\PDF\uploads\documents-1788088774172-181626108.pdf (bad XRef entry). Falling back to pdfjs-dist...
[2026-08-30T11:19:39.122Z] [INFO] Starting text extraction for type: pdf
[2026-08-30T11:19:39.129Z] [WARN] qpdf repair skipped for E:\Srinivas\PDF\PDF\uploads\documents-1788088774172-181626108.pdf: spawnSync qpdf ENOENT
[2026-08-30T11:19:39.430Z] [INFO] Magic-number check passed for resume_087_Isha_Nair.pdf. Detected: pdf
[2026-08-30T11:19:39.434Z] [INFO] Starting text extraction for type: pdf
[2026-08-30T11:19:39.436Z] [WARN] qpdf repair skipped for E:\Srinivas\PDF\PDF\uploads\documents-1788088774173-829932451.pdf: spawnSync qpdf ENOENT
[2026-08-30T11:19:39.462Z] [INFO] Extraction complete: 1044 characters, 1 pages, email: isha.nair87@example.com
[2026-08-30T11:19:39.466Z] [INFO] Magic-number check passed for resume_088_Karan_Mehta.pdf. Detected: pdf
[2026-08-30T11:19:39.468Z] [INFO] Starting text extraction for type: pdf
[2026-08-30T11:19:39.472Z] [WARN] qpdf repair skipped for E:\Srinivas\PDF\PDF\uploads\documents-1788088774173-901804461.pdf: spawnSync qpdf ENOENT
[2026-08-30T11:19:39.502Z] [INFO] Extraction complete: 1087 characters, 1 pages, email: karan.mehta88@example.com
[2026-08-30T11:19:39.503Z] [INFO] Magic-number check passed for resume_090_Karan_Shah.pdf. Detected: pdf
[2026-08-30T11:19:39.503Z] [INFO] Starting text extraction for type: pdf
[2026-08-30T11:19:39.506Z] [WARN] qpdf repair skipped for E:\Srinivas\PDF\PDF\uploads\documents-1788088774175-363187463.pdf: spawnSync qpdf ENOENT
[2026-08-30T11:19:39.516Z] [INFO] Extraction complete: 1087 characters, 1 pages, email: karan.mehta88@example.com
[2026-08-30T11:19:39.517Z] [INFO] Magic-number check passed for resume_091_Karan_Joshi.pdf. Detected: pdf
[2026-08-30T11:19:39.518Z] [INFO] Starting text extraction for type: pdf
[2026-08-30T11:19:39.520Z] [WARN] qpdf repair skipped for E:\Srinivas\PDF\PDF\uploads\documents-1788088774176-215921112.pdf: spawnSync qpdf ENOENT
[2026-08-30T11:19:39.522Z] [WARN] pdf-parse failed for E:\Srinivas\PDF\PDF\uploads\documents-1788088774176-215921112.pdf (bad XRef entry). Falling back to pdfjs-dist...
[2026-08-30T11:19:39.525Z] [INFO] Magic-number check passed for resume_089_Aarav_Kumar.pdf. Detected: pdf
[2026-08-30T11:19:39.525Z] [INFO] Starting text extraction for type: pdf
[2026-08-30T11:19:39.528Z] [WARN] qpdf repair skipped for E:\Srinivas\PDF\PDF\uploads\documents-1788088774174-979607675.pdf: spawnSync qpdf ENOENT
[2026-08-30T11:19:39.559Z] [INFO] Extraction complete: 1039 characters, 1 pages, email: aarav.kumar89@example.com
[2026-08-30T11:19:39.560Z] [INFO] Magic-number check passed for resume_092_Ananya_Gupta.pdf. Detected: pdf
[2026-08-30T11:19:39.561Z] [INFO] Starting text extraction for type: pdf
[2026-08-30T11:19:39.563Z] [WARN] qpdf repair skipped for E:\Srinivas\PDF\PDF\uploads\documents-1788088774176-855325066.pdf: spawnSync qpdf ENOENT
[2026-08-30T11:19:39.576Z] [INFO] Extraction complete: 1058 characters, 1 pages, email: ananya.gupta92@example.com
[2026-08-30T11:19:39.578Z] [INFO] Starting text extraction for type: pdf
[2026-08-30T11:19:39.577Z] [INFO] Magic-number check passed for resume_093_Aditya_Deshmukh.pdf. Detected: pdf
[2026-08-30T11:19:39.583Z] [WARN] qpdf repair skipped for E:\Srinivas\PDF\PDF\uploads\documents-1788088774177-142675613.pdf: spawnSync qpdf ENOENT
[2026-08-30T11:19:39.591Z] [INFO] Extraction complete: 1058 characters, 1 pages, email: ananya.gupta92@example.com
[2026-08-30T11:19:39.592Z] [INFO] Magic-number check passed for resume_095_Ananya_Shah.pdf. Detected: pdf
[2026-08-30T11:19:39.592Z] [INFO] Starting text extraction for type: pdf
[2026-08-30T11:19:39.595Z] [WARN] qpdf repair skipped for E:\Srinivas\PDF\PDF\uploads\documents-1788088774177-339918904.pdf: spawnSync qpdf ENOENT
[2026-08-30T11:19:39.596Z] [WARN] pdf-parse failed for E:\Srinivas\PDF\PDF\uploads\documents-1788088774177-339918904.pdf (bad XRef entry). Falling back to pdfjs-dist...
[2026-08-30T11:19:39.603Z] [INFO] Magic-number check passed for resume_096_Rohan_Mehta.pdf. Detected: pdf
[2026-08-30T11:19:39.603Z] [INFO] Starting text extraction for type: pdf
[2026-08-30T11:19:39.618Z] [INFO] Extraction complete: 1057 characters, 1 pages, email: rohan.mehta96@example.com
[2026-08-30T11:19:39.607Z] [WARN] qpdf repair skipped for E:\Srinivas\PDF\PDF\uploads\documents-1788088774178-595761275.pdf: spawnSync qpdf ENOENT
[2026-08-30T11:19:39.619Z] [INFO] Magic-number check passed for resume_098_Kavya_Kulkarni.pdf. Detected: pdf
[2026-08-30T11:19:39.619Z] [INFO] Starting text extraction for type: pdf
[2026-08-30T11:19:39.621Z] [WARN] qpdf repair skipped for E:\Srinivas\PDF\PDF\uploads\documents-1788088774179-39852703.pdf: spawnSync qpdf ENOENT
[2026-08-30T11:19:39.628Z] [INFO] Extraction complete: 1066 characters, 1 pages, email: kavya.kulkarni98@example.com
[2026-08-30T11:19:39.628Z] [INFO] Magic-number check passed for resume_097_Neha_Shah.pdf. Detected: pdf
[2026-08-30T11:19:39.629Z] [INFO] Starting text extraction for type: pdf
[2026-08-30T11:19:39.633Z] [WARN] qpdf repair skipped for E:\Srinivas\PDF\PDF\uploads\documents-1788088774179-148785581.pdf: spawnSync qpdf ENOENT
[2026-08-30T11:19:39.645Z] [INFO] Extraction complete: 1066 characters, 1 pages, email: kavya.kulkarni98@example.com
[2026-08-30T11:19:39.647Z] [INFO] Starting text extraction for type: pdf
[2026-08-30T11:19:39.646Z] [INFO] Magic-number check passed for resume_094_Priya_Deshmukh.pdf. Detected: pdf
[2026-08-30T11:19:39.651Z] [WARN] qpdf repair skipped for E:\Srinivas\PDF\PDF\uploads\documents-1788088774177-13356207.pdf: spawnSync qpdf ENOENT
[2026-08-30T11:19:39.653Z] [WARN] pdf-parse failed for E:\Srinivas\PDF\PDF\uploads\documents-1788088774177-13356207.pdf (bad XRef entry). Falling back to pdfjs-dist...
[2026-08-30T11:19:39.657Z] [INFO] Magic-number check passed for resume_100_Kavya_Sharma.pdf. Detected: pdf
[2026-08-30T11:19:39.658Z] [INFO] Starting text extraction for type: pdf
[2026-08-30T11:19:39.663Z] [WARN] qpdf repair skipped for E:\Srinivas\PDF\PDF\uploads\documents-1788088774179-958385085.pdf: spawnSync qpdf ENOENT
[2026-08-30T11:19:39.683Z] [INFO] Extraction complete: 1041 characters, 1 pages, email: kavya.sharma100@example.com
[2026-08-30T11:19:39.684Z] [INFO] Magic-number check passed for resume_101_Neha_Deshmukh.pdf. Detected: pdf
[2026-08-30T11:19:39.684Z] [INFO] Starting text extraction for type: pdf
[2026-08-30T11:19:39.736Z] [WARN] qpdf repair skipped for E:\Srinivas\PDF\PDF\uploads\documents-1788088774179-337106417.pdf: spawnSync qpdf ENOENT
[2026-08-30T11:19:39.752Z] [INFO] Extraction complete: 1069 characters, 1 pages, email: neha.deshmukh101@example.com
[2026-08-30T11:19:39.753Z] [INFO] Magic-number check passed for resume_102_Ananya_Kulkarni.pdf. Detected: pdf
[2026-08-30T11:19:39.754Z] [INFO] Starting text extraction for type: pdf
[2026-08-30T11:19:39.759Z] [WARN] qpdf repair skipped for E:\Srinivas\PDF\PDF\uploads\documents-1788088774180-532581588.pdf: spawnSync qpdf ENOENT
[2026-08-30T11:19:39.777Z] [INFO] Extraction complete: 1069 characters, 1 pages, email: neha.deshmukh101@example.com
[2026-08-30T11:19:39.784Z] [INFO] Magic-number check passed for resume_103_Aditya_Nair.pdf. Detected: pdf
[2026-08-30T11:19:39.785Z] [INFO] Starting text extraction for type: pdf
[2026-08-30T11:19:39.794Z] [WARN] pdf-parse failed for E:\Srinivas\PDF\PDF\uploads\documents-1788088774180-908422853.pdf (bad XRef entry). Falling back to pdfjs-dist...
[2026-08-30T11:19:39.791Z] [WARN] qpdf repair skipped for E:\Srinivas\PDF\PDF\uploads\documents-1788088774180-908422853.pdf: spawnSync qpdf ENOENT
[2026-08-30T11:19:39.800Z] [INFO] Starting text extraction for type: pdf
[2026-08-30T11:19:39.800Z] [INFO] Magic-number check passed for resume_104_Arjun_Mishra.pdf. Detected: pdf
[2026-08-30T11:19:39.806Z] [WARN] qpdf repair skipped for E:\Srinivas\PDF\PDF\uploads\documents-1788088774180-204660694.pdf: spawnSync qpdf ENOENT
[2026-08-30T11:19:39.830Z] [WARN] qpdf repair skipped for E:\Srinivas\PDF\PDF\uploads\documents-1788088774182-158374520.pdf: spawnSync qpdf ENOENT
[2026-08-30T11:19:39.843Z] [INFO] Extraction complete: 1103 characters, 1 pages, email: neha.kulkarni107@example.com
[2026-08-30T11:19:39.844Z] [INFO] Magic-number check passed for resume_106_Arjun_Deshmukh.pdf. Detected: pdf
[2026-08-30T11:19:39.844Z] [INFO] Starting text extraction for type: pdf
[2026-08-30T11:19:39.849Z] [WARN] qpdf repair skipped for E:\Srinivas\PDF\PDF\uploads\documents-1788088774181-849198084.pdf: spawnSync qpdf ENOENT
[2026-08-30T11:19:39.860Z] [INFO] Extraction complete: 1103 characters, 1 pages, email: neha.kulkarni107@example.com
[2026-08-30T11:19:39.861Z] [INFO] Magic-number check passed for resume_108_Kavya_Shah.pdf. Detected: pdf
[2026-08-30T11:19:39.861Z] [INFO] Starting text extraction for type: pdf
[2026-08-30T11:19:39.866Z] [WARN] qpdf repair skipped for E:\Srinivas\PDF\PDF\uploads\documents-1788088774182-491389697.pdf: spawnSync qpdf ENOENT
[2026-08-30T11:19:39.867Z] [WARN] pdf-parse failed for E:\Srinivas\PDF\PDF\uploads\documents-1788088774182-491389697.pdf (bad XRef entry). Falling back to pdfjs-dist...
[2026-08-30T11:19:39.820Z] [INFO] Extraction complete: 1055 characters, 1 pages, email: arjun.mishra104@example.com
[2026-08-30T11:19:39.821Z] [INFO] Magic-number check passed for resume_107_Neha_Kulkarni.pdf. Detected: pdf
[2026-08-30T11:19:39.822Z] [INFO] Starting text extraction for type: pdf
[2026-08-30T11:19:39.871Z] [INFO] Magic-number check passed for resume_099_Nikhil_Mishra.pdf. Detected: pdf
[2026-08-30T11:19:39.871Z] [INFO] Starting text extraction for type: pdf
[2026-08-30T11:19:39.876Z] [WARN] qpdf repair skipped for E:\Srinivas\PDF\PDF\uploads\documents-1788088774179-210145843.pdf: spawnSync qpdf ENOENT
[2026-08-30T11:19:39.921Z] [INFO] Extraction complete: 1068 characters, 1 pages, email: nikhil.mishra99@example.com
[2026-08-30T11:19:39.924Z] [INFO] Magic-number check passed for resume_110_Neha_Mishra.pdf. Detected: pdf
[2026-08-30T11:19:39.926Z] [INFO] Starting text extraction for type: pdf
[2026-08-30T11:19:39.949Z] [WARN] qpdf repair skipped for E:\Srinivas\PDF\PDF\uploads\documents-1788088774210-814368644.pdf: spawnSync qpdf ENOENT
[2026-08-30T11:19:40.006Z] [INFO] Extraction complete: 1074 characters, 1 pages, email: neha.mishra110@example.com
[2026-08-30T11:19:40.008Z] [INFO] Magic-number check passed for resume_111_Ananya_Mishra.pdf. Detected: pdf
[2026-08-30T11:19:40.008Z] [INFO] Starting text extraction for type: pdf
[2026-08-30T11:19:40.017Z] [WARN] qpdf repair skipped for E:\Srinivas\PDF\PDF\uploads\documents-1788088774210-113478445.pdf: spawnSync qpdf ENOENT
[2026-08-30T11:19:40.033Z] [INFO] Extraction complete: 1074 characters, 1 pages, email: neha.mishra110@example.com
[2026-08-30T11:19:40.037Z] [INFO] Magic-number check passed for resume_109_Rohan_Joshi.pdf. Detected: pdf
[2026-08-30T11:19:40.072Z] [INFO] Starting text extraction for type: pdf
[2026-08-30T11:19:40.083Z] [WARN] qpdf repair skipped for E:\Srinivas\PDF\PDF\uploads\documents-1788088774182-986108143.pdf: spawnSync qpdf ENOENT
[2026-08-30T11:19:40.091Z] [WARN] pdf-parse failed for E:\Srinivas\PDF\PDF\uploads\documents-1788088774182-986108143.pdf (bad XRef entry). Falling back to pdfjs-dist...
[2026-08-30T11:19:40.112Z] [INFO] Magic-number check passed for resume_112_Neha_Verma.pdf. Detected: pdf
[2026-08-30T11:19:40.113Z] [INFO] Starting text extraction for type: pdf
[2026-08-30T11:19:40.118Z] [WARN] qpdf repair skipped for E:\Srinivas\PDF\PDF\uploads\documents-1788088774210-340487671.pdf: spawnSync qpdf ENOENT
[2026-08-30T11:19:40.135Z] [INFO] Extraction complete: 1079 characters, 1 pages, email: neha.verma112@example.com
[2026-08-30T11:19:40.140Z] [INFO] Magic-number check passed for resume_113_Aditya_Reddy.pdf. Detected: pdf
[2026-08-30T11:19:40.142Z] [INFO] Starting text extraction for type: pdf
[2026-08-30T11:19:40.147Z] [WARN] qpdf repair skipped for E:\Srinivas\PDF\PDF\uploads\documents-1788088774210-144245080.pdf: spawnSync qpdf ENOENT
[2026-08-30T11:19:40.154Z] [INFO] Extraction complete: 1073 characters, 1 pages, email: aditya.reddy113@example.com
[2026-08-30T11:19:40.155Z] [INFO] Magic-number check passed for resume_114_Aarav_Verma.pdf. Detected: pdf
[2026-08-30T11:19:40.161Z] [WARN] qpdf repair skipped for E:\Srinivas\PDF\PDF\uploads\documents-1788088774210-48772395.pdf: spawnSync qpdf ENOENT
[2026-08-30T11:19:40.156Z] [INFO] Starting text extraction for type: pdf
[2026-08-30T11:19:40.176Z] [INFO] Extraction complete: 1073 characters, 1 pages, email: aditya.reddy113@example.com
[2026-08-30T11:19:40.177Z] [INFO] Magic-number check passed for resume_116_Priya_Nair.pdf. Detected: pdf
[2026-08-30T11:19:40.178Z] [INFO] Starting text extraction for type: pdf
[2026-08-30T11:19:40.184Z] [WARN] qpdf repair skipped for E:\Srinivas\PDF\PDF\uploads\documents-1788088774211-858265320.pdf: spawnSync qpdf ENOENT
[2026-08-30T11:19:40.185Z] [WARN] pdf-parse failed for E:\Srinivas\PDF\PDF\uploads\documents-1788088774211-858265320.pdf (bad XRef entry). Falling back to pdfjs-dist...
[2026-08-30T11:19:40.189Z] [INFO] Magic-number check passed for resume_115_Ananya_Nair.pdf. Detected: pdf
[2026-08-30T11:19:40.190Z] [INFO] Starting text extraction for type: pdf
[2026-08-30T11:19:40.194Z] [WARN] qpdf repair skipped for E:\Srinivas\PDF\PDF\uploads\documents-1788088774211-514111241.pdf: spawnSync qpdf ENOENT
[2026-08-30T11:19:40.204Z] [INFO] Extraction complete: 1094 characters, 1 pages, email: ananya.nair115@example.com
[2026-08-30T11:19:40.205Z] [INFO] Magic-number check passed for resume_118_Karan_Deshmukh.pdf. Detected: pdf
[2026-08-30T11:19:40.205Z] [INFO] Starting text extraction for type: pdf
[2026-08-30T11:19:40.210Z] [WARN] qpdf repair skipped for E:\Srinivas\PDF\PDF\uploads\documents-1788088774211-621659025.pdf: spawnSync qpdf ENOENT
[2026-08-30T11:19:40.218Z] [INFO] Extraction complete: 1068 characters, 1 pages, email: karan.deshmukh118@example.com
[2026-08-30T11:19:40.219Z] [INFO] Magic-number check passed for resume_119_Meera_Shah.pdf. Detected: pdf
[2026-08-30T11:19:40.219Z] [INFO] Starting text extraction for type: pdf
[2026-08-30T11:19:40.231Z] [INFO] Extraction complete: 1068 characters, 1 pages, email: karan.deshmukh118@example.com
[2026-08-30T11:19:40.223Z] [WARN] qpdf repair skipped for E:\Srinivas\PDF\PDF\uploads\documents-1788088774211-456559830.pdf: spawnSync qpdf ENOENT
[2026-08-30T11:19:40.237Z] [WARN] qpdf repair skipped for E:\Srinivas\PDF\PDF\uploads\documents-1788088774211-602555604.pdf: spawnSync qpdf ENOENT
[2026-08-30T11:19:40.247Z] [WARN] pdf-parse failed for E:\Srinivas\PDF\PDF\uploads\documents-1788088774211-602555604.pdf (bad XRef entry). Falling back to pdfjs-dist...
[2026-08-30T11:19:40.233Z] [INFO] Magic-number check passed for resume_117_Isha_Nair.pdf. Detected: pdf
[2026-08-30T11:19:40.233Z] [INFO] Starting text extraction for type: pdf
[2026-08-30T11:19:40.384Z] [INFO] Saved extraction record to Supabase with ID 824 (candidate_id: C1803) for: resume_085_Priya_Mehta.pdf
[2026-08-30T11:19:40.387Z] [INFO] Cleaned up temporary file: E:\Srinivas\PDF\PDF\uploads\documents-1788088774147-20617268.pdf
[2026-08-30T11:19:40.398Z] [INFO] Magic-number check passed for resume_120_Aditya_Kulkarni.pdf. Detected: pdf
[2026-08-30T11:19:40.401Z] [INFO] Starting text extraction for type: pdf
[2026-08-30T11:19:40.507Z] [WARN] pdf-parse failed for E:\Srinivas\PDF\PDF\uploads\documents-1788088774212-125474071.pdf (bad XRef entry). Falling back to pdfjs-dist...
[2026-08-30T11:19:40.494Z] [WARN] qpdf repair skipped for E:\Srinivas\PDF\PDF\uploads\documents-1788088774212-125474071.pdf: spawnSync qpdf ENOENT
[2026-08-30T11:19:40.700Z] [INFO] Starting text extraction for type: pdf
[2026-08-30T11:19:40.717Z] [WARN] qpdf repair skipped for E:\Srinivas\PDF\PDF\uploads\documents-1788088774180-208289613.pdf: spawnSync qpdf ENOENT
[2026-08-30T11:19:40.696Z] [INFO] Magic-number check passed for resume_105_Karan_Mishra.pdf. Detected: pdf
[2026-08-30T11:19:40.806Z] [WARN] pdf-parse failed for E:\Srinivas\PDF\PDF\uploads\documents-1788088774180-208289613.pdf (bad XRef entry). Falling back to pdfjs-dist...
[2026-08-30T11:19:40.842Z] [INFO] Extraction complete: 1053 characters, 1 pages, email: sneha.kumar86@example.com
[2026-08-30T11:19:40.880Z] [INFO] Extraction complete: 1062 characters, 1 pages, email: karan.joshi91@example.com
[2026-08-30T11:19:40.905Z] [INFO] Extraction complete: 1059 characters, 1 pages, email: ananya.shah95@example.com
[2026-08-30T11:19:40.920Z] [INFO] Extraction complete: 1103 characters, 1 pages, email: priya.deshmukh94@example.com
[2026-08-30T11:19:40.937Z] [INFO] Extraction complete: 1032 characters, 1 pages, email: aditya.nair103@example.com
[2026-08-30T11:19:40.957Z] [INFO] Extraction complete: 1083 characters, 1 pages, email: kavya.shah108@example.com
[2026-08-30T11:19:40.969Z] [INFO] Extraction complete: 1083 characters, 1 pages, email: rohan.joshi109@example.com
[2026-08-30T11:19:40.981Z] [INFO] Extraction complete: 1063 characters, 1 pages, email: priya.nair116@example.com
[2026-08-30T11:19:40.990Z] [INFO] Extraction complete: 1044 characters, 1 pages, email: isha.nair117@example.com
[2026-08-30T11:19:40.991Z] [INFO] Saved extraction record to Supabase with ID 825 (candidate_id: C1818) for: resume_100_Kavya_Sharma.pdf
[2026-08-30T11:19:40.992Z] [INFO] Cleaned up temporary file: E:\Srinivas\PDF\PDF\uploads\documents-1788088774179-958385085.pdf
[2026-08-30T11:19:41.002Z] [INFO] Extraction complete: 1080 characters, 1 pages, email: aditya.kulkarni120@example.com
[2026-08-30T11:19:41.012Z] [INFO] Extraction complete: 1059 characters, 1 pages, email: karan.mishra105@example.com
[2026-08-30T11:19:41.127Z] [INFO] Saved extraction record to Supabase with ID 826 (candidate_id: C1819) for: resume_101_Neha_Deshmukh.pdf
[2026-08-30T11:19:41.129Z] [INFO] Cleaned up temporary file: E:\Srinivas\PDF\PDF\uploads\documents-1788088774179-337106417.pdf
[2026-08-30T11:19:41.265Z] [INFO] Saved extraction record to Supabase with ID 827 (candidate_id: C1820) for: resume_102_Ananya_Kulkarni.pdf
[2026-08-30T11:19:41.267Z] [INFO] Cleaned up temporary file: E:\Srinivas\PDF\PDF\uploads\documents-1788088774180-532581588.pdf
[2026-08-30T11:19:41.400Z] [INFO] Saved extraction record to Supabase with ID 828 (candidate_id: C1822) for: resume_104_Arjun_Mishra.pdf
[2026-08-30T11:19:41.402Z] [INFO] Cleaned up temporary file: E:\Srinivas\PDF\PDF\uploads\documents-1788088774180-204660694.pdf
[2026-08-30T11:19:41.563Z] [INFO] Saved extraction record to Supabase with ID 829 (candidate_id: C1825) for: resume_107_Neha_Kulkarni.pdf
[2026-08-30T11:19:41.571Z] [INFO] Cleaned up temporary file: E:\Srinivas\PDF\PDF\uploads\documents-1788088774182-158374520.pdf
[2026-08-30T11:19:41.706Z] [INFO] Saved extraction record to Supabase with ID 830 (candidate_id: C1824) for: resume_106_Arjun_Deshmukh.pdf
[2026-08-30T11:19:41.707Z] [INFO] Cleaned up temporary file: E:\Srinivas\PDF\PDF\uploads\documents-1788088774181-849198084.pdf
[2026-08-30T11:19:41.873Z] [INFO] Saved extraction record to Supabase with ID 831 (candidate_id: C1817) for: resume_099_Nikhil_Mishra.pdf
[2026-08-30T11:19:41.875Z] [INFO] Cleaned up temporary file: E:\Srinivas\PDF\PDF\uploads\documents-1788088774179-210145843.pdf
[2026-08-30T11:19:41.879Z] [INFO] Saved extraction record to Supabase with ID 832 (candidate_id: C1815) for: resume_097_Neha_Shah.pdf
[2026-08-30T11:19:41.881Z] [INFO] Cleaned up temporary file: E:\Srinivas\PDF\PDF\uploads\documents-1788088774179-148785581.pdf
[2026-08-30T11:19:41.883Z] [INFO] Saved extraction record to Supabase with ID 833 (candidate_id: C1807) for: resume_089_Aarav_Kumar.pdf
[2026-08-30T11:19:41.885Z] [INFO] Cleaned up temporary file: E:\Srinivas\PDF\PDF\uploads\documents-1788088774174-979607675.pdf
[2026-08-30T11:19:41.887Z] [INFO] Saved extraction record to Supabase with ID 835 (candidate_id: C1805) for: resume_087_Isha_Nair.pdf
[2026-08-30T11:19:41.888Z] [INFO] Cleaned up temporary file: E:\Srinivas\PDF\PDF\uploads\documents-1788088774173-829932451.pdf
[2026-08-30T11:19:41.891Z] [INFO] Saved extraction record to Supabase with ID 834 (candidate_id: C1808) for: resume_090_Karan_Shah.pdf
[2026-08-30T11:19:41.892Z] [INFO] Cleaned up temporary file: E:\Srinivas\PDF\PDF\uploads\documents-1788088774175-363187463.pdf
[2026-08-30T11:19:41.894Z] [INFO] Saved extraction record to Supabase with ID 836 (candidate_id: C1816) for: resume_098_Kavya_Kulkarni.pdf
[2026-08-30T11:19:41.895Z] [INFO] Cleaned up temporary file: E:\Srinivas\PDF\PDF\uploads\documents-1788088774179-39852703.pdf
[2026-08-30T11:19:41.899Z] [INFO] Saved extraction record to Supabase with ID 837 (candidate_id: C1806) for: resume_088_Karan_Mehta.pdf
[2026-08-30T11:19:41.900Z] [INFO] Cleaned up temporary file: E:\Srinivas\PDF\PDF\uploads\documents-1788088774173-901804461.pdf
[2026-08-30T11:19:41.924Z] [INFO] Saved extraction record to Supabase with ID 838 (candidate_id: C1810) for: resume_092_Ananya_Gupta.pdf
[2026-08-30T11:19:41.925Z] [INFO] Cleaned up temporary file: E:\Srinivas\PDF\PDF\uploads\documents-1788088774176-855325066.pdf
[2026-08-30T11:19:41.949Z] [INFO] Saved extraction record to Supabase with ID 839 (candidate_id: C1811) for: resume_093_Aditya_Deshmukh.pdf
[2026-08-30T11:19:41.951Z] [INFO] Cleaned up temporary file: E:\Srinivas\PDF\PDF\uploads\documents-1788088774177-142675613.pdf
[2026-08-30T11:19:41.955Z] [INFO] Saved extraction record to Supabase with ID 840 (candidate_id: C1814) for: resume_096_Rohan_Mehta.pdf
[2026-08-30T11:19:41.956Z] [INFO] Cleaned up temporary file: E:\Srinivas\PDF\PDF\uploads\documents-1788088774178-595761275.pdf
[2026-08-30T11:19:42.008Z] [INFO] Saved extraction record to Supabase with ID 842 (candidate_id: C1829) for: resume_111_Ananya_Mishra.pdf
[2026-08-30T11:19:42.010Z] [INFO] Cleaned up temporary file: E:\Srinivas\PDF\PDF\uploads\documents-1788088774210-113478445.pdf
[2026-08-30T11:19:42.012Z] [INFO] Saved extraction record to Supabase with ID 841 (candidate_id: C1828) for: resume_110_Neha_Mishra.pdf
[2026-08-30T11:19:42.013Z] [INFO] Cleaned up temporary file: E:\Srinivas\PDF\PDF\uploads\documents-1788088774210-814368644.pdf
[2026-08-30T11:19:42.015Z] [INFO] Saved extraction record to Supabase with ID 843 (candidate_id: C1830) for: resume_112_Neha_Verma.pdf
[2026-08-30T11:19:42.016Z] [INFO] Cleaned up temporary file: E:\Srinivas\PDF\PDF\uploads\documents-1788088774210-340487671.pdf
[2026-08-30T11:19:42.020Z] [INFO] Saved extraction record to Supabase with ID 844 (candidate_id: C1831) for: resume_113_Aditya_Reddy.pdf
[2026-08-30T11:19:42.021Z] [INFO] Cleaned up temporary file: E:\Srinivas\PDF\PDF\uploads\documents-1788088774210-144245080.pdf
[2026-08-30T11:19:42.025Z] [INFO] Saved extraction record to Supabase with ID 845 (candidate_id: C1832) for: resume_114_Aarav_Verma.pdf
[2026-08-30T11:19:42.026Z] [INFO] Cleaned up temporary file: E:\Srinivas\PDF\PDF\uploads\documents-1788088774210-48772395.pdf
[2026-08-30T11:19:42.030Z] [INFO] Saved extraction record to Supabase with ID 846 (candidate_id: C1833) for: resume_115_Ananya_Nair.pdf
[2026-08-30T11:19:42.031Z] [INFO] Cleaned up temporary file: E:\Srinivas\PDF\PDF\uploads\documents-1788088774211-514111241.pdf
[2026-08-30T11:19:42.034Z] [INFO] Saved extraction record to Supabase with ID 847 (candidate_id: C1836) for: resume_118_Karan_Deshmukh.pdf
[2026-08-30T11:19:42.035Z] [INFO] Cleaned up temporary file: E:\Srinivas\PDF\PDF\uploads\documents-1788088774211-621659025.pdf
[2026-08-30T11:19:42.056Z] [INFO] Saved extraction record to Supabase with ID 848 (candidate_id: C1837) for: resume_119_Meera_Shah.pdf
[2026-08-30T11:19:42.058Z] [INFO] Cleaned up temporary file: E:\Srinivas\PDF\PDF\uploads\documents-1788088774211-456559830.pdf
[2026-08-30T11:19:42.099Z] [INFO] Saved extraction record to Supabase with ID 849 (candidate_id: C1804) for: resume_086_Sneha_Kumar.pdf
[2026-08-30T11:19:42.101Z] [INFO] Cleaned up temporary file: E:\Srinivas\PDF\PDF\uploads\documents-1788088774172-181626108.pdf
[2026-08-30T11:19:42.102Z] [INFO] Saved extraction record to Supabase with ID 850 (candidate_id: C1809) for: resume_091_Karan_Joshi.pdf
[2026-08-30T11:19:42.103Z] [INFO] Cleaned up temporary file: E:\Srinivas\PDF\PDF\uploads\documents-1788088774176-215921112.pdf
[2026-08-30T11:19:42.135Z] [INFO] Saved extraction record to Supabase with ID 851 (candidate_id: C1813) for: resume_095_Ananya_Shah.pdf
[2026-08-30T11:19:42.138Z] [INFO] Cleaned up temporary file: E:\Srinivas\PDF\PDF\uploads\documents-1788088774177-339918904.pdf
[2026-08-30T11:19:42.142Z] [INFO] Saved extraction record to Supabase with ID 853 (candidate_id: C1821) for: resume_103_Aditya_Nair.pdf
[2026-08-30T11:19:42.147Z] [INFO] Saved extraction record to Supabase with ID 854 (candidate_id: C1826) for: resume_108_Kavya_Shah.pdf
[2026-08-30T11:19:42.145Z] [INFO] Cleaned up temporary file: E:\Srinivas\PDF\PDF\uploads\documents-1788088774180-908422853.pdf
[2026-08-30T11:19:42.148Z] [INFO] Cleaned up temporary file: E:\Srinivas\PDF\PDF\uploads\documents-1788088774182-491389697.pdf
[2026-08-30T11:19:42.149Z] [INFO] Saved extraction record to Supabase with ID 852 (candidate_id: C1812) for: resume_094_Priya_Deshmukh.pdf
[2026-08-30T11:19:42.151Z] [INFO] Cleaned up temporary file: E:\Srinivas\PDF\PDF\uploads\documents-1788088774177-13356207.pdf
[2026-08-30T11:19:42.155Z] [INFO] Saved extraction record to Supabase with ID 855 (candidate_id: C1827) for: resume_109_Rohan_Joshi.pdf
[2026-08-30T11:19:42.157Z] [INFO] Cleaned up temporary file: E:\Srinivas\PDF\PDF\uploads\documents-1788088774182-986108143.pdf
[2026-08-30T11:19:42.159Z] [INFO] Saved extraction record to Supabase with ID 856 (candidate_id: C1834) for: resume_116_Priya_Nair.pdf
[2026-08-30T11:19:42.159Z] [INFO] Cleaned up temporary file: E:\Srinivas\PDF\PDF\uploads\documents-1788088774211-858265320.pdf
[2026-08-30T11:19:42.181Z] [INFO] Saved extraction record to Supabase with ID 857 (candidate_id: C1835) for: resume_117_Isha_Nair.pdf
[2026-08-30T11:19:42.182Z] [INFO] Cleaned up temporary file: E:\Srinivas\PDF\PDF\uploads\documents-1788088774211-602555604.pdf
[2026-08-30T11:19:42.186Z] [INFO] Saved extraction record to Supabase with ID 858 (candidate_id: C1838) for: resume_120_Aditya_Kulkarni.pdf
[2026-08-30T11:19:42.187Z] [INFO] Cleaned up temporary file: E:\Srinivas\PDF\PDF\uploads\documents-1788088774212-125474071.pdf
[2026-08-30T11:19:42.233Z] [INFO] Saved extraction record to Supabase with ID 859 (candidate_id: C1823) for: resume_105_Karan_Mishra.pdf
[2026-08-30T11:19:42.235Z] [INFO] Cleaned up temporary file: E:\Srinivas\PDF\PDF\uploads\documents-1788088774180-208289613.pdf
[2026-08-30T11:22:27.227Z] [INFO] Sending 36 document(s) to webhook as a single payload...
[2026-08-30T11:22:27.255Z] [INFO] Sending payload to webhook: https://sakshi654.app.n8n.cloud/webhook-test/e601a6d1-9dbf-4b9d-b2bb-69c6dec0bd45 (Attempt 1/3)
[2026-08-30T11:22:28.820Z] [ERROR] Webhook delivery failed on attempt 1: Request failed with status code 404
[2026-08-30T11:22:28.865Z] [INFO] Retrying in 1000ms...
[2026-08-30T11:22:29.874Z] [INFO] Sending payload to webhook: https://sakshi654.app.n8n.cloud/webhook-test/e601a6d1-9dbf-4b9d-b2bb-69c6dec0bd45 (Attempt 2/3)
[2026-08-30T11:22:30.109Z] [ERROR] Webhook delivery failed on attempt 2: Request failed with status code 404
[2026-08-30T11:22:30.111Z] [INFO] Retrying in 2000ms...
[2026-08-30T11:22:32.116Z] [INFO] Sending payload to webhook: https://sakshi654.app.n8n.cloud/webhook-test/e601a6d1-9dbf-4b9d-b2bb-69c6dec0bd45 (Attempt 3/3)
[2026-08-30T11:22:32.399Z] [INFO] Webhook successfully delivered on attempt 3. Status: 200
[2026-08-30T11:57:07.848Z] [ERROR] submitWebhook: error fetching ID 824: getaddrinfo ENOTFOUND aws-0-ap-northeast-1.pooler.supabase.com
[2026-08-30T11:57:07.852Z] [ERROR] submitWebhook: error fetching ID 849: getaddrinfo ENOTFOUND aws-0-ap-northeast-1.pooler.supabase.com
[2026-08-30T11:57:07.873Z] [ERROR] submitWebhook: error fetching ID 835: getaddrinfo ENOTFOUND aws-0-ap-northeast-1.pooler.supabase.com
[2026-08-30T11:57:07.883Z] [ERROR] submitWebhook: error fetching ID 837: getaddrinfo ENOTFOUND aws-0-ap-northeast-1.pooler.supabase.com
[2026-08-30T11:57:07.896Z] [ERROR] submitWebhook: error fetching ID 833: getaddrinfo ENOTFOUND aws-0-ap-northeast-1.pooler.supabase.com
[2026-08-30T11:57:07.898Z] [ERROR] submitWebhook: error fetching ID 834: getaddrinfo ENOTFOUND aws-0-ap-northeast-1.pooler.supabase.com
[2026-08-30T11:57:07.902Z] [ERROR] submitWebhook: error fetching ID 850: getaddrinfo ENOTFOUND aws-0-ap-northeast-1.pooler.supabase.com
[2026-08-30T11:57:07.909Z] [ERROR] submitWebhook: error fetching ID 838: getaddrinfo ENOTFOUND aws-0-ap-northeast-1.pooler.supabase.com
[2026-08-30T11:57:07.912Z] [ERROR] submitWebhook: error fetching ID 839: getaddrinfo ENOTFOUND aws-0-ap-northeast-1.pooler.supabase.com
[2026-08-30T11:57:07.914Z] [ERROR] submitWebhook: error fetching ID 852: getaddrinfo ENOTFOUND aws-0-ap-northeast-1.pooler.supabase.com
[2026-08-30T11:57:07.918Z] [ERROR] submitWebhook: error fetching ID 851: getaddrinfo ENOTFOUND aws-0-ap-northeast-1.pooler.supabase.com
[2026-08-30T11:57:07.921Z] [ERROR] submitWebhook: error fetching ID 840: getaddrinfo ENOTFOUND aws-0-ap-northeast-1.pooler.supabase.com
[2026-08-30T11:57:07.923Z] [ERROR] submitWebhook: error fetching ID 832: getaddrinfo ENOTFOUND aws-0-ap-northeast-1.pooler.supabase.com
[2026-08-30T11:57:07.925Z] [ERROR] submitWebhook: error fetching ID 836: getaddrinfo ENOTFOUND aws-0-ap-northeast-1.pooler.supabase.com
[2026-08-30T11:57:07.927Z] [ERROR] submitWebhook: error fetching ID 831: getaddrinfo ENOTFOUND aws-0-ap-northeast-1.pooler.supabase.com
[2026-08-30T11:57:07.928Z] [ERROR] submitWebhook: error fetching ID 825: getaddrinfo ENOTFOUND aws-0-ap-northeast-1.pooler.supabase.com
[2026-08-30T11:57:07.930Z] [ERROR] submitWebhook: error fetching ID 826: getaddrinfo ENOTFOUND aws-0-ap-northeast-1.pooler.supabase.com
[2026-08-30T11:57:07.931Z] [ERROR] submitWebhook: error fetching ID 827: getaddrinfo ENOTFOUND aws-0-ap-northeast-1.pooler.supabase.com
[2026-08-30T11:57:07.933Z] [ERROR] submitWebhook: error fetching ID 853: getaddrinfo ENOTFOUND aws-0-ap-northeast-1.pooler.supabase.com
[2026-08-30T11:57:07.935Z] [ERROR] submitWebhook: error fetching ID 828: getaddrinfo ENOTFOUND aws-0-ap-northeast-1.pooler.supabase.com
[2026-08-30T11:57:07.937Z] [ERROR] submitWebhook: error fetching ID 859: getaddrinfo ENOTFOUND aws-0-ap-northeast-1.pooler.supabase.com
[2026-08-30T11:57:07.939Z] [ERROR] submitWebhook: error fetching ID 830: getaddrinfo ENOTFOUND aws-0-ap-northeast-1.pooler.supabase.com
[2026-08-30T11:57:07.940Z] [ERROR] submitWebhook: error fetching ID 829: getaddrinfo ENOTFOUND aws-0-ap-northeast-1.pooler.supabase.com
[2026-08-30T11:57:07.942Z] [ERROR] submitWebhook: error fetching ID 854: getaddrinfo ENOTFOUND aws-0-ap-northeast-1.pooler.supabase.com
[2026-08-30T11:57:07.944Z] [ERROR] submitWebhook: error fetching ID 855: getaddrinfo ENOTFOUND aws-0-ap-northeast-1.pooler.supabase.com
[2026-08-30T11:57:07.945Z] [ERROR] submitWebhook: error fetching ID 841: getaddrinfo ENOTFOUND aws-0-ap-northeast-1.pooler.supabase.com
[2026-08-30T11:57:07.947Z] [ERROR] submitWebhook: error fetching ID 842: getaddrinfo ENOTFOUND aws-0-ap-northeast-1.pooler.supabase.com
[2026-08-30T11:57:07.948Z] [ERROR] submitWebhook: error fetching ID 843: getaddrinfo ENOTFOUND aws-0-ap-northeast-1.pooler.supabase.com
[2026-08-30T11:57:07.950Z] [ERROR] submitWebhook: error fetching ID 844: getaddrinfo ENOTFOUND aws-0-ap-northeast-1.pooler.supabase.com
[2026-08-30T11:57:07.951Z] [ERROR] submitWebhook: error fetching ID 845: getaddrinfo ENOTFOUND aws-0-ap-northeast-1.pooler.supabase.com
[2026-08-30T11:57:07.953Z] [ERROR] submitWebhook: error fetching ID 846: getaddrinfo ENOTFOUND aws-0-ap-northeast-1.pooler.supabase.com
[2026-08-30T11:57:07.955Z] [ERROR] submitWebhook: error fetching ID 856: getaddrinfo ENOTFOUND aws-0-ap-northeast-1.pooler.supabase.com
[2026-08-30T11:57:07.956Z] [ERROR] submitWebhook: error fetching ID 857: getaddrinfo ENOTFOUND aws-0-ap-northeast-1.pooler.supabase.com
[2026-08-30T11:57:07.957Z] [ERROR] submitWebhook: error fetching ID 847: getaddrinfo ENOTFOUND aws-0-ap-northeast-1.pooler.supabase.com
[2026-08-30T11:57:07.959Z] [ERROR] submitWebhook: error fetching ID 848: getaddrinfo ENOTFOUND aws-0-ap-northeast-1.pooler.supabase.com
[2026-08-30T11:57:07.960Z] [ERROR] submitWebhook: error fetching ID 858: getaddrinfo ENOTFOUND aws-0-ap-northeast-1.pooler.supabase.com
[2026-08-30T11:57:14.561Z] [ERROR] submitWebhook: error fetching ID 824: getaddrinfo ENOTFOUND aws-0-ap-northeast-1.pooler.supabase.com
[2026-08-30T11:57:14.576Z] [ERROR] submitWebhook: error fetching ID 849: getaddrinfo ENOTFOUND aws-0-ap-northeast-1.pooler.supabase.com
[2026-08-30T11:57:14.579Z] [ERROR] submitWebhook: error fetching ID 835: getaddrinfo ENOTFOUND aws-0-ap-northeast-1.pooler.supabase.com
[2026-08-30T11:57:14.581Z] [ERROR] submitWebhook: error fetching ID 837: getaddrinfo ENOTFOUND aws-0-ap-northeast-1.pooler.supabase.com
[2026-08-30T11:57:14.583Z] [ERROR] submitWebhook: error fetching ID 833: getaddrinfo ENOTFOUND aws-0-ap-northeast-1.pooler.supabase.com
[2026-08-30T11:57:14.590Z] [ERROR] submitWebhook: error fetching ID 834: getaddrinfo ENOTFOUND aws-0-ap-northeast-1.pooler.supabase.com
[2026-08-30T11:57:14.596Z] [ERROR] submitWebhook: error fetching ID 850: getaddrinfo ENOTFOUND aws-0-ap-northeast-1.pooler.supabase.com
[2026-08-30T11:57:14.599Z] [ERROR] submitWebhook: error fetching ID 838: getaddrinfo ENOTFOUND aws-0-ap-northeast-1.pooler.supabase.com
[2026-08-30T11:57:14.613Z] [ERROR] submitWebhook: error fetching ID 839: getaddrinfo ENOTFOUND aws-0-ap-northeast-1.pooler.supabase.com
[2026-08-30T11:57:14.615Z] [ERROR] submitWebhook: error fetching ID 852: getaddrinfo ENOTFOUND aws-0-ap-northeast-1.pooler.supabase.com
[2026-08-30T11:57:14.617Z] [ERROR] submitWebhook: error fetching ID 851: getaddrinfo ENOTFOUND aws-0-ap-northeast-1.pooler.supabase.com
[2026-08-30T11:57:14.627Z] [ERROR] submitWebhook: error fetching ID 840: getaddrinfo ENOTFOUND aws-0-ap-northeast-1.pooler.supabase.com
[2026-08-30T11:57:14.630Z] [ERROR] submitWebhook: error fetching ID 832: getaddrinfo ENOTFOUND aws-0-ap-northeast-1.pooler.supabase.com
[2026-08-30T11:57:14.632Z] [ERROR] submitWebhook: error fetching ID 836: getaddrinfo ENOTFOUND aws-0-ap-northeast-1.pooler.supabase.com
[2026-08-30T11:57:14.634Z] [ERROR] submitWebhook: error fetching ID 831: getaddrinfo ENOTFOUND aws-0-ap-northeast-1.pooler.supabase.com
[2026-08-30T11:57:14.645Z] [ERROR] submitWebhook: error fetching ID 825: getaddrinfo ENOTFOUND aws-0-ap-northeast-1.pooler.supabase.com
[2026-08-30T11:57:14.646Z] [ERROR] submitWebhook: error fetching ID 826: getaddrinfo ENOTFOUND aws-0-ap-northeast-1.pooler.supabase.com
[2026-08-30T11:57:14.648Z] [ERROR] submitWebhook: error fetching ID 827: getaddrinfo ENOTFOUND aws-0-ap-northeast-1.pooler.supabase.com
[2026-08-30T11:57:14.650Z] [ERROR] submitWebhook: error fetching ID 853: getaddrinfo ENOTFOUND aws-0-ap-northeast-1.pooler.supabase.com
[2026-08-30T11:57:14.651Z] [ERROR] submitWebhook: error fetching ID 828: getaddrinfo ENOTFOUND aws-0-ap-northeast-1.pooler.supabase.com
[2026-08-30T11:57:14.662Z] [ERROR] submitWebhook: error fetching ID 859: getaddrinfo ENOTFOUND aws-0-ap-northeast-1.pooler.supabase.com
[2026-08-30T11:57:14.664Z] [ERROR] submitWebhook: error fetching ID 830: getaddrinfo ENOTFOUND aws-0-ap-northeast-1.pooler.supabase.com
[2026-08-30T11:57:14.665Z] [ERROR] submitWebhook: error fetching ID 829: getaddrinfo ENOTFOUND aws-0-ap-northeast-1.pooler.supabase.com
[2026-08-30T11:57:14.667Z] [ERROR] submitWebhook: error fetching ID 854: getaddrinfo ENOTFOUND aws-0-ap-northeast-1.pooler.supabase.com
[2026-08-30T11:57:14.673Z] [ERROR] submitWebhook: error fetching ID 855: getaddrinfo ENOTFOUND aws-0-ap-northeast-1.pooler.supabase.com
[2026-08-30T11:57:14.677Z] [ERROR] submitWebhook: error fetching ID 841: getaddrinfo ENOTFOUND aws-0-ap-northeast-1.pooler.supabase.com
[2026-08-30T11:57:14.679Z] [ERROR] submitWebhook: error fetching ID 842: getaddrinfo ENOTFOUND aws-0-ap-northeast-1.pooler.supabase.com
[2026-08-30T11:57:14.680Z] [ERROR] submitWebhook: error fetching ID 843: getaddrinfo ENOTFOUND aws-0-ap-northeast-1.pooler.supabase.com
[2026-08-30T11:57:14.682Z] [ERROR] submitWebhook: error fetching ID 844: getaddrinfo ENOTFOUND aws-0-ap-northeast-1.pooler.supabase.com
[2026-08-30T11:57:14.684Z] [ERROR] submitWebhook: error fetching ID 845: getaddrinfo ENOTFOUND aws-0-ap-northeast-1.pooler.supabase.com
[2026-08-30T11:57:14.693Z] [ERROR] submitWebhook: error fetching ID 846: getaddrinfo ENOTFOUND aws-0-ap-northeast-1.pooler.supabase.com
[2026-08-30T11:57:14.696Z] [ERROR] submitWebhook: error fetching ID 856: getaddrinfo ENOTFOUND aws-0-ap-northeast-1.pooler.supabase.com
[2026-08-30T11:57:14.697Z] [ERROR] submitWebhook: error fetching ID 857: getaddrinfo ENOTFOUND aws-0-ap-northeast-1.pooler.supabase.com
[2026-08-30T11:57:14.698Z] [ERROR] submitWebhook: error fetching ID 847: getaddrinfo ENOTFOUND aws-0-ap-northeast-1.pooler.supabase.com
[2026-08-30T11:57:14.700Z] [ERROR] submitWebhook: error fetching ID 848: getaddrinfo ENOTFOUND aws-0-ap-northeast-1.pooler.supabase.com
[2026-08-30T11:57:14.701Z] [ERROR] submitWebhook: error fetching ID 858: getaddrinfo ENOTFOUND aws-0-ap-northeast-1.pooler.supabase.com
[2026-08-30T11:57:15.683Z] [ERROR] submitWebhook: error fetching ID 824: getaddrinfo ENOTFOUND aws-0-ap-northeast-1.pooler.supabase.com
[2026-08-30T11:57:15.708Z] [ERROR] submitWebhook: error fetching ID 849: getaddrinfo ENOTFOUND aws-0-ap-northeast-1.pooler.supabase.com
[2026-08-30T11:57:15.711Z] [ERROR] submitWebhook: error fetching ID 835: getaddrinfo ENOTFOUND aws-0-ap-northeast-1.pooler.supabase.com
[2026-08-30T11:57:15.716Z] [ERROR] submitWebhook: error fetching ID 837: getaddrinfo ENOTFOUND aws-0-ap-northeast-1.pooler.supabase.com
[2026-08-30T11:57:15.727Z] [ERROR] submitWebhook: error fetching ID 833: getaddrinfo ENOTFOUND aws-0-ap-northeast-1.pooler.supabase.com
[2026-08-30T11:57:15.732Z] [ERROR] submitWebhook: error fetching ID 834: getaddrinfo ENOTFOUND aws-0-ap-northeast-1.pooler.supabase.com
[2026-08-30T11:57:15.734Z] [ERROR] submitWebhook: error fetching ID 850: getaddrinfo ENOTFOUND aws-0-ap-northeast-1.pooler.supabase.com
[2026-08-30T11:57:15.745Z] [ERROR] submitWebhook: error fetching ID 838: getaddrinfo ENOTFOUND aws-0-ap-northeast-1.pooler.supabase.com
[2026-08-30T11:57:15.747Z] [ERROR] submitWebhook: error fetching ID 839: getaddrinfo ENOTFOUND aws-0-ap-northeast-1.pooler.supabase.com
[2026-08-30T11:57:15.748Z] [ERROR] submitWebhook: error fetching ID 852: getaddrinfo ENOTFOUND aws-0-ap-northeast-1.pooler.supabase.com
[2026-08-30T11:57:15.749Z] [ERROR] submitWebhook: error fetching ID 851: getaddrinfo ENOTFOUND aws-0-ap-northeast-1.pooler.supabase.com
[2026-08-30T11:57:15.751Z] [ERROR] submitWebhook: error fetching ID 840: getaddrinfo ENOTFOUND aws-0-ap-northeast-1.pooler.supabase.com
[2026-08-30T11:57:15.761Z] [ERROR] submitWebhook: error fetching ID 832: getaddrinfo ENOTFOUND aws-0-ap-northeast-1.pooler.supabase.com
[2026-08-30T11:57:15.762Z] [ERROR] submitWebhook: error fetching ID 836: getaddrinfo ENOTFOUND aws-0-ap-northeast-1.pooler.supabase.com
[2026-08-30T11:57:15.764Z] [ERROR] submitWebhook: error fetching ID 831: getaddrinfo ENOTFOUND aws-0-ap-northeast-1.pooler.supabase.com
[2026-08-30T11:57:15.765Z] [ERROR] submitWebhook: error fetching ID 825: getaddrinfo ENOTFOUND aws-0-ap-northeast-1.pooler.supabase.com
[2026-08-30T11:57:15.767Z] [ERROR] submitWebhook: error fetching ID 826: getaddrinfo ENOTFOUND aws-0-ap-northeast-1.pooler.supabase.com
[2026-08-30T11:57:15.775Z] [ERROR] submitWebhook: error fetching ID 827: getaddrinfo ENOTFOUND aws-0-ap-northeast-1.pooler.supabase.com
[2026-08-30T11:57:15.778Z] [ERROR] submitWebhook: error fetching ID 853: getaddrinfo ENOTFOUND aws-0-ap-northeast-1.pooler.supabase.com
[2026-08-30T11:57:15.779Z] [ERROR] submitWebhook: error fetching ID 828: getaddrinfo ENOTFOUND aws-0-ap-northeast-1.pooler.supabase.com
[2026-08-30T11:57:15.780Z] [ERROR] submitWebhook: error fetching ID 859: getaddrinfo ENOTFOUND aws-0-ap-northeast-1.pooler.supabase.com
[2026-08-30T11:57:15.781Z] [ERROR] submitWebhook: error fetching ID 830: getaddrinfo ENOTFOUND aws-0-ap-northeast-1.pooler.supabase.com
[2026-08-30T11:57:15.782Z] [ERROR] submitWebhook: error fetching ID 829: getaddrinfo ENOTFOUND aws-0-ap-northeast-1.pooler.supabase.com
[2026-08-30T11:57:15.783Z] [ERROR] submitWebhook: error fetching ID 854: getaddrinfo ENOTFOUND aws-0-ap-northeast-1.pooler.supabase.com
[2026-08-30T11:57:15.788Z] [ERROR] submitWebhook: error fetching ID 855: getaddrinfo ENOTFOUND aws-0-ap-northeast-1.pooler.supabase.com
[2026-08-30T11:57:15.792Z] [ERROR] submitWebhook: error fetching ID 841: getaddrinfo ENOTFOUND aws-0-ap-northeast-1.pooler.supabase.com
[2026-08-30T11:57:15.795Z] [ERROR] submitWebhook: error fetching ID 842: getaddrinfo ENOTFOUND aws-0-ap-northeast-1.pooler.supabase.com
[2026-08-30T11:57:15.796Z] [ERROR] submitWebhook: error fetching ID 843: getaddrinfo ENOTFOUND aws-0-ap-northeast-1.pooler.supabase.com
[2026-08-30T11:57:15.797Z] [ERROR] submitWebhook: error fetching ID 844: getaddrinfo ENOTFOUND aws-0-ap-northeast-1.pooler.supabase.com
[2026-08-30T11:57:15.798Z] [ERROR] submitWebhook: error fetching ID 845: getaddrinfo ENOTFOUND aws-0-ap-northeast-1.pooler.supabase.com
[2026-08-30T11:57:15.799Z] [ERROR] submitWebhook: error fetching ID 846: getaddrinfo ENOTFOUND aws-0-ap-northeast-1.pooler.supabase.com
[2026-08-30T11:57:15.800Z] [ERROR] submitWebhook: error fetching ID 856: getaddrinfo ENOTFOUND aws-0-ap-northeast-1.pooler.supabase.com
[2026-08-30T11:57:15.801Z] [ERROR] submitWebhook: error fetching ID 857: getaddrinfo ENOTFOUND aws-0-ap-northeast-1.pooler.supabase.com
[2026-08-30T11:57:15.808Z] [ERROR] submitWebhook: error fetching ID 847: getaddrinfo ENOTFOUND aws-0-ap-northeast-1.pooler.supabase.com
[2026-08-30T11:57:15.810Z] [ERROR] submitWebhook: error fetching ID 848: getaddrinfo ENOTFOUND aws-0-ap-northeast-1.pooler.supabase.com
[2026-08-30T11:57:15.811Z] [ERROR] submitWebhook: error fetching ID 858: getaddrinfo ENOTFOUND aws-0-ap-northeast-1.pooler.supabase.com
[2026-08-30T11:57:46.299Z] [ERROR] Failed to fetch max candidate_id from DB: getaddrinfo ENOTFOUND aws-0-ap-northeast-1.pooler.supabase.com
[2026-08-30T11:57:46.300Z] [INFO] Performing magic-number verification for: resume_049_Nikhil_Verma.pdf
[2026-08-30T11:57:46.301Z] [INFO] Performing magic-number verification for: resume_050_Arjun_Shah.pdf
[2026-08-30T11:57:46.302Z] [INFO] Performing magic-number verification for: resume_051_Neha_Joshi.pdf
[2026-08-30T11:57:46.303Z] [INFO] Performing magic-number verification for: resume_052_Vikram_Mishra.pdf
[2026-08-30T11:57:46.304Z] [INFO] Performing magic-number verification for: resume_053_Kavya_Reddy.pdf
[2026-08-30T11:57:46.304Z] [INFO] Performing magic-number verification for: resume_054_Isha_Sharma.pdf
[2026-08-30T11:57:46.305Z] [INFO] Performing magic-number verification for: resume_055_Karan_Deshmukh.pdf
[2026-08-30T11:57:46.305Z] [INFO] Performing magic-number verification for: resume_056_Karan_Singh.pdf
[2026-08-30T11:57:46.306Z] [INFO] Performing magic-number verification for: resume_057_Aarav_Nair.pdf
[2026-08-30T11:57:46.308Z] [INFO] Performing magic-number verification for: resume_058_Vikram_Mishra.pdf
[2026-08-30T11:57:46.309Z] [INFO] Performing magic-number verification for: resume_059_Nikhil_Nair.pdf
[2026-08-30T11:57:46.310Z] [INFO] Performing magic-number verification for: resume_060_Kavya_Patel.pdf
[2026-08-30T11:57:46.320Z] [INFO] Magic-number check passed for resume_049_Nikhil_Verma.pdf. Detected: pdf
[2026-08-30T11:57:46.324Z] [INFO] Starting text extraction for type: pdf
[2026-08-30T11:57:46.338Z] [WARN] qpdf repair skipped for E:\Srinivas\PDF\PDF\uploads\documents-1788091055188-23249664.pdf: spawnSync qpdf ENOENT
[2026-08-30T11:57:46.341Z] [WARN] pdf-parse failed for E:\Srinivas\PDF\PDF\uploads\documents-1788091055188-23249664.pdf (bad XRef entry). Falling back to pdfjs-dist...
[2026-08-30T11:57:46.350Z] [INFO] Magic-number check passed for resume_050_Arjun_Shah.pdf. Detected: pdf
[2026-08-30T11:57:46.351Z] [INFO] Starting text extraction for type: pdf
[2026-08-30T11:57:46.358Z] [WARN] qpdf repair skipped for E:\Srinivas\PDF\PDF\uploads\documents-1788091055189-829125517.pdf: spawnSync qpdf ENOENT
[2026-08-30T11:57:46.378Z] [INFO] Extraction complete: 1067 characters, 1 pages, email: arjun.shah50@example.com
[2026-08-30T11:57:46.383Z] [INFO] Magic-number check passed for resume_051_Neha_Joshi.pdf. Detected: pdf
[2026-08-30T11:57:46.383Z] [INFO] Starting text extraction for type: pdf
[2026-08-30T11:57:46.389Z] [WARN] qpdf repair skipped for E:\Srinivas\PDF\PDF\uploads\documents-1788091055190-467630583.pdf: spawnSync qpdf ENOENT
[2026-08-30T11:57:46.411Z] [INFO] Extraction complete: 1067 characters, 1 pages, email: arjun.shah50@example.com
[2026-08-30T11:57:46.413Z] [INFO] Magic-number check passed for resume_052_Vikram_Mishra.pdf. Detected: pdf
[2026-08-30T11:57:46.415Z] [INFO] Starting text extraction for type: pdf
[2026-08-30T11:57:46.422Z] [WARN] qpdf repair skipped for E:\Srinivas\PDF\PDF\uploads\documents-1788091055190-613441572.pdf: spawnSync qpdf ENOENT
[2026-08-30T11:57:46.423Z] [WARN] pdf-parse failed for E:\Srinivas\PDF\PDF\uploads\documents-1788091055190-613441572.pdf (bad XRef entry). Falling back to pdfjs-dist...
[2026-08-30T11:57:46.428Z] [INFO] Magic-number check passed for resume_053_Kavya_Reddy.pdf. Detected: pdf
[2026-08-30T11:57:46.429Z] [INFO] Starting text extraction for type: pdf
[2026-08-30T11:57:46.442Z] [WARN] qpdf repair skipped for E:\Srinivas\PDF\PDF\uploads\documents-1788091055191-636930902.pdf: spawnSync qpdf ENOENT
[2026-08-30T11:57:46.460Z] [INFO] Extraction complete: 1037 characters, 1 pages, email: kavya.reddy53@example.com
[2026-08-30T11:57:46.462Z] [INFO] Magic-number check passed for resume_054_Isha_Sharma.pdf. Detected: pdf
[2026-08-30T11:57:46.464Z] [INFO] Starting text extraction for type: pdf
[2026-08-30T11:57:46.475Z] [WARN] qpdf repair skipped for E:\Srinivas\PDF\PDF\uploads\documents-1788091055192-568832837.pdf: spawnSync qpdf ENOENT
[2026-08-30T11:57:46.486Z] [INFO] Extraction complete: 1045 characters, 1 pages, email: isha.sharma54@example.com
[2026-08-30T11:57:46.488Z] [INFO] Magic-number check passed for resume_055_Karan_Deshmukh.pdf. Detected: pdf
[2026-08-30T11:57:46.488Z] [INFO] Starting text extraction for type: pdf
[2026-08-30T11:57:46.495Z] [WARN] qpdf repair skipped for E:\Srinivas\PDF\PDF\uploads\documents-1788091055193-330109048.pdf: spawnSync qpdf ENOENT
[2026-08-30T11:57:46.505Z] [INFO] Extraction complete: 1045 characters, 1 pages, email: isha.sharma54@example.com
[2026-08-30T11:57:46.507Z] [INFO] Magic-number check passed for resume_056_Karan_Singh.pdf. Detected: pdf
[2026-08-30T11:57:46.507Z] [INFO] Starting text extraction for type: pdf
[2026-08-30T11:57:46.511Z] [WARN] qpdf repair skipped for E:\Srinivas\PDF\PDF\uploads\documents-1788091055208-598241849.pdf: spawnSync qpdf ENOENT
[2026-08-30T11:57:46.512Z] [WARN] pdf-parse failed for E:\Srinivas\PDF\PDF\uploads\documents-1788091055208-598241849.pdf (bad XRef entry). Falling back to pdfjs-dist...
[2026-08-30T11:57:46.514Z] [INFO] Magic-number check passed for resume_057_Aarav_Nair.pdf. Detected: pdf
[2026-08-30T11:57:46.516Z] [INFO] Starting text extraction for type: pdf
[2026-08-30T11:57:46.519Z] [WARN] qpdf repair skipped for E:\Srinivas\PDF\PDF\uploads\documents-1788091055209-541188273.pdf: spawnSync qpdf ENOENT
[2026-08-30T11:57:46.525Z] [INFO] Extraction complete: 1059 characters, 1 pages, email: aarav.nair57@example.com
[2026-08-30T11:57:46.526Z] [INFO] Magic-number check passed for resume_058_Vikram_Mishra.pdf. Detected: pdf
[2026-08-30T11:57:46.526Z] [INFO] Starting text extraction for type: pdf
[2026-08-30T11:57:46.530Z] [WARN] qpdf repair skipped for E:\Srinivas\PDF\PDF\uploads\documents-1788091055209-405436570.pdf: spawnSync qpdf ENOENT
[2026-08-30T11:57:46.542Z] [INFO] Extraction complete: 1079 characters, 1 pages, email: vikram.mishra58@example.com
[2026-08-30T11:57:46.544Z] [INFO] Magic-number check passed for resume_059_Nikhil_Nair.pdf. Detected: pdf
[2026-08-30T11:57:46.545Z] [INFO] Starting text extraction for type: pdf
[2026-08-30T11:57:46.551Z] [WARN] qpdf repair skipped for E:\Srinivas\PDF\PDF\uploads\documents-1788091055209-919371489.pdf: spawnSync qpdf ENOENT
[2026-08-30T11:57:46.561Z] [INFO] Extraction complete: 1079 characters, 1 pages, email: vikram.mishra58@example.com
[2026-08-30T11:57:46.562Z] [INFO] Magic-number check passed for resume_060_Kavya_Patel.pdf. Detected: pdf
[2026-08-30T11:57:46.568Z] [WARN] qpdf repair skipped for E:\Srinivas\PDF\PDF\uploads\documents-1788091055210-60702385.pdf: spawnSync qpdf ENOENT
[2026-08-30T11:57:46.570Z] [WARN] pdf-parse failed for E:\Srinivas\PDF\PDF\uploads\documents-1788091055210-60702385.pdf (bad XRef entry). Falling back to pdfjs-dist...
[2026-08-30T11:57:46.563Z] [INFO] Starting text extraction for type: pdf
[2026-08-30T11:57:46.574Z] [ERROR] Failed to save record to Supabase for resume_050_Arjun_Shah.pdf: getaddrinfo ENOTFOUND aws-0-ap-northeast-1.pooler.supabase.com
[2026-08-30T11:57:46.576Z] [INFO] Cleaned up temporary file: E:\Srinivas\PDF\PDF\uploads\documents-1788091055189-829125517.pdf
[2026-08-30T11:57:46.578Z] [ERROR] Failed to save record to Supabase for resume_051_Neha_Joshi.pdf: getaddrinfo ENOTFOUND aws-0-ap-northeast-1.pooler.supabase.com
[2026-08-30T11:57:46.579Z] [INFO] Cleaned up temporary file: E:\Srinivas\PDF\PDF\uploads\documents-1788091055190-467630583.pdf
[2026-08-30T11:57:46.583Z] [ERROR] Failed to save record to Supabase for resume_053_Kavya_Reddy.pdf: getaddrinfo ENOTFOUND aws-0-ap-northeast-1.pooler.supabase.com
[2026-08-30T11:57:46.584Z] [INFO] Cleaned up temporary file: E:\Srinivas\PDF\PDF\uploads\documents-1788091055191-636930902.pdf
[2026-08-30T11:57:46.586Z] [ERROR] Failed to save record to Supabase for resume_054_Isha_Sharma.pdf: getaddrinfo ENOTFOUND aws-0-ap-northeast-1.pooler.supabase.com
[2026-08-30T11:57:46.588Z] [INFO] Cleaned up temporary file: E:\Srinivas\PDF\PDF\uploads\documents-1788091055192-568832837.pdf
[2026-08-30T11:57:46.589Z] [ERROR] Failed to save record to Supabase for resume_055_Karan_Deshmukh.pdf: getaddrinfo ENOTFOUND aws-0-ap-northeast-1.pooler.supabase.com
[2026-08-30T11:57:46.589Z] [INFO] Cleaned up temporary file: E:\Srinivas\PDF\PDF\uploads\documents-1788091055193-330109048.pdf
[2026-08-30T11:57:46.591Z] [ERROR] Failed to save record to Supabase for resume_057_Aarav_Nair.pdf: getaddrinfo ENOTFOUND aws-0-ap-northeast-1.pooler.supabase.com
[2026-08-30T11:57:46.592Z] [INFO] Cleaned up temporary file: E:\Srinivas\PDF\PDF\uploads\documents-1788091055209-541188273.pdf
[2026-08-30T11:57:46.594Z] [ERROR] Failed to save record to Supabase for resume_058_Vikram_Mishra.pdf: getaddrinfo ENOTFOUND aws-0-ap-northeast-1.pooler.supabase.com
[2026-08-30T11:57:46.601Z] [INFO] Cleaned up temporary file: E:\Srinivas\PDF\PDF\uploads\documents-1788091055209-405436570.pdf
[2026-08-30T11:57:46.603Z] [ERROR] Failed to save record to Supabase for resume_059_Nikhil_Nair.pdf: getaddrinfo ENOTFOUND aws-0-ap-northeast-1.pooler.supabase.com
[2026-08-30T11:57:46.604Z] [INFO] Cleaned up temporary file: E:\Srinivas\PDF\PDF\uploads\documents-1788091055209-919371489.pdf
[2026-08-30T11:57:46.694Z] [INFO] Extraction complete: 1042 characters, 1 pages, email: nikhil.verma49@example.com
[2026-08-30T11:57:46.733Z] [INFO] Extraction complete: 1052 characters, 1 pages, email: vikram.mishra52@example.com
[2026-08-30T11:57:46.759Z] [INFO] Extraction complete: 1091 characters, 1 pages, email: karan.singh56@example.com
[2026-08-30T11:57:46.780Z] [INFO] Extraction complete: 1071 characters, 1 pages, email: kavya.patel60@example.com
[2026-08-30T11:57:46.783Z] [ERROR] Failed to save record to Supabase for resume_049_Nikhil_Verma.pdf: getaddrinfo ENOTFOUND aws-0-ap-northeast-1.pooler.supabase.com
[2026-08-30T11:57:46.784Z] [INFO] Cleaned up temporary file: E:\Srinivas\PDF\PDF\uploads\documents-1788091055188-23249664.pdf
[2026-08-30T11:57:46.786Z] [ERROR] Failed to save record to Supabase for resume_052_Vikram_Mishra.pdf: getaddrinfo ENOTFOUND aws-0-ap-northeast-1.pooler.supabase.com
[2026-08-30T11:57:46.787Z] [INFO] Cleaned up temporary file: E:\Srinivas\PDF\PDF\uploads\documents-1788091055190-613441572.pdf
[2026-08-30T11:57:46.789Z] [ERROR] Failed to save record to Supabase for resume_056_Karan_Singh.pdf: getaddrinfo ENOTFOUND aws-0-ap-northeast-1.pooler.supabase.com
[2026-08-30T11:57:46.790Z] [INFO] Cleaned up temporary file: E:\Srinivas\PDF\PDF\uploads\documents-1788091055208-598241849.pdf
[2026-08-30T11:57:46.791Z] [ERROR] Failed to save record to Supabase for resume_060_Kavya_Patel.pdf: getaddrinfo ENOTFOUND aws-0-ap-northeast-1.pooler.supabase.com
[2026-08-30T11:57:46.792Z] [INFO] Cleaned up temporary file: E:\Srinivas\PDF\PDF\uploads\documents-1788091055210-60702385.pdf
[2026-08-30T11:57:50.422Z] [INFO] Sending 12 document(s) to webhook as a single payload...
[2026-08-30T11:57:50.424Z] [INFO] Sending payload to webhook: https://sakshi654.app.n8n.cloud/webhook-test/e601a6d1-9dbf-4b9d-b2bb-69c6dec0bd45 (Attempt 1/3)
[2026-08-30T11:57:50.479Z] [ERROR] Webhook delivery failed on attempt 1: getaddrinfo ENOTFOUND sakshi654.app.n8n.cloud
[2026-08-30T11:57:50.479Z] [INFO] Retrying in 1000ms...
[2026-08-30T11:57:51.485Z] [INFO] Sending payload to webhook: https://sakshi654.app.n8n.cloud/webhook-test/e601a6d1-9dbf-4b9d-b2bb-69c6dec0bd45 (Attempt 2/3)
[2026-08-30T11:58:01.605Z] [ERROR] Webhook delivery failed on attempt 2: timeout of 10000ms exceeded
[2026-08-30T11:58:01.606Z] [INFO] Retrying in 2000ms...
[2026-08-30T11:58:03.616Z] [INFO] Sending payload to webhook: https://sakshi654.app.n8n.cloud/webhook-test/e601a6d1-9dbf-4b9d-b2bb-69c6dec0bd45 (Attempt 3/3)
[2026-08-30T11:58:03.711Z] [ERROR] Webhook delivery failed on attempt 3: getaddrinfo ENOTFOUND sakshi654.app.n8n.cloud
[2026-08-30T11:58:03.719Z] [ERROR] All webhook delivery attempts failed.
[2026-08-30T11:58:39.873Z] [INFO] Sending 12 document(s) to webhook as a single payload...
[2026-08-30T11:58:39.874Z] [INFO] Sending payload to webhook: https://sakshi654.app.n8n.cloud/webhook-test/e601a6d1-9dbf-4b9d-b2bb-69c6dec0bd45 (Attempt 1/3)
[2026-08-30T11:58:39.877Z] [ERROR] Webhook delivery failed on attempt 1: getaddrinfo ENOTFOUND sakshi654.app.n8n.cloud
[2026-08-30T11:58:39.877Z] [INFO] Retrying in 1000ms...
[2026-08-30T11:58:40.884Z] [INFO] Sending payload to webhook: https://sakshi654.app.n8n.cloud/webhook-test/e601a6d1-9dbf-4b9d-b2bb-69c6dec0bd45 (Attempt 2/3)
[2026-08-30T11:58:40.904Z] [INFO] Retrying in 2000ms...
[2026-08-30T11:58:40.894Z] [ERROR] Webhook delivery failed on attempt 2: getaddrinfo ENOTFOUND sakshi654.app.n8n.cloud
[2026-08-30T11:58:42.913Z] [INFO] Sending payload to webhook: https://sakshi654.app.n8n.cloud/webhook-test/e601a6d1-9dbf-4b9d-b2bb-69c6dec0bd45 (Attempt 3/3)
[2026-08-30T11:58:42.927Z] [ERROR] Webhook delivery failed on attempt 3: getaddrinfo ENOTFOUND sakshi654.app.n8n.cloud
[2026-08-30T11:58:42.928Z] [ERROR] All webhook delivery attempts failed.
[2026-08-31T03:58:53.461Z] [INFO] Sending 12 document(s) to webhook as a single payload...
[2026-08-31T03:58:53.476Z] [INFO] Sending payload to webhook: https://sakshi654.app.n8n.cloud/webhook-test/e601a6d1-9dbf-4b9d-b2bb-69c6dec0bd45 (Attempt 1/3)
[2026-08-31T03:58:54.626Z] [INFO] Webhook successfully delivered on attempt 1. Status: 200
[2026-08-31T04:23:16.423Z] [INFO] Performing magic-number verification for: resume_049_Nikhil_Verma.pdf
[2026-08-31T04:23:16.426Z] [INFO] Performing magic-number verification for: resume_052_Vikram_Mishra.pdf
[2026-08-31T04:23:16.424Z] [INFO] Performing magic-number verification for: resume_050_Arjun_Shah.pdf
[2026-08-31T04:23:16.429Z] [INFO] Performing magic-number verification for: resume_054_Isha_Sharma.pdf
[2026-08-31T04:23:16.429Z] [INFO] Performing magic-number verification for: resume_055_Karan_Deshmukh.pdf
[2026-08-31T04:23:16.430Z] [INFO] Performing magic-number verification for: resume_056_Karan_Singh.pdf
[2026-08-31T04:23:16.430Z] [INFO] Performing magic-number verification for: resume_057_Aarav_Nair.pdf
[2026-08-31T04:23:16.458Z] [INFO] Performing magic-number verification for: resume_058_Vikram_Mishra.pdf
[2026-08-31T04:23:16.459Z] [INFO] Performing magic-number verification for: resume_059_Nikhil_Nair.pdf
[2026-08-31T04:23:16.461Z] [INFO] Performing magic-number verification for: resume_060_Kavya_Patel.pdf
[2026-08-31T04:23:16.462Z] [INFO] Performing magic-number verification for: resume_088_Karan_Mehta.pdf
[2026-08-31T04:23:16.464Z] [INFO] Performing magic-number verification for: resume_089_Aarav_Kumar.pdf
[2026-08-31T04:23:16.425Z] [INFO] Performing magic-number verification for: resume_051_Neha_Joshi.pdf
[2026-08-31T04:23:16.466Z] [INFO] Performing magic-number verification for: resume_091_Karan_Joshi.pdf
[2026-08-31T04:23:16.467Z] [INFO] Performing magic-number verification for: resume_092_Ananya_Gupta.pdf
[2026-08-31T04:23:16.428Z] [INFO] Performing magic-number verification for: resume_053_Kavya_Reddy.pdf
[2026-08-31T04:23:16.468Z] [INFO] Performing magic-number verification for: resume_093_Aditya_Deshmukh.pdf
[2026-08-31T04:23:16.469Z] [INFO] Performing magic-number verification for: resume_094_Priya_Deshmukh.pdf
[2026-08-31T04:23:16.470Z] [INFO] Performing magic-number verification for: resume_095_Ananya_Shah.pdf
[2026-08-31T04:23:16.472Z] [INFO] Performing magic-number verification for: resume_097_Neha_Shah.pdf
[2026-08-31T04:23:16.465Z] [INFO] Performing magic-number verification for: resume_090_Karan_Shah.pdf
[2026-08-31T04:23:16.472Z] [INFO] Performing magic-number verification for: resume_098_Kavya_Kulkarni.pdf
[2026-08-31T04:23:16.473Z] [INFO] Performing magic-number verification for: resume_099_Nikhil_Mishra.pdf
[2026-08-31T04:23:16.471Z] [INFO] Performing magic-number verification for: resume_096_Rohan_Mehta.pdf
[2026-08-31T04:23:16.474Z] [INFO] Performing magic-number verification for: resume_101_Neha_Deshmukh.pdf
[2026-08-31T04:23:16.475Z] [INFO] Performing magic-number verification for: resume_102_Ananya_Kulkarni.pdf
[2026-08-31T04:23:16.475Z] [INFO] Performing magic-number verification for: resume_103_Aditya_Nair.pdf
[2026-08-31T04:23:16.480Z] [INFO] Performing magic-number verification for: resume_104_Arjun_Mishra.pdf
[2026-08-31T04:23:16.481Z] [INFO] Performing magic-number verification for: resume_105_Karan_Mishra.pdf
[2026-08-31T04:23:16.483Z] [INFO] Performing magic-number verification for: resume_106_Arjun_Deshmukh.pdf
[2026-08-31T04:23:16.484Z] [INFO] Performing magic-number verification for: resume_107_Neha_Kulkarni.pdf
[2026-08-31T04:23:16.485Z] [INFO] Performing magic-number verification for: resume_108_Kavya_Shah.pdf
[2026-08-31T04:23:16.486Z] [INFO] Performing magic-number verification for: resume_110_Neha_Mishra.pdf
[2026-08-31T04:23:16.525Z] [INFO] Performing magic-number verification for: resume_111_Ananya_Mishra.pdf
[2026-08-31T04:23:16.474Z] [INFO] Performing magic-number verification for: resume_100_Kavya_Sharma.pdf
[2026-08-31T04:23:16.528Z] [INFO] Performing magic-number verification for: resume_112_Neha_Verma.pdf
[2026-08-31T04:23:16.529Z] [INFO] Performing magic-number verification for: resume_113_Aditya_Reddy.pdf
[2026-08-31T04:23:16.529Z] [INFO] Performing magic-number verification for: resume_114_Aarav_Verma.pdf
[2026-08-31T04:23:16.529Z] [INFO] Performing magic-number verification for: resume_115_Ananya_Nair.pdf
[2026-08-31T04:23:16.530Z] [INFO] Performing magic-number verification for: resume_116_Priya_Nair.pdf
[2026-08-31T04:23:16.531Z] [INFO] Performing magic-number verification for: resume_117_Isha_Nair.pdf
[2026-08-31T04:23:16.531Z] [INFO] Performing magic-number verification for: resume_118_Karan_Deshmukh.pdf
[2026-08-31T04:23:16.532Z] [INFO] Performing magic-number verification for: resume_119_Meera_Shah.pdf
[2026-08-31T04:23:16.485Z] [INFO] Performing magic-number verification for: resume_109_Rohan_Joshi.pdf
[2026-08-31T04:23:16.533Z] [INFO] Performing magic-number verification for: resume_120_Aditya_Kulkarni.pdf
[2026-08-31T04:23:16.589Z] [INFO] Starting text extraction for type: pdf
[2026-08-31T04:23:16.552Z] [INFO] Magic-number check passed for resume_049_Nikhil_Verma.pdf. Detected: pdf
[2026-08-31T04:23:17.711Z] [INFO] Extraction complete: 1043 characters, 1 pages, email: nikhil.verma49@example.com
[2026-08-31T04:23:16.988Z] [WARN] qpdf repair skipped for E:\Srinivas\PDF\PDF\uploads\documents-1788150193101-763666291.pdf: spawnSync qpdf ENOENT
[2026-08-31T04:23:17.757Z] [INFO] Magic-number check passed for resume_050_Arjun_Shah.pdf. Detected: pdf
[2026-08-31T04:23:17.758Z] [INFO] Starting text extraction for type: pdf
[2026-08-31T04:23:17.775Z] [WARN] qpdf repair skipped for E:\Srinivas\PDF\PDF\uploads\documents-1788150193233-372038314.pdf: spawnSync qpdf ENOENT
[2026-08-31T04:23:17.808Z] [WARN] pdf-parse failed for E:\Srinivas\PDF\PDF\uploads\documents-1788150193233-372038314.pdf (bad XRef entry). Falling back to pdfjs-dist...
[2026-08-31T04:23:18.177Z] [INFO] Magic-number check passed for resume_051_Neha_Joshi.pdf. Detected: pdf
[2026-08-31T04:23:18.178Z] [INFO] Starting text extraction for type: pdf
[2026-08-31T04:23:18.185Z] [WARN] qpdf repair skipped for E:\Srinivas\PDF\PDF\uploads\documents-1788150193234-18543076.pdf: spawnSync qpdf ENOENT
[2026-08-31T04:23:18.340Z] [INFO] Extraction complete: 1047 characters, 1 pages, email: neha.joshi51@example.com
[2026-08-31T04:23:18.344Z] [INFO] Magic-number check passed for resume_052_Vikram_Mishra.pdf. Detected: pdf
[2026-08-31T04:23:18.345Z] [INFO] Starting text extraction for type: pdf
[2026-08-31T04:23:18.352Z] [WARN] qpdf repair skipped for E:\Srinivas\PDF\PDF\uploads\documents-1788150193234-507293803.pdf: spawnSync qpdf ENOENT
[2026-08-31T04:23:18.675Z] [INFO] Extraction complete: 1053 characters, 1 pages, email: vikram.mishra52@example.com
[2026-08-31T04:23:18.680Z] [INFO] Magic-number check passed for resume_053_Kavya_Reddy.pdf. Detected: pdf
[2026-08-31T04:23:18.686Z] [INFO] Starting text extraction for type: pdf
[2026-08-31T04:23:18.702Z] [WARN] qpdf repair skipped for E:\Srinivas\PDF\PDF\uploads\documents-1788150193234-137508112.pdf: spawnSync qpdf ENOENT
[2026-08-31T04:23:18.816Z] [INFO] Extraction complete: 1053 characters, 1 pages, email: vikram.mishra52@example.com
[2026-08-31T04:23:18.818Z] [INFO] Magic-number check passed for resume_054_Isha_Sharma.pdf. Detected: pdf
[2026-08-31T04:23:18.819Z] [INFO] Starting text extraction for type: pdf
[2026-08-31T04:23:18.828Z] [WARN] qpdf repair skipped for E:\Srinivas\PDF\PDF\uploads\documents-1788150193234-547985933.pdf: spawnSync qpdf ENOENT
[2026-08-31T04:23:18.832Z] [WARN] pdf-parse failed for E:\Srinivas\PDF\PDF\uploads\documents-1788150193234-547985933.pdf (bad XRef entry). Falling back to pdfjs-dist...
[2026-08-31T04:23:18.840Z] [INFO] Magic-number check passed for resume_055_Karan_Deshmukh.pdf. Detected: pdf
[2026-08-31T04:23:18.840Z] [INFO] Starting text extraction for type: pdf
[2026-08-31T04:23:18.851Z] [WARN] qpdf repair skipped for E:\Srinivas\PDF\PDF\uploads\documents-1788150193235-631587512.pdf: spawnSync qpdf ENOENT
[2026-08-31T04:23:18.870Z] [INFO] Extraction complete: 1098 characters, 1 pages, email: karan.deshmukh55@example.com
[2026-08-31T04:23:18.872Z] [INFO] Magic-number check passed for resume_056_Karan_Singh.pdf. Detected: pdf
[2026-08-31T04:23:18.873Z] [INFO] Starting text extraction for type: pdf
[2026-08-31T04:23:18.883Z] [WARN] qpdf repair skipped for E:\Srinivas\PDF\PDF\uploads\documents-1788150193236-134510882.pdf: spawnSync qpdf ENOENT
[2026-08-31T04:23:18.946Z] [INFO] Extraction complete: 1092 characters, 1 pages, email: karan.singh56@example.com
[2026-08-31T04:23:18.948Z] [INFO] Magic-number check passed for resume_057_Aarav_Nair.pdf. Detected: pdf
[2026-08-31T04:23:18.949Z] [INFO] Starting text extraction for type: pdf
[2026-08-31T04:23:18.962Z] [WARN] qpdf repair skipped for E:\Srinivas\PDF\PDF\uploads\documents-1788150193236-825474777.pdf: spawnSync qpdf ENOENT
[2026-08-31T04:23:19.006Z] [INFO] Extraction complete: 1092 characters, 1 pages, email: karan.singh56@example.com
[2026-08-31T04:23:19.013Z] [INFO] Magic-number check passed for resume_058_Vikram_Mishra.pdf. Detected: pdf
[2026-08-31T04:23:19.018Z] [INFO] Starting text extraction for type: pdf
[2026-08-31T04:23:19.034Z] [WARN] qpdf repair skipped for E:\Srinivas\PDF\PDF\uploads\documents-1788150193236-613245061.pdf: spawnSync qpdf ENOENT
[2026-08-31T04:23:19.037Z] [WARN] pdf-parse failed for E:\Srinivas\PDF\PDF\uploads\documents-1788150193236-613245061.pdf (bad XRef entry). Falling back to pdfjs-dist...
[2026-08-31T04:23:19.054Z] [INFO] Magic-number check passed for resume_060_Kavya_Patel.pdf. Detected: pdf
[2026-08-31T04:23:19.056Z] [INFO] Starting text extraction for type: pdf
[2026-08-31T04:23:19.089Z] [INFO] Extraction complete: 1072 characters, 1 pages, email: kavya.patel60@example.com
[2026-08-31T04:23:19.071Z] [WARN] qpdf repair skipped for E:\Srinivas\PDF\PDF\uploads\documents-1788150193237-182684150.pdf: spawnSync qpdf ENOENT
[2026-08-31T04:23:19.090Z] [INFO] Magic-number check passed for resume_059_Nikhil_Nair.pdf. Detected: pdf
[2026-08-31T04:23:19.091Z] [INFO] Starting text extraction for type: pdf
[2026-08-31T04:23:19.104Z] [WARN] qpdf repair skipped for E:\Srinivas\PDF\PDF\uploads\documents-1788150193236-44767412.pdf: spawnSync qpdf ENOENT
[2026-08-31T04:23:19.137Z] [INFO] Extraction complete: 1053 characters, 1 pages, email: nikhil.nair59@example.com
[2026-08-31T04:23:19.138Z] [INFO] Magic-number check passed for resume_088_Karan_Mehta.pdf. Detected: pdf
[2026-08-31T04:23:19.141Z] [INFO] Starting text extraction for type: pdf
[2026-08-31T04:23:19.153Z] [WARN] qpdf repair skipped for E:\Srinivas\PDF\PDF\uploads\documents-1788150193237-495304627.pdf: spawnSync qpdf ENOENT
[2026-08-31T04:23:19.216Z] [INFO] Extraction complete: 1053 characters, 1 pages, email: nikhil.nair59@example.com
[2026-08-31T04:23:19.218Z] [INFO] Magic-number check passed for resume_089_Aarav_Kumar.pdf. Detected: pdf
[2026-08-31T04:23:19.219Z] [INFO] Starting text extraction for type: pdf
[2026-08-31T04:23:19.227Z] [WARN] qpdf repair skipped for E:\Srinivas\PDF\PDF\uploads\documents-1788150193237-448502318.pdf: spawnSync qpdf ENOENT
[2026-08-31T04:23:19.231Z] [WARN] pdf-parse failed for E:\Srinivas\PDF\PDF\uploads\documents-1788150193237-448502318.pdf (bad XRef entry). Falling back to pdfjs-dist...
[2026-08-31T04:23:19.238Z] [INFO] Magic-number check passed for resume_090_Karan_Shah.pdf. Detected: pdf
[2026-08-31T04:23:19.316Z] [INFO] Extraction complete: 1061 characters, 1 pages, email: karan.shah90@example.com
[2026-08-31T04:23:19.250Z] [WARN] qpdf repair skipped for E:\Srinivas\PDF\PDF\uploads\documents-1788150193237-566853358.pdf: spawnSync qpdf ENOENT
[2026-08-31T04:23:19.239Z] [INFO] Starting text extraction for type: pdf
[2026-08-31T04:23:19.332Z] [WARN] qpdf repair skipped for E:\Srinivas\PDF\PDF\uploads\documents-1788150193238-951732047.pdf: spawnSync qpdf ENOENT
[2026-08-31T04:23:19.373Z] [INFO] Extraction complete: 1063 characters, 1 pages, email: karan.joshi91@example.com
[2026-08-31T04:23:19.320Z] [INFO] Starting text extraction for type: pdf
[2026-08-31T04:23:19.319Z] [INFO] Magic-number check passed for resume_091_Karan_Joshi.pdf. Detected: pdf
[2026-08-31T04:23:19.375Z] [INFO] Magic-number check passed for resume_093_Aditya_Deshmukh.pdf. Detected: pdf
[2026-08-31T04:23:19.429Z] [INFO] Extraction complete: 1063 characters, 1 pages, email: karan.joshi91@example.com
[2026-08-31T04:23:19.391Z] [WARN] qpdf repair skipped for E:\Srinivas\PDF\PDF\uploads\documents-1788150193240-376608054.pdf: spawnSync qpdf ENOENT
[2026-08-31T04:23:19.432Z] [INFO] Magic-number check passed for resume_092_Ananya_Gupta.pdf. Detected: pdf
[2026-08-31T04:23:19.433Z] [INFO] Starting text extraction for type: pdf
[2026-08-31T04:23:19.440Z] [WARN] qpdf repair skipped for E:\Srinivas\PDF\PDF\uploads\documents-1788150193240-770664889.pdf: spawnSync qpdf ENOENT
[2026-08-31T04:23:19.445Z] [WARN] pdf-parse failed for E:\Srinivas\PDF\PDF\uploads\documents-1788150193240-770664889.pdf (bad XRef entry). Falling back to pdfjs-dist...
[2026-08-31T04:23:19.375Z] [INFO] Starting text extraction for type: pdf
[2026-08-31T04:23:19.450Z] [INFO] Magic-number check passed for resume_094_Priya_Deshmukh.pdf. Detected: pdf
[2026-08-31T04:23:19.451Z] [INFO] Starting text extraction for type: pdf
[2026-08-31T04:23:19.458Z] [WARN] qpdf repair skipped for E:\Srinivas\PDF\PDF\uploads\documents-1788150193240-543850443.pdf: spawnSync qpdf ENOENT
[2026-08-31T04:23:19.477Z] [INFO] Extraction complete: 1104 characters, 1 pages, email: priya.deshmukh94@example.com
[2026-08-31T04:23:19.480Z] [INFO] Magic-number check passed for resume_095_Ananya_Shah.pdf. Detected: pdf
[2026-08-31T04:23:19.481Z] [INFO] Starting text extraction for type: pdf
[2026-08-31T04:23:19.488Z] [WARN] qpdf repair skipped for E:\Srinivas\PDF\PDF\uploads\documents-1788150193240-475026080.pdf: spawnSync qpdf ENOENT
[2026-08-31T04:23:19.510Z] [INFO] Extraction complete: 1060 characters, 1 pages, email: ananya.shah95@example.com
[2026-08-31T04:23:19.515Z] [INFO] Magic-number check passed for resume_096_Rohan_Mehta.pdf. Detected: pdf
[2026-08-31T04:23:19.517Z] [INFO] Starting text extraction for type: pdf
[2026-08-31T04:23:19.531Z] [WARN] qpdf repair skipped for E:\Srinivas\PDF\PDF\uploads\documents-1788150193241-470408981.pdf: spawnSync qpdf ENOENT
[2026-08-31T04:23:19.555Z] [INFO] Extraction complete: 1060 characters, 1 pages, email: ananya.shah95@example.com
[2026-08-31T04:23:19.556Z] [INFO] Magic-number check passed for resume_098_Kavya_Kulkarni.pdf. Detected: pdf
[2026-08-31T04:23:19.568Z] [WARN] qpdf repair skipped for E:\Srinivas\PDF\PDF\uploads\documents-1788150193242-199740255.pdf: spawnSync qpdf ENOENT
[2026-08-31T04:23:19.557Z] [INFO] Starting text extraction for type: pdf
[2026-08-31T04:23:19.571Z] [WARN] pdf-parse failed for E:\Srinivas\PDF\PDF\uploads\documents-1788150193242-199740255.pdf (bad XRef entry). Falling back to pdfjs-dist...
[2026-08-31T04:23:19.575Z] [INFO] Magic-number check passed for resume_097_Neha_Shah.pdf. Detected: pdf
[2026-08-31T04:23:19.588Z] [WARN] qpdf repair skipped for E:\Srinivas\PDF\PDF\uploads\documents-1788150193241-975391623.pdf: spawnSync qpdf ENOENT
[2026-08-31T04:23:19.578Z] [INFO] Starting text extraction for type: pdf
[2026-08-31T04:23:19.606Z] [INFO] Extraction complete: 1070 characters, 1 pages, email: neha.shah97@example.com
[2026-08-31T04:23:19.607Z] [INFO] Magic-number check passed for resume_099_Nikhil_Mishra.pdf. Detected: pdf
[2026-08-31T04:23:19.607Z] [INFO] Starting text extraction for type: pdf
[2026-08-31T04:23:19.620Z] [WARN] qpdf repair skipped for E:\Srinivas\PDF\PDF\uploads\documents-1788150193242-912766950.pdf: spawnSync qpdf ENOENT
[2026-08-31T04:23:19.641Z] [INFO] Starting text extraction for type: pdf
[2026-08-31T04:23:19.640Z] [INFO] Magic-number check passed for resume_100_Kavya_Sharma.pdf. Detected: pdf
[2026-08-31T04:23:19.730Z] [WARN] qpdf repair skipped for E:\Srinivas\PDF\PDF\uploads\documents-1788150193243-728468463.pdf: spawnSync qpdf ENOENT
[2026-08-31T04:23:19.745Z] [INFO] Extraction complete: 1068 characters, 1 pages, email: nikhil.mishra99@example.com
[2026-08-31T04:23:19.746Z] [INFO] Magic-number check passed for resume_101_Neha_Deshmukh.pdf. Detected: pdf
[2026-08-31T04:23:19.639Z] [INFO] Extraction complete: 1068 characters, 1 pages, email: nikhil.mishra99@example.com
[2026-08-31T04:23:19.756Z] [WARN] qpdf repair skipped for E:\Srinivas\PDF\PDF\uploads\documents-1788150193384-651618476.pdf: spawnSync qpdf ENOENT
[2026-08-31T04:23:19.747Z] [INFO] Starting text extraction for type: pdf
[2026-08-31T04:23:19.774Z] [WARN] pdf-parse failed for E:\Srinivas\PDF\PDF\uploads\documents-1788150193384-651618476.pdf (bad XRef entry). Falling back to pdfjs-dist...
[2026-08-31T04:23:19.787Z] [INFO] Magic-number check passed for resume_102_Ananya_Kulkarni.pdf. Detected: pdf
[2026-08-31T04:23:19.787Z] [INFO] Starting text extraction for type: pdf
[2026-08-31T04:23:19.802Z] [WARN] qpdf repair skipped for E:\Srinivas\PDF\PDF\uploads\documents-1788150193385-317166603.pdf: spawnSync qpdf ENOENT
[2026-08-31T04:23:19.823Z] [INFO] Extraction complete: 1098 characters, 1 pages, email: ananya.kulkarni102@example.com
[2026-08-31T04:23:19.824Z] [INFO] Magic-number check passed for resume_103_Aditya_Nair.pdf. Detected: pdf
[2026-08-31T04:23:19.825Z] [INFO] Starting text extraction for type: pdf
[2026-08-31T04:23:19.834Z] [WARN] qpdf repair skipped for E:\Srinivas\PDF\PDF\uploads\documents-1788150193385-960043670.pdf: spawnSync qpdf ENOENT
[2026-08-31T04:23:19.850Z] [INFO] Extraction complete: 1033 characters, 1 pages, email: aditya.nair103@example.com
[2026-08-31T04:23:19.853Z] [INFO] Magic-number check passed for resume_104_Arjun_Mishra.pdf. Detected: pdf
[2026-08-31T04:23:19.854Z] [INFO] Starting text extraction for type: pdf
[2026-08-31T04:23:19.864Z] [WARN] qpdf repair skipped for E:\Srinivas\PDF\PDF\uploads\documents-1788150193385-660373694.pdf: spawnSync qpdf ENOENT
[2026-08-31T04:23:19.883Z] [INFO] Extraction complete: 1033 characters, 1 pages, email: aditya.nair103@example.com
[2026-08-31T04:23:19.885Z] [INFO] Magic-number check passed for resume_105_Karan_Mishra.pdf. Detected: pdf
[2026-08-31T04:23:19.885Z] [INFO] Starting text extraction for type: pdf
[2026-08-31T04:23:19.891Z] [WARN] qpdf repair skipped for E:\Srinivas\PDF\PDF\uploads\documents-1788150193386-326972969.pdf: spawnSync qpdf ENOENT
[2026-08-31T04:23:19.897Z] [WARN] pdf-parse failed for E:\Srinivas\PDF\PDF\uploads\documents-1788150193386-326972969.pdf (bad XRef entry). Falling back to pdfjs-dist...
[2026-08-31T04:23:19.905Z] [INFO] Magic-number check passed for resume_106_Arjun_Deshmukh.pdf. Detected: pdf
[2026-08-31T04:23:19.905Z] [INFO] Starting text extraction for type: pdf
[2026-08-31T04:23:19.914Z] [WARN] qpdf repair skipped for E:\Srinivas\PDF\PDF\uploads\documents-1788150193386-549603875.pdf: spawnSync qpdf ENOENT
[2026-08-31T04:23:19.950Z] [INFO] Extraction complete: 1066 characters, 1 pages, email: arjun.deshmukh106@example.com
[2026-08-31T04:23:19.950Z] [INFO] Magic-number check passed for resume_107_Neha_Kulkarni.pdf. Detected: pdf
[2026-08-31T04:23:19.951Z] [INFO] Starting text extraction for type: pdf
[2026-08-31T04:23:19.958Z] [WARN] qpdf repair skipped for E:\Srinivas\PDF\PDF\uploads\documents-1788150193386-704183509.pdf: spawnSync qpdf ENOENT
[2026-08-31T04:23:19.986Z] [INFO] Extraction complete: 1103 characters, 1 pages, email: neha.kulkarni107@example.com
[2026-08-31T04:23:19.986Z] [INFO] Magic-number check passed for resume_108_Kavya_Shah.pdf. Detected: pdf
[2026-08-31T04:23:19.987Z] [INFO] Starting text extraction for type: pdf
[2026-08-31T04:23:19.999Z] [WARN] qpdf repair skipped for E:\Srinivas\PDF\PDF\uploads\documents-1788150193386-470434696.pdf: spawnSync qpdf ENOENT
[2026-08-31T04:23:20.018Z] [INFO] Extraction complete: 1103 characters, 1 pages, email: neha.kulkarni107@example.com
[2026-08-31T04:23:20.032Z] [INFO] Starting text extraction for type: pdf
[2026-08-31T04:23:20.022Z] [INFO] Magic-number check passed for resume_109_Rohan_Joshi.pdf. Detected: pdf
[2026-08-31T04:23:20.046Z] [WARN] qpdf repair skipped for E:\Srinivas\PDF\PDF\uploads\documents-1788150193417-369027206.pdf: spawnSync qpdf ENOENT
[2026-08-31T04:23:20.048Z] [WARN] pdf-parse failed for E:\Srinivas\PDF\PDF\uploads\documents-1788150193417-369027206.pdf (bad XRef entry). Falling back to pdfjs-dist...
[2026-08-31T04:23:20.054Z] [INFO] Magic-number check passed for resume_110_Neha_Mishra.pdf. Detected: pdf
[2026-08-31T04:23:20.056Z] [INFO] Starting text extraction for type: pdf
[2026-08-31T04:23:20.068Z] [WARN] qpdf repair skipped for E:\Srinivas\PDF\PDF\uploads\documents-1788150193418-554392537.pdf: spawnSync qpdf ENOENT
[2026-08-31T04:23:20.085Z] [INFO] Extraction complete: 1074 characters, 1 pages, email: neha.mishra110@example.com
[2026-08-31T04:23:20.086Z] [INFO] Magic-number check passed for resume_111_Ananya_Mishra.pdf. Detected: pdf
[2026-08-31T04:23:20.087Z] [INFO] Starting text extraction for type: pdf
[2026-08-31T04:23:20.096Z] [WARN] qpdf repair skipped for E:\Srinivas\PDF\PDF\uploads\documents-1788150193418-627965981.pdf: spawnSync qpdf ENOENT
[2026-08-31T04:23:20.177Z] [INFO] Extraction complete: 1066 characters, 1 pages, email: ananya.mishra111@example.com
[2026-08-31T04:23:20.181Z] [INFO] Magic-number check passed for resume_112_Neha_Verma.pdf. Detected: pdf
[2026-08-31T04:23:20.182Z] [INFO] Starting text extraction for type: pdf
[2026-08-31T04:23:20.192Z] [WARN] qpdf repair skipped for E:\Srinivas\PDF\PDF\uploads\documents-1788150193418-177904129.pdf: spawnSync qpdf ENOENT
[2026-08-31T04:23:20.208Z] [INFO] Extraction complete: 1066 characters, 1 pages, email: ananya.mishra111@example.com
[2026-08-31T04:23:20.208Z] [INFO] Magic-number check passed for resume_114_Aarav_Verma.pdf. Detected: pdf
[2026-08-31T04:23:20.213Z] [INFO] Starting text extraction for type: pdf
[2026-08-31T04:23:20.218Z] [WARN] qpdf repair skipped for E:\Srinivas\PDF\PDF\uploads\documents-1788150193471-803388648.pdf: spawnSync qpdf ENOENT
[2026-08-31T04:23:20.221Z] [WARN] pdf-parse failed for E:\Srinivas\PDF\PDF\uploads\documents-1788150193471-803388648.pdf (bad XRef entry). Falling back to pdfjs-dist...
[2026-08-31T04:23:20.231Z] [INFO] Magic-number check passed for resume_113_Aditya_Reddy.pdf. Detected: pdf
[2026-08-31T04:23:20.231Z] [INFO] Starting text extraction for type: pdf
[2026-08-31T04:23:20.240Z] [WARN] qpdf repair skipped for E:\Srinivas\PDF\PDF\uploads\documents-1788150193418-563979997.pdf: spawnSync qpdf ENOENT
[2026-08-31T04:23:20.270Z] [INFO] Extraction complete: 1073 characters, 1 pages, email: aditya.reddy113@example.com
[2026-08-31T04:23:20.271Z] [INFO] Magic-number check passed for resume_115_Ananya_Nair.pdf. Detected: pdf
[2026-08-31T04:23:20.272Z] [INFO] Starting text extraction for type: pdf
[2026-08-31T04:23:20.286Z] [WARN] qpdf repair skipped for E:\Srinivas\PDF\PDF\uploads\documents-1788150193472-991847470.pdf: spawnSync qpdf ENOENT
[2026-08-31T04:23:20.307Z] [INFO] Extraction complete: 1094 characters, 1 pages, email: ananya.nair115@example.com
[2026-08-31T04:23:20.308Z] [INFO] Magic-number check passed for resume_116_Priya_Nair.pdf. Detected: pdf
[2026-08-31T04:23:20.313Z] [INFO] Starting text extraction for type: pdf
[2026-08-31T04:23:20.323Z] [WARN] qpdf repair skipped for E:\Srinivas\PDF\PDF\uploads\documents-1788150193472-980830287.pdf: spawnSync qpdf ENOENT
[2026-08-31T04:23:20.356Z] [INFO] Extraction complete: 1094 characters, 1 pages, email: ananya.nair115@example.com
[2026-08-31T04:23:20.357Z] [INFO] Magic-number check passed for resume_117_Isha_Nair.pdf. Detected: pdf
[2026-08-31T04:23:20.385Z] [WARN] qpdf repair skipped for E:\Srinivas\PDF\PDF\uploads\documents-1788150193473-511969510.pdf: spawnSync qpdf ENOENT
[2026-08-31T04:23:20.403Z] [WARN] pdf-parse failed for E:\Srinivas\PDF\PDF\uploads\documents-1788150193473-511969510.pdf (bad XRef entry). Falling back to pdfjs-dist...
[2026-08-31T04:23:20.358Z] [INFO] Starting text extraction for type: pdf
[2026-08-31T04:23:20.420Z] [INFO] Magic-number check passed for resume_119_Meera_Shah.pdf. Detected: pdf
[2026-08-31T04:23:20.422Z] [INFO] Starting text extraction for type: pdf
[2026-08-31T04:23:20.440Z] [WARN] qpdf repair skipped for E:\Srinivas\PDF\PDF\uploads\documents-1788150193475-825644623.pdf: spawnSync qpdf ENOENT
[2026-08-31T04:23:20.504Z] [INFO] Extraction complete: 1079 characters, 1 pages, email: meera.shah119@example.com
[2026-08-31T04:23:20.520Z] [WARN] qpdf repair skipped for E:\Srinivas\PDF\PDF\uploads\documents-1788150193476-328710289.pdf: spawnSync qpdf ENOENT
[2026-08-31T04:23:20.506Z] [INFO] Magic-number check passed for resume_120_Aditya_Kulkarni.pdf. Detected: pdf
[2026-08-31T04:23:20.554Z] [INFO] Magic-number check passed for resume_118_Karan_Deshmukh.pdf. Detected: pdf
[2026-08-31T04:23:20.507Z] [INFO] Starting text extraction for type: pdf
[2026-08-31T04:23:20.583Z] [WARN] qpdf repair skipped for E:\Srinivas\PDF\PDF\uploads\documents-1788150193474-272305756.pdf: spawnSync qpdf ENOENT
[2026-08-31T04:23:20.553Z] [INFO] Extraction complete: 1081 characters, 1 pages, email: aditya.kulkarni120@example.com
[2026-08-31T04:23:20.556Z] [INFO] Starting text extraction for type: pdf
[2026-08-31T04:23:20.641Z] [INFO] Extraction complete: 1081 characters, 1 pages, email: aditya.kulkarni120@example.com
[2026-08-31T04:23:20.690Z] [INFO] Saved extraction record to Supabase with ID 860 (candidate_id: C1839) for: resume_049_Nikhil_Verma.pdf
[2026-08-31T04:23:20.696Z] [INFO] Cleaned up temporary file: E:\Srinivas\PDF\PDF\uploads\documents-1788150193101-763666291.pdf
[2026-08-31T04:23:21.064Z] [INFO] Extraction complete: 1066 characters, 1 pages, email: arjun.shah50@example.com
[2026-08-31T04:23:21.139Z] [INFO] Extraction complete: 1044 characters, 1 pages, email: isha.sharma54@example.com
[2026-08-31T04:23:21.204Z] [INFO] Extraction complete: 1078 characters, 1 pages, email: vikram.mishra58@example.com
[2026-08-31T04:23:21.275Z] [INFO] Extraction complete: 1038 characters, 1 pages, email: aarav.kumar89@example.com
[2026-08-31T04:23:21.324Z] [INFO] Extraction complete: 1057 characters, 1 pages, email: ananya.gupta92@example.com
[2026-08-31T04:23:21.387Z] [INFO] Extraction complete: 1065 characters, 1 pages, email: kavya.kulkarni98@example.com
[2026-08-31T04:23:21.471Z] [INFO] Extraction complete: 1068 characters, 1 pages, email: neha.deshmukh101@example.com
[2026-08-31T04:23:21.519Z] [INFO] Extraction complete: 1059 characters, 1 pages, email: karan.mishra105@example.com
[2026-08-31T04:23:21.557Z] [INFO] Extraction complete: 1083 characters, 1 pages, email: rohan.joshi109@example.com
[2026-08-31T04:23:21.603Z] [INFO] Extraction complete: 1068 characters, 1 pages, email: aarav.verma114@example.com
[2026-08-31T04:23:21.639Z] [INFO] Extraction complete: 1044 characters, 1 pages, email: isha.nair117@example.com
[2026-08-31T04:23:21.652Z] [INFO] Saved extraction record to Supabase with ID 861 (candidate_id: C1853) for: resume_090_Karan_Shah.pdf
[2026-08-31T04:23:21.655Z] [INFO] Cleaned up temporary file: E:\Srinivas\PDF\PDF\uploads\documents-1788150193237-566853358.pdf
[2026-08-31T04:23:21.789Z] [INFO] Saved extraction record to Supabase with ID 862 (candidate_id: C1854) for: resume_091_Karan_Joshi.pdf
[2026-08-31T04:23:21.814Z] [INFO] Cleaned up temporary file: E:\Srinivas\PDF\PDF\uploads\documents-1788150193238-951732047.pdf
[2026-08-31T04:23:21.932Z] [INFO] Saved extraction record to Supabase with ID 863 (candidate_id: C1856) for: resume_093_Aditya_Deshmukh.pdf
[2026-08-31T04:23:21.939Z] [INFO] Cleaned up temporary file: E:\Srinivas\PDF\PDF\uploads\documents-1788150193240-376608054.pdf
[2026-08-31T04:23:22.101Z] [INFO] Saved extraction record to Supabase with ID 864 (candidate_id: C1857) for: resume_094_Priya_Deshmukh.pdf
[2026-08-31T04:23:22.115Z] [INFO] Cleaned up temporary file: E:\Srinivas\PDF\PDF\uploads\documents-1788150193240-543850443.pdf
[2026-08-31T04:23:22.350Z] [INFO] Saved extraction record to Supabase with ID 865 (candidate_id: C1858) for: resume_095_Ananya_Shah.pdf
[2026-08-31T04:23:22.352Z] [INFO] Cleaned up temporary file: E:\Srinivas\PDF\PDF\uploads\documents-1788150193240-475026080.pdf
[2026-08-31T04:23:22.483Z] [INFO] Saved extraction record to Supabase with ID 866 (candidate_id: C1859) for: resume_096_Rohan_Mehta.pdf
[2026-08-31T04:23:22.485Z] [INFO] Cleaned up temporary file: E:\Srinivas\PDF\PDF\uploads\documents-1788150193241-470408981.pdf
[2026-08-31T04:23:22.706Z] [INFO] Saved extraction record to Supabase with ID 867 (candidate_id: C1860) for: resume_097_Neha_Shah.pdf
[2026-08-31T04:23:22.715Z] [INFO] Cleaned up temporary file: E:\Srinivas\PDF\PDF\uploads\documents-1788150193241-975391623.pdf
[2026-08-31T04:23:22.858Z] [INFO] Saved extraction record to Supabase with ID 868 (candidate_id: C1862) for: resume_099_Nikhil_Mishra.pdf
[2026-08-31T04:23:22.862Z] [INFO] Cleaned up temporary file: E:\Srinivas\PDF\PDF\uploads\documents-1788150193242-912766950.pdf
[2026-08-31T04:23:22.865Z] [INFO] Saved extraction record to Supabase with ID 869 (candidate_id: C1842) for: resume_052_Vikram_Mishra.pdf
[2026-08-31T04:23:22.867Z] [INFO] Cleaned up temporary file: E:\Srinivas\PDF\PDF\uploads\documents-1788150193234-507293803.pdf
[2026-08-31T04:23:22.872Z] [INFO] Saved extraction record to Supabase with ID 870 (candidate_id: C1845) for: resume_055_Karan_Deshmukh.pdf
[2026-08-31T04:23:22.880Z] [INFO] Cleaned up temporary file: E:\Srinivas\PDF\PDF\uploads\documents-1788150193235-631587512.pdf
[2026-08-31T04:23:22.887Z] [INFO] Saved extraction record to Supabase with ID 871 (candidate_id: C1841) for: resume_051_Neha_Joshi.pdf
[2026-08-31T04:23:22.891Z] [INFO] Cleaned up temporary file: E:\Srinivas\PDF\PDF\uploads\documents-1788150193234-18543076.pdf
[2026-08-31T04:23:22.911Z] [INFO] Saved extraction record to Supabase with ID 872 (candidate_id: C1846) for: resume_056_Karan_Singh.pdf
[2026-08-31T04:23:22.919Z] [INFO] Cleaned up temporary file: E:\Srinivas\PDF\PDF\uploads\documents-1788150193236-134510882.pdf
[2026-08-31T04:23:22.924Z] [INFO] Saved extraction record to Supabase with ID 873 (candidate_id: C1851) for: resume_088_Karan_Mehta.pdf
[2026-08-31T04:23:22.930Z] [INFO] Cleaned up temporary file: E:\Srinivas\PDF\PDF\uploads\documents-1788150193237-495304627.pdf
[2026-08-31T04:23:22.936Z] [INFO] Saved extraction record to Supabase with ID 876 (candidate_id: C1849) for: resume_059_Nikhil_Nair.pdf
[2026-08-31T04:23:22.939Z] [INFO] Cleaned up temporary file: E:\Srinivas\PDF\PDF\uploads\documents-1788150193236-44767412.pdf
[2026-08-31T04:23:22.945Z] [INFO] Saved extraction record to Supabase with ID 874 (candidate_id: C1850) for: resume_060_Kavya_Patel.pdf
[2026-08-31T04:23:22.952Z] [INFO] Cleaned up temporary file: E:\Srinivas\PDF\PDF\uploads\documents-1788150193237-182684150.pdf
[2026-08-31T04:23:22.955Z] [INFO] Saved extraction record to Supabase with ID 875 (candidate_id: C1843) for: resume_053_Kavya_Reddy.pdf
[2026-08-31T04:23:22.956Z] [INFO] Cleaned up temporary file: E:\Srinivas\PDF\PDF\uploads\documents-1788150193234-137508112.pdf
[2026-08-31T04:23:22.990Z] [INFO] Saved extraction record to Supabase with ID 878 (candidate_id: C1865) for: resume_102_Ananya_Kulkarni.pdf
[2026-08-31T04:23:22.994Z] [INFO] Cleaned up temporary file: E:\Srinivas\PDF\PDF\uploads\documents-1788150193385-317166603.pdf
[2026-08-31T04:23:22.998Z] [INFO] Saved extraction record to Supabase with ID 877 (candidate_id: C1863) for: resume_100_Kavya_Sharma.pdf
[2026-08-31T04:23:23.002Z] [INFO] Cleaned up temporary file: E:\Srinivas\PDF\PDF\uploads\documents-1788150193243-728468463.pdf
[2026-08-31T04:23:23.004Z] [INFO] Saved extraction record to Supabase with ID 879 (candidate_id: C1866) for: resume_103_Aditya_Nair.pdf
[2026-08-31T04:23:23.006Z] [INFO] Cleaned up temporary file: E:\Srinivas\PDF\PDF\uploads\documents-1788150193385-960043670.pdf
[2026-08-31T04:23:23.048Z] [INFO] Saved extraction record to Supabase with ID 880 (candidate_id: C1867) for: resume_104_Arjun_Mishra.pdf
[2026-08-31T04:23:23.050Z] [INFO] Cleaned up temporary file: E:\Srinivas\PDF\PDF\uploads\documents-1788150193385-660373694.pdf
[2026-08-31T04:23:23.052Z] [INFO] Saved extraction record to Supabase with ID 881 (candidate_id: C1869) for: resume_106_Arjun_Deshmukh.pdf
[2026-08-31T04:23:23.053Z] [INFO] Cleaned up temporary file: E:\Srinivas\PDF\PDF\uploads\documents-1788150193386-549603875.pdf
[2026-08-31T04:23:23.057Z] [INFO] Saved extraction record to Supabase with ID 882 (candidate_id: C1870) for: resume_107_Neha_Kulkarni.pdf
[2026-08-31T04:23:23.061Z] [INFO] Cleaned up temporary file: E:\Srinivas\PDF\PDF\uploads\documents-1788150193386-704183509.pdf
[2026-08-31T04:23:23.078Z] [INFO] Saved extraction record to Supabase with ID 883 (candidate_id: C1871) for: resume_108_Kavya_Shah.pdf
[2026-08-31T04:23:23.087Z] [INFO] Saved extraction record to Supabase with ID 884 (candidate_id: C1873) for: resume_110_Neha_Mishra.pdf
[2026-08-31T04:23:23.084Z] [INFO] Cleaned up temporary file: E:\Srinivas\PDF\PDF\uploads\documents-1788150193386-470434696.pdf
[2026-08-31T04:23:23.088Z] [INFO] Cleaned up temporary file: E:\Srinivas\PDF\PDF\uploads\documents-1788150193418-554392537.pdf
[2026-08-31T04:23:23.105Z] [INFO] Saved extraction record to Supabase with ID 886 (candidate_id: C1847) for: resume_057_Aarav_Nair.pdf
[2026-08-31T04:23:23.107Z] [INFO] Cleaned up temporary file: E:\Srinivas\PDF\PDF\uploads\documents-1788150193236-825474777.pdf
[2026-08-31T04:23:23.102Z] [INFO] Cleaned up temporary file: E:\Srinivas\PDF\PDF\uploads\documents-1788150193418-627965981.pdf
[2026-08-31T04:23:23.123Z] [INFO] Saved extraction record to Supabase with ID 887 (candidate_id: C1875) for: resume_112_Neha_Verma.pdf
[2026-08-31T04:23:23.134Z] [INFO] Saved extraction record to Supabase with ID 889 (candidate_id: C1878) for: resume_115_Ananya_Nair.pdf
[2026-08-31T04:23:23.101Z] [INFO] Saved extraction record to Supabase with ID 885 (candidate_id: C1874) for: resume_111_Ananya_Mishra.pdf
[2026-08-31T04:23:23.124Z] [INFO] Cleaned up temporary file: E:\Srinivas\PDF\PDF\uploads\documents-1788150193418-177904129.pdf
[2026-08-31T04:23:23.136Z] [INFO] Cleaned up temporary file: E:\Srinivas\PDF\PDF\uploads\documents-1788150193472-991847470.pdf
[2026-08-31T04:23:23.140Z] [INFO] Cleaned up temporary file: E:\Srinivas\PDF\PDF\uploads\documents-1788150193418-563979997.pdf
[2026-08-31T04:23:23.139Z] [INFO] Saved extraction record to Supabase with ID 888 (candidate_id: C1876) for: resume_113_Aditya_Reddy.pdf
[2026-08-31T04:23:23.181Z] [INFO] Saved extraction record to Supabase with ID 890 (candidate_id: C1879) for: resume_116_Priya_Nair.pdf
[2026-08-31T04:23:23.183Z] [INFO] Cleaned up temporary file: E:\Srinivas\PDF\PDF\uploads\documents-1788150193472-980830287.pdf
[2026-08-31T04:23:23.186Z] [INFO] Saved extraction record to Supabase with ID 891 (candidate_id: C1882) for: resume_119_Meera_Shah.pdf
[2026-08-31T04:23:23.187Z] [INFO] Cleaned up temporary file: E:\Srinivas\PDF\PDF\uploads\documents-1788150193475-825644623.pdf
[2026-08-31T04:23:23.190Z] [INFO] Saved extraction record to Supabase with ID 892 (candidate_id: C1883) for: resume_120_Aditya_Kulkarni.pdf
[2026-08-31T04:23:23.199Z] [INFO] Cleaned up temporary file: E:\Srinivas\PDF\PDF\uploads\documents-1788150193476-328710289.pdf
[2026-08-31T04:23:23.207Z] [INFO] Saved extraction record to Supabase with ID 893 (candidate_id: C1881) for: resume_118_Karan_Deshmukh.pdf
[2026-08-31T04:23:23.212Z] [INFO] Cleaned up temporary file: E:\Srinivas\PDF\PDF\uploads\documents-1788150193474-272305756.pdf
[2026-08-31T04:23:23.219Z] [INFO] Saved extraction record to Supabase with ID 894 (candidate_id: C1840) for: resume_050_Arjun_Shah.pdf
[2026-08-31T04:23:23.221Z] [INFO] Cleaned up temporary file: E:\Srinivas\PDF\PDF\uploads\documents-1788150193233-372038314.pdf
[2026-08-31T04:23:23.232Z] [INFO] Saved extraction record to Supabase with ID 895 (candidate_id: C1844) for: resume_054_Isha_Sharma.pdf
[2026-08-31T04:23:23.234Z] [INFO] Cleaned up temporary file: E:\Srinivas\PDF\PDF\uploads\documents-1788150193234-547985933.pdf
[2026-08-31T04:23:23.237Z] [INFO] Saved extraction record to Supabase with ID 896 (candidate_id: C1848) for: resume_058_Vikram_Mishra.pdf
[2026-08-31T04:23:23.239Z] [INFO] Cleaned up temporary file: E:\Srinivas\PDF\PDF\uploads\documents-1788150193236-613245061.pdf
[2026-08-31T04:23:23.247Z] [INFO] Saved extraction record to Supabase with ID 897 (candidate_id: C1852) for: resume_089_Aarav_Kumar.pdf
[2026-08-31T04:23:23.252Z] [INFO] Cleaned up temporary file: E:\Srinivas\PDF\PDF\uploads\documents-1788150193237-448502318.pdf
[2026-08-31T04:23:23.258Z] [INFO] Saved extraction record to Supabase with ID 898 (candidate_id: C1855) for: resume_092_Ananya_Gupta.pdf
[2026-08-31T04:23:23.268Z] [INFO] Cleaned up temporary file: E:\Srinivas\PDF\PDF\uploads\documents-1788150193240-770664889.pdf
[2026-08-31T04:23:23.274Z] [INFO] Saved extraction record to Supabase with ID 899 (candidate_id: C1861) for: resume_098_Kavya_Kulkarni.pdf
[2026-08-31T04:23:23.282Z] [INFO] Cleaned up temporary file: E:\Srinivas\PDF\PDF\uploads\documents-1788150193242-199740255.pdf
[2026-08-31T04:23:23.326Z] [INFO] Saved extraction record to Supabase with ID 900 (candidate_id: C1864) for: resume_101_Neha_Deshmukh.pdf
[2026-08-31T04:23:23.328Z] [INFO] Cleaned up temporary file: E:\Srinivas\PDF\PDF\uploads\documents-1788150193384-651618476.pdf
[2026-08-31T04:23:23.329Z] [INFO] Saved extraction record to Supabase with ID 901 (candidate_id: C1868) for: resume_105_Karan_Mishra.pdf
[2026-08-31T04:23:23.333Z] [INFO] Cleaned up temporary file: E:\Srinivas\PDF\PDF\uploads\documents-1788150193386-326972969.pdf
[2026-08-31T04:23:23.338Z] [INFO] Saved extraction record to Supabase with ID 902 (candidate_id: C1872) for: resume_109_Rohan_Joshi.pdf
[2026-08-31T04:23:23.345Z] [INFO] Cleaned up temporary file: E:\Srinivas\PDF\PDF\uploads\documents-1788150193417-369027206.pdf
[2026-08-31T04:23:23.352Z] [INFO] Saved extraction record to Supabase with ID 903 (candidate_id: C1877) for: resume_114_Aarav_Verma.pdf
[2026-08-31T04:23:23.354Z] [INFO] Cleaned up temporary file: E:\Srinivas\PDF\PDF\uploads\documents-1788150193471-803388648.pdf
[2026-08-31T04:23:23.370Z] [INFO] Cleaned up temporary file: E:\Srinivas\PDF\PDF\uploads\documents-1788150193473-511969510.pdf
[2026-08-31T04:23:23.364Z] [INFO] Saved extraction record to Supabase with ID 904 (candidate_id: C1880) for: resume_117_Isha_Nair.pdf
[2026-08-31T04:25:27.901Z] [INFO] Sending 45 document(s) to webhook as a single payload...
[2026-08-31T04:25:27.920Z] [INFO] Sending payload to webhook: https://sakshi654.app.n8n.cloud/webhook-test/e601a6d1-9dbf-4b9d-b2bb-69c6dec0bd45 (Attempt 1/3)
[2026-08-31T04:25:29.177Z] [INFO] Webhook successfully delivered on attempt 1. Status: 200
[2026-08-31T04:35:11.859Z] [INFO] Sending 45 document(s) to webhook as a single payload...
[2026-08-31T04:35:11.860Z] [INFO] Sending payload to webhook: https://sakshi654.app.n8n.cloud/webhook-test/e601a6d1-9dbf-4b9d-b2bb-69c6dec0bd45 (Attempt 1/3)
[2026-08-31T04:35:12.896Z] [INFO] Webhook successfully delivered on attempt 1. Status: 200
[2026-09-02T03:49:39.475Z] [INFO] Performing magic-number verification for: resume_021_Aditya_Reddy.pdf
[2026-09-02T03:49:39.477Z] [INFO] Performing magic-number verification for: resume_022_Neha_Mishra.pdf
[2026-09-02T03:49:39.478Z] [INFO] Performing magic-number verification for: resume_023_Sneha_Joshi.pdf
[2026-09-02T03:49:39.479Z] [INFO] Performing magic-number verification for: resume_025_Vikram_Sharma.pdf
[2026-09-02T03:49:39.480Z] [INFO] Performing magic-number verification for: resume_026_Priya_Gupta.pdf
[2026-09-02T03:49:39.480Z] [INFO] Performing magic-number verification for: resume_027_Priya_Deshmukh.pdf
[2026-09-02T03:49:39.481Z] [INFO] Performing magic-number verification for: resume_028_Neha_Kumar.pdf
[2026-09-02T03:49:39.482Z] [INFO] Performing magic-number verification for: resume_029_Rahul_Gupta.pdf
[2026-09-02T03:49:39.489Z] [INFO] Performing magic-number verification for: resume_030_Kavya_Deshmukh.pdf
[2026-09-02T03:49:39.493Z] [INFO] Performing magic-number verification for: resume_031_Arjun_Patel.pdf
[2026-09-02T03:49:39.497Z] [INFO] Performing magic-number verification for: resume_032_Arjun_Gupta.pdf
[2026-09-02T03:49:39.500Z] [INFO] Performing magic-number verification for: resume_033_Arjun_Verma.pdf
[2026-09-02T03:49:39.509Z] [INFO] Performing magic-number verification for: resume_034_Priya_Mishra.pdf
[2026-09-02T03:49:39.511Z] [INFO] Performing magic-number verification for: resume_035_Pooja_Mehta.pdf
[2026-09-02T03:49:39.514Z] [INFO] Performing magic-number verification for: resume_037_Sneha_Reddy.pdf
[2026-09-02T03:49:39.515Z] [INFO] Performing magic-number verification for: resume_038_Neha_Sharma.pdf
[2026-09-02T03:49:39.517Z] [INFO] Performing magic-number verification for: resume_039_Aarav_Patel.pdf
[2026-09-02T03:49:39.518Z] [INFO] Performing magic-number verification for: resume_040_Meera_Deshmukh.pdf
[2026-09-02T03:49:39.520Z] [INFO] Performing magic-number verification for: resume_041_Pooja_Joshi.pdf
[2026-09-02T03:49:39.522Z] [INFO] Performing magic-number verification for: resume_042_Meera_Singh.pdf
[2026-09-02T03:49:39.524Z] [INFO] Performing magic-number verification for: resume_043_Kavya_Joshi.pdf
[2026-09-02T03:49:39.539Z] [INFO] Performing magic-number verification for: resume_044_Nikhil_Shah.pdf
[2026-09-02T03:49:39.542Z] [INFO] Performing magic-number verification for: resume_045_Rahul_Mishra.pdf
[2026-09-02T03:49:39.512Z] [INFO] Performing magic-number verification for: resume_036_Sneha_Reddy.pdf
[2026-09-02T03:49:39.479Z] [INFO] Performing magic-number verification for: resume_024_Arjun_Reddy.pdf
[2026-09-02T03:49:39.772Z] [INFO] Magic-number check passed for resume_021_Aditya_Reddy.pdf. Detected: pdf
[2026-09-02T03:49:40.677Z] [WARN] qpdf repair skipped for E:\Srinivas\PDF\PDF\uploads\documents-1788320977108-628661889.pdf: spawnSync qpdf ENOENT
[2026-09-02T03:49:39.846Z] [INFO] Starting text extraction for type: pdf
[2026-09-02T03:49:41.416Z] [INFO] Extraction complete: 1088 characters, 1 pages, email: aditya.reddy21@example.com
[2026-09-02T03:49:41.419Z] [INFO] Magic-number check passed for resume_022_Neha_Mishra.pdf. Detected: pdf
[2026-09-02T03:49:41.422Z] [INFO] Starting text extraction for type: pdf
[2026-09-02T03:49:41.435Z] [WARN] qpdf repair skipped for E:\Srinivas\PDF\PDF\uploads\documents-1788320977200-316595274.pdf: spawnSync qpdf ENOENT
[2026-09-02T03:49:41.497Z] [WARN] pdf-parse failed for E:\Srinivas\PDF\PDF\uploads\documents-1788320977200-316595274.pdf (bad XRef entry). Falling back to pdfjs-dist...
[2026-09-02T03:49:42.062Z] [INFO] Magic-number check passed for resume_023_Sneha_Joshi.pdf. Detected: pdf
[2026-09-02T03:49:42.063Z] [INFO] Starting text extraction for type: pdf
[2026-09-02T03:49:42.075Z] [WARN] qpdf repair skipped for E:\Srinivas\PDF\PDF\uploads\documents-1788320977200-334182458.pdf: spawnSync qpdf ENOENT
[2026-09-02T03:49:42.137Z] [INFO] Extraction complete: 1047 characters, 1 pages, email: sneha.joshi23@example.com
[2026-09-02T03:49:42.138Z] [INFO] Magic-number check passed for resume_024_Arjun_Reddy.pdf. Detected: pdf
[2026-09-02T03:49:42.140Z] [INFO] Starting text extraction for type: pdf
[2026-09-02T03:49:42.150Z] [WARN] qpdf repair skipped for E:\Srinivas\PDF\PDF\uploads\documents-1788320977200-399562047.pdf: spawnSync qpdf ENOENT
[2026-09-02T03:49:42.280Z] [INFO] Extraction complete: 1051 characters, 1 pages, email: arjun.reddy24@example.com
[2026-09-02T03:49:42.285Z] [INFO] Magic-number check passed for resume_025_Vikram_Sharma.pdf. Detected: pdf
[2026-09-02T03:49:42.288Z] [INFO] Starting text extraction for type: pdf
[2026-09-02T03:49:42.297Z] [WARN] qpdf repair skipped for E:\Srinivas\PDF\PDF\uploads\documents-1788320977201-966587993.pdf: spawnSync qpdf ENOENT
[2026-09-02T03:49:42.331Z] [INFO] Extraction complete: 1051 characters, 1 pages, email: arjun.reddy24@example.com
[2026-09-02T03:49:42.333Z] [INFO] Magic-number check passed for resume_027_Priya_Deshmukh.pdf. Detected: pdf
[2026-09-02T03:49:42.340Z] [INFO] Starting text extraction for type: pdf
[2026-09-02T03:49:42.353Z] [WARN] qpdf repair skipped for E:\Srinivas\PDF\PDF\uploads\documents-1788320977201-171695401.pdf: spawnSync qpdf ENOENT
[2026-09-02T03:49:42.360Z] [WARN] pdf-parse failed for E:\Srinivas\PDF\PDF\uploads\documents-1788320977201-171695401.pdf (bad XRef entry). Falling back to pdfjs-dist...
[2026-09-02T03:49:42.366Z] [INFO] Magic-number check passed for resume_028_Neha_Kumar.pdf. Detected: pdf
[2026-09-02T03:49:42.366Z] [INFO] Starting text extraction for type: pdf
[2026-09-02T03:49:42.378Z] [WARN] qpdf repair skipped for E:\Srinivas\PDF\PDF\uploads\documents-1788320977201-984213162.pdf: spawnSync qpdf ENOENT
[2026-09-02T03:49:42.425Z] [INFO] Extraction complete: 1041 characters, 1 pages, email: neha.kumar28@example.com
[2026-09-02T03:49:42.443Z] [INFO] Magic-number check passed for resume_029_Rahul_Gupta.pdf. Detected: pdf
[2026-09-02T03:49:42.446Z] [INFO] Starting text extraction for type: pdf
[2026-09-02T03:49:42.458Z] [WARN] qpdf repair skipped for E:\Srinivas\PDF\PDF\uploads\documents-1788320977202-945474044.pdf: spawnSync qpdf ENOENT
[2026-09-02T03:49:42.510Z] [INFO] Extraction complete: 1089 characters, 1 pages, email: rahul.gupta29@example.com
[2026-09-02T03:49:42.513Z] [INFO] Magic-number check passed for resume_030_Kavya_Deshmukh.pdf. Detected: pdf
[2026-09-02T03:49:42.514Z] [INFO] Starting text extraction for type: pdf
[2026-09-02T03:49:42.532Z] [WARN] qpdf repair skipped for E:\Srinivas\PDF\PDF\uploads\documents-1788320977202-281073964.pdf: spawnSync qpdf ENOENT
[2026-09-02T03:49:42.566Z] [INFO] Extraction complete: 1089 characters, 1 pages, email: rahul.gupta29@example.com
[2026-09-02T03:49:42.568Z] [INFO] Magic-number check passed for resume_031_Arjun_Patel.pdf. Detected: pdf
[2026-09-02T03:49:42.573Z] [INFO] Starting text extraction for type: pdf
[2026-09-02T03:49:42.583Z] [WARN] qpdf repair skipped for E:\Srinivas\PDF\PDF\uploads\documents-1788320977202-19802226.pdf: spawnSync qpdf ENOENT
[2026-09-02T03:49:42.592Z] [WARN] pdf-parse failed for E:\Srinivas\PDF\PDF\uploads\documents-1788320977202-19802226.pdf (bad XRef entry). Falling back to pdfjs-dist...
[2026-09-02T03:49:42.598Z] [INFO] Magic-number check passed for resume_026_Priya_Gupta.pdf. Detected: pdf
[2026-09-02T03:49:42.599Z] [INFO] Starting text extraction for type: pdf
[2026-09-02T03:49:42.613Z] [WARN] qpdf repair skipped for E:\Srinivas\PDF\PDF\uploads\documents-1788320977201-714503307.pdf: spawnSync qpdf ENOENT
[2026-09-02T03:49:42.641Z] [INFO] Extraction complete: 1082 characters, 1 pages, email: priya.gupta26@example.com
[2026-09-02T03:49:42.642Z] [INFO] Magic-number check passed for resume_032_Arjun_Gupta.pdf. Detected: pdf
[2026-09-02T03:49:42.643Z] [INFO] Starting text extraction for type: pdf
[2026-09-02T03:49:42.655Z] [WARN] qpdf repair skipped for E:\Srinivas\PDF\PDF\uploads\documents-1788320977202-623062480.pdf: spawnSync qpdf ENOENT
[2026-09-02T03:49:42.675Z] [INFO] Extraction complete: 1044 characters, 1 pages, email: arjun.gupta32@example.com
[2026-09-02T03:49:42.677Z] [INFO] Magic-number check passed for resume_033_Arjun_Verma.pdf. Detected: pdf
[2026-09-02T03:49:42.677Z] [INFO] Starting text extraction for type: pdf
[2026-09-02T03:49:42.690Z] [WARN] qpdf repair skipped for E:\Srinivas\PDF\PDF\uploads\documents-1788320977202-352061242.pdf: spawnSync qpdf ENOENT
[2026-09-02T03:49:42.712Z] [INFO] Extraction complete: 1044 characters, 1 pages, email: arjun.gupta32@example.com
[2026-09-02T03:49:42.716Z] [INFO] Magic-number check passed for resume_035_Pooja_Mehta.pdf. Detected: pdf
[2026-09-02T03:49:42.717Z] [INFO] Starting text extraction for type: pdf
[2026-09-02T03:49:42.727Z] [WARN] qpdf repair skipped for E:\Srinivas\PDF\PDF\uploads\documents-1788320977202-105580598.pdf: spawnSync qpdf ENOENT
[2026-09-02T03:49:42.729Z] [WARN] pdf-parse failed for E:\Srinivas\PDF\PDF\uploads\documents-1788320977202-105580598.pdf (bad XRef entry). Falling back to pdfjs-dist...
[2026-09-02T03:49:42.734Z] [INFO] Magic-number check passed for resume_034_Priya_Mishra.pdf. Detected: pdf
[2026-09-02T03:49:42.738Z] [INFO] Starting text extraction for type: pdf
[2026-09-02T03:49:42.748Z] [WARN] qpdf repair skipped for E:\Srinivas\PDF\PDF\uploads\documents-1788320977202-493862001.pdf: spawnSync qpdf ENOENT
[2026-09-02T03:49:43.150Z] [INFO] Extraction complete: 1070 characters, 1 pages, email: priya.mishra34@example.com
[2026-09-02T03:49:43.155Z] [INFO] Magic-number check passed for resume_036_Sneha_Reddy.pdf. Detected: pdf
[2026-09-02T03:49:43.160Z] [INFO] Starting text extraction for type: pdf
[2026-09-02T03:49:43.174Z] [WARN] qpdf repair skipped for E:\Srinivas\PDF\PDF\uploads\documents-1788320977203-54382254.pdf: spawnSync qpdf ENOENT
[2026-09-02T03:49:43.194Z] [INFO] Extraction complete: 1056 characters, 1 pages, email: sneha.reddy36@example.com
[2026-09-02T03:49:43.196Z] [INFO] Magic-number check passed for resume_037_Sneha_Reddy.pdf. Detected: pdf
[2026-09-02T03:49:43.197Z] [INFO] Starting text extraction for type: pdf
[2026-09-02T03:49:43.207Z] [WARN] qpdf repair skipped for E:\Srinivas\PDF\PDF\uploads\documents-1788320977241-673192588.pdf: spawnSync qpdf ENOENT
[2026-09-02T03:49:43.650Z] [INFO] Extraction complete: 1056 characters, 1 pages, email: sneha.reddy36@example.com
[2026-09-02T03:49:43.652Z] [INFO] Magic-number check passed for resume_038_Neha_Sharma.pdf. Detected: pdf
[2026-09-02T03:49:43.655Z] [INFO] Starting text extraction for type: pdf
[2026-09-02T03:49:43.665Z] [WARN] qpdf repair skipped for E:\Srinivas\PDF\PDF\uploads\documents-1788320977241-309134833.pdf: spawnSync qpdf ENOENT
[2026-09-02T03:49:43.672Z] [WARN] pdf-parse failed for E:\Srinivas\PDF\PDF\uploads\documents-1788320977241-309134833.pdf (bad XRef entry). Falling back to pdfjs-dist...
[2026-09-02T03:49:43.680Z] [INFO] Magic-number check passed for resume_039_Aarav_Patel.pdf. Detected: pdf
[2026-09-02T03:49:43.832Z] [WARN] qpdf repair skipped for E:\Srinivas\PDF\PDF\uploads\documents-1788320977241-40314306.pdf: spawnSync qpdf ENOENT
[2026-09-02T03:49:43.864Z] [INFO] Extraction complete: 1050 characters, 1 pages, email: aarav.patel39@example.com
[2026-09-02T03:49:43.681Z] [INFO] Starting text extraction for type: pdf
[2026-09-02T03:49:43.865Z] [INFO] Magic-number check passed for resume_040_Meera_Deshmukh.pdf. Detected: pdf
[2026-09-02T03:49:43.877Z] [WARN] qpdf repair skipped for E:\Srinivas\PDF\PDF\uploads\documents-1788320977242-16073496.pdf: spawnSync qpdf ENOENT
[2026-09-02T03:49:43.866Z] [INFO] Starting text extraction for type: pdf
[2026-09-02T03:49:43.937Z] [INFO] Extraction complete: 1066 characters, 1 pages, email: meera.deshmukh40@example.com
[2026-09-02T03:49:43.939Z] [INFO] Magic-number check passed for resume_042_Meera_Singh.pdf. Detected: pdf
[2026-09-02T03:49:43.941Z] [INFO] Starting text extraction for type: pdf
[2026-09-02T03:49:44.045Z] [WARN] qpdf repair skipped for E:\Srinivas\PDF\PDF\uploads\documents-1788320977242-359329412.pdf: spawnSync qpdf ENOENT
[2026-09-02T03:49:44.133Z] [INFO] Magic-number check passed for resume_041_Pooja_Joshi.pdf. Detected: pdf
[2026-09-02T03:49:44.132Z] [INFO] Extraction complete: 1066 characters, 1 pages, email: meera.deshmukh40@example.com
[2026-09-02T03:49:44.134Z] [INFO] Starting text extraction for type: pdf
[2026-09-02T03:49:44.143Z] [WARN] qpdf repair skipped for E:\Srinivas\PDF\PDF\uploads\documents-1788320977242-795401904.pdf: spawnSync qpdf ENOENT
[2026-09-02T03:49:44.152Z] [WARN] pdf-parse failed for E:\Srinivas\PDF\PDF\uploads\documents-1788320977242-795401904.pdf (bad XRef entry). Falling back to pdfjs-dist...
[2026-09-02T03:49:44.179Z] [WARN] qpdf repair skipped for E:\Srinivas\PDF\PDF\uploads\documents-1788320977242-377061241.pdf: spawnSync qpdf ENOENT
[2026-09-02T03:49:44.172Z] [INFO] Starting text extraction for type: pdf
[2026-09-02T03:49:44.165Z] [INFO] Magic-number check passed for resume_043_Kavya_Joshi.pdf. Detected: pdf
[2026-09-02T03:49:44.201Z] [INFO] Extraction complete: 1050 characters, 1 pages, email: kavya.joshi43@example.com
[2026-09-02T03:49:44.206Z] [INFO] Magic-number check passed for resume_044_Nikhil_Shah.pdf. Detected: pdf
[2026-09-02T03:49:44.213Z] [INFO] Starting text extraction for type: pdf
[2026-09-02T03:49:44.234Z] [WARN] qpdf repair skipped for E:\Srinivas\PDF\PDF\uploads\documents-1788320977243-42486929.pdf: spawnSync qpdf ENOENT
[2026-09-02T03:49:44.290Z] [INFO] Extraction complete: 1095 characters, 1 pages, email: nikhil.shah44@example.com
[2026-09-02T03:49:44.292Z] [INFO] Magic-number check passed for resume_045_Rahul_Mishra.pdf. Detected: pdf
[2026-09-02T03:49:44.294Z] [INFO] Starting text extraction for type: pdf
[2026-09-02T03:49:44.309Z] [WARN] qpdf repair skipped for E:\Srinivas\PDF\PDF\uploads\documents-1788320977244-736684899.pdf: spawnSync qpdf ENOENT
[2026-09-02T03:49:44.367Z] [INFO] Extraction complete: 1095 characters, 1 pages, email: nikhil.shah44@example.com
[2026-09-02T03:49:44.814Z] [INFO] Saved extraction record to Supabase with ID 905 (candidate_id: C1884) for: resume_021_Aditya_Reddy.pdf
[2026-09-02T03:49:44.827Z] [INFO] Cleaned up temporary file: E:\Srinivas\PDF\PDF\uploads\documents-1788320977108-628661889.pdf
[2026-09-02T03:49:45.248Z] [INFO] Extraction complete: 1081 characters, 1 pages, email: neha.mishra22@example.com
[2026-09-02T03:49:45.282Z] [INFO] Extraction complete: 1107 characters, 1 pages, email: priya.deshmukh27@example.com
[2026-09-02T03:49:45.326Z] [INFO] Extraction complete: 1076 characters, 1 pages, email: arjun.patel31@example.com
[2026-09-02T03:49:45.367Z] [INFO] Extraction complete: 1072 characters, 1 pages, email: pooja.mehta35@example.com
[2026-09-02T03:49:45.398Z] [INFO] Extraction complete: 1085 characters, 1 pages, email: neha.sharma38@example.com
[2026-09-02T03:49:45.423Z] [INFO] Extraction complete: 1076 characters, 1 pages, email: pooja.joshi41@example.com
[2026-09-02T03:49:45.428Z] [INFO] Saved extraction record to Supabase with ID 906 (candidate_id: C1897) for: resume_034_Priya_Mishra.pdf
[2026-09-02T03:49:45.429Z] [INFO] Cleaned up temporary file: E:\Srinivas\PDF\PDF\uploads\documents-1788320977202-493862001.pdf
[2026-09-02T03:49:45.565Z] [INFO] Saved extraction record to Supabase with ID 907 (candidate_id: C1899) for: resume_036_Sneha_Reddy.pdf
[2026-09-02T03:49:45.569Z] [INFO] Cleaned up temporary file: E:\Srinivas\PDF\PDF\uploads\documents-1788320977203-54382254.pdf
[2026-09-02T03:49:45.701Z] [INFO] Saved extraction record to Supabase with ID 908 (candidate_id: C1900) for: resume_037_Sneha_Reddy.pdf
[2026-09-02T03:49:45.704Z] [INFO] Cleaned up temporary file: E:\Srinivas\PDF\PDF\uploads\documents-1788320977241-673192588.pdf
[2026-09-02T03:49:45.835Z] [INFO] Saved extraction record to Supabase with ID 909 (candidate_id: C1902) for: resume_039_Aarav_Patel.pdf
[2026-09-02T03:49:45.837Z] [INFO] Cleaned up temporary file: E:\Srinivas\PDF\PDF\uploads\documents-1788320977241-40314306.pdf
[2026-09-02T03:49:45.973Z] [INFO] Saved extraction record to Supabase with ID 910 (candidate_id: C1903) for: resume_040_Meera_Deshmukh.pdf
[2026-09-02T03:49:45.979Z] [INFO] Cleaned up temporary file: E:\Srinivas\PDF\PDF\uploads\documents-1788320977242-16073496.pdf
[2026-09-02T03:49:46.110Z] [INFO] Cleaned up temporary file: E:\Srinivas\PDF\PDF\uploads\documents-1788320977242-359329412.pdf
[2026-09-02T03:49:46.108Z] [INFO] Saved extraction record to Supabase with ID 911 (candidate_id: C1905) for: resume_042_Meera_Singh.pdf
[2026-09-02T03:49:46.217Z] [INFO] Saved extraction record to Supabase with ID 912 (candidate_id: C1891) for: resume_028_Neha_Kumar.pdf
[2026-09-02T03:49:46.218Z] [INFO] Cleaned up temporary file: E:\Srinivas\PDF\PDF\uploads\documents-1788320977201-984213162.pdf
[2026-09-02T03:49:46.252Z] [INFO] Saved extraction record to Supabase with ID 913 (candidate_id: C1906) for: resume_043_Kavya_Joshi.pdf
[2026-09-02T03:49:46.254Z] [INFO] Cleaned up temporary file: E:\Srinivas\PDF\PDF\uploads\documents-1788320977242-377061241.pdf
[2026-09-02T03:49:46.258Z] [INFO] Saved extraction record to Supabase with ID 914 (candidate_id: C1896) for: resume_033_Arjun_Verma.pdf
[2026-09-02T03:49:46.261Z] [INFO] Cleaned up temporary file: E:\Srinivas\PDF\PDF\uploads\documents-1788320977202-352061242.pdf
[2026-09-02T03:49:46.264Z] [INFO] Saved extraction record to Supabase with ID 915 (candidate_id: C1895) for: resume_032_Arjun_Gupta.pdf
[2026-09-02T03:49:46.266Z] [INFO] Cleaned up temporary file: E:\Srinivas\PDF\PDF\uploads\documents-1788320977202-623062480.pdf
[2026-09-02T03:49:46.274Z] [INFO] Saved extraction record to Supabase with ID 916 (candidate_id: C1893) for: resume_030_Kavya_Deshmukh.pdf
[2026-09-02T03:49:46.277Z] [INFO] Cleaned up temporary file: E:\Srinivas\PDF\PDF\uploads\documents-1788320977202-281073964.pdf
[2026-09-02T03:49:46.282Z] [INFO] Saved extraction record to Supabase with ID 917 (candidate_id: C1889) for: resume_026_Priya_Gupta.pdf
[2026-09-02T03:49:46.293Z] [INFO] Cleaned up temporary file: E:\Srinivas\PDF\PDF\uploads\documents-1788320977201-714503307.pdf
[2026-09-02T03:49:46.295Z] [INFO] Saved extraction record to Supabase with ID 918 (candidate_id: C1892) for: resume_029_Rahul_Gupta.pdf
[2026-09-02T03:49:46.298Z] [INFO] Cleaned up temporary file: E:\Srinivas\PDF\PDF\uploads\documents-1788320977202-945474044.pdf
[2026-09-02T03:49:46.322Z] [INFO] Saved extraction record to Supabase with ID 919 (candidate_id: C1887) for: resume_024_Arjun_Reddy.pdf
[2026-09-02T03:49:46.325Z] [INFO] Cleaned up temporary file: E:\Srinivas\PDF\PDF\uploads\documents-1788320977200-399562047.pdf
[2026-09-02T03:49:46.326Z] [INFO] Saved extraction record to Supabase with ID 920 (candidate_id: C1886) for: resume_023_Sneha_Joshi.pdf
[2026-09-02T03:49:46.331Z] [INFO] Cleaned up temporary file: E:\Srinivas\PDF\PDF\uploads\documents-1788320977200-334182458.pdf
[2026-09-02T03:49:46.333Z] [INFO] Saved extraction record to Supabase with ID 921 (candidate_id: C1888) for: resume_025_Vikram_Sharma.pdf
[2026-09-02T03:49:46.334Z] [INFO] Cleaned up temporary file: E:\Srinivas\PDF\PDF\uploads\documents-1788320977201-966587993.pdf
[2026-09-02T03:49:46.341Z] [INFO] Saved extraction record to Supabase with ID 922 (candidate_id: C1907) for: resume_044_Nikhil_Shah.pdf
[2026-09-02T03:49:46.342Z] [INFO] Cleaned up temporary file: E:\Srinivas\PDF\PDF\uploads\documents-1788320977243-42486929.pdf
[2026-09-02T03:49:46.383Z] [INFO] Saved extraction record to Supabase with ID 924 (candidate_id: C1885) for: resume_022_Neha_Mishra.pdf
[2026-09-02T03:49:46.386Z] [INFO] Cleaned up temporary file: E:\Srinivas\PDF\PDF\uploads\documents-1788320977200-316595274.pdf
[2026-09-02T03:49:46.391Z] [INFO] Saved extraction record to Supabase with ID 923 (candidate_id: C1908) for: resume_045_Rahul_Mishra.pdf
[2026-09-02T03:49:46.392Z] [INFO] Cleaned up temporary file: E:\Srinivas\PDF\PDF\uploads\documents-1788320977244-736684899.pdf
[2026-09-02T03:49:46.398Z] [INFO] Saved extraction record to Supabase with ID 925 (candidate_id: C1890) for: resume_027_Priya_Deshmukh.pdf
[2026-09-02T03:49:46.400Z] [INFO] Cleaned up temporary file: E:\Srinivas\PDF\PDF\uploads\documents-1788320977201-171695401.pdf
[2026-09-02T03:49:46.404Z] [INFO] Saved extraction record to Supabase with ID 926 (candidate_id: C1894) for: resume_031_Arjun_Patel.pdf
[2026-09-02T03:49:46.410Z] [INFO] Cleaned up temporary file: E:\Srinivas\PDF\PDF\uploads\documents-1788320977202-19802226.pdf
[2026-09-02T03:49:46.413Z] [INFO] Saved extraction record to Supabase with ID 927 (candidate_id: C1898) for: resume_035_Pooja_Mehta.pdf
[2026-09-02T03:49:46.414Z] [INFO] Cleaned up temporary file: E:\Srinivas\PDF\PDF\uploads\documents-1788320977202-105580598.pdf
[2026-09-02T03:49:46.422Z] [INFO] Saved extraction record to Supabase with ID 928 (candidate_id: C1901) for: resume_038_Neha_Sharma.pdf
[2026-09-02T03:49:46.424Z] [INFO] Cleaned up temporary file: E:\Srinivas\PDF\PDF\uploads\documents-1788320977241-309134833.pdf
[2026-09-02T03:49:46.448Z] [INFO] Saved extraction record to Supabase with ID 929 (candidate_id: C1904) for: resume_041_Pooja_Joshi.pdf
[2026-09-02T03:49:46.450Z] [INFO] Cleaned up temporary file: E:\Srinivas\PDF\PDF\uploads\documents-1788320977242-795401904.pdf
[2026-09-02T03:49:55.295Z] [INFO] Sending 25 document(s) to webhook as a single payload...
[2026-09-02T03:49:55.296Z] [INFO] Sending payload to webhook: https://sakshi654.app.n8n.cloud/webhook-test/e601a6d1-9dbf-4b9d-b2bb-69c6dec0bd45 (Attempt 1/3)
[2026-09-02T03:49:57.158Z] [INFO] Webhook successfully delivered on attempt 1. Status: 200
[2026-09-02T04:20:38.693Z] [INFO] Server is running in production mode on http://localhost:3000
[2026-09-02T04:20:38.704Z] [INFO] Running pdfjs-dist fallback self-test...
[2026-09-02T04:20:42.328Z] [INFO] ✅ pdfjs-dist fallback self-test passed successfully.
[2026-09-02T04:20:44.998Z] [INFO] Successfully connected to Supabase PostgreSQL database.
[2026-09-02T04:20:45.439Z] [INFO] Database extractions table initialized.
[2026-09-02T04:20:51.099Z] [INFO] Sending 25 document(s) to webhook as a single payload...
[2026-09-02T04:20:51.102Z] [INFO] Sending payload to webhook: https://sakshi90.app.n8n.cloud/webhook-test/e601a6d1-9dbf-4b9d-b2bb-69c6dec0bd45 (Attempt 1/3)
[2026-09-02T04:20:51.534Z] [INFO] Webhook successfully delivered on attempt 1. Status: 200
[2026-09-06T18:52:24.196Z] [INFO] Server is running in production mode on http://localhost:3000
[2026-09-06T18:52:24.197Z] [INFO] Running pdfjs-dist fallback self-test...
[2026-09-06T18:52:28.860Z] [INFO] ✅ pdfjs-dist fallback self-test passed successfully.
[2026-09-06T18:52:29.722Z] [INFO] Successfully connected to Supabase PostgreSQL database.
[2026-09-06T18:52:29.993Z] [INFO] Database extractions table initialized.
[2026-09-06T18:59:14.635Z] [INFO] Performing magic-number verification for: Dipali Chaudhari (4).pdf
[2026-09-06T18:59:14.639Z] [INFO] Performing magic-number verification for: Pooja_Khot_1Y_Resume.pdf
[2026-09-06T18:59:14.642Z] [INFO] Magic-number check passed for Dipali Chaudhari (4).pdf. Detected: pdf
[2026-09-06T18:59:14.642Z] [INFO] Starting text extraction for type: pdf
[2026-09-06T18:59:14.676Z] [WARN] qpdf repair skipped for E:\Srinivas\PDF\PDF\uploads\documents-1788721153234-878177067.pdf: spawnSync qpdf ENOENT
[2026-09-06T18:59:15.995Z] [INFO] Extraction complete: 2576 characters, 1 pages, email: chaudharidipali2003@gmail.com
[2026-09-06T18:59:16.003Z] [INFO] Magic-number check passed for Pooja_Khot_1Y_Resume.pdf. Detected: pdf
[2026-09-06T18:59:16.003Z] [INFO] Starting text extraction for type: pdf
[2026-09-06T18:59:16.006Z] [WARN] qpdf repair skipped for E:\Srinivas\PDF\PDF\uploads\documents-1788721153343-588021271.pdf: spawnSync qpdf ENOENT
[2026-09-06T18:59:16.062Z] [INFO] Extraction complete: 4273 characters, 1 pages, email: poojakhot7171@gmail.com
[2026-09-06T18:59:16.155Z] [INFO] Saved extraction record to Supabase with ID 930 (candidate_id: C1909) for: Dipali Chaudhari (4).pdf
[2026-09-06T18:59:16.156Z] [INFO] Cleaned up temporary file: E:\Srinivas\PDF\PDF\uploads\documents-1788721153234-878177067.pdf
[2026-09-06T18:59:17.013Z] [INFO] Saved extraction record to Supabase with ID 931 (candidate_id: C1910) for: Pooja_Khot_1Y_Resume.pdf
[2026-09-06T18:59:17.014Z] [INFO] Cleaned up temporary file: E:\Srinivas\PDF\PDF\uploads\documents-1788721153343-588021271.pdf
